Workbook

Sheet list of township
A1: List of Township
A2: 1 | B2: =Loikaw!A1 -> Kayah State, Loikaw District, Loikaw Township
A3: 2 | B3: =Dimawso!A1 -> Kayah State, Loikaw District, Dimawso Township
A4: 3 | B4: =' Phruso'!A1 -> Kayah State, Loikaw District, Phruso Township
A5: 4 | B5: =Shardaw!A1 -> Kayah State, Loikaw District, Shardaw Township
A6: 5 | B6: =' Bawlakhe'!A1 -> Kayah State, Bawlakhe District, Bawlakhe Township
A7: 6 | B7: =' Parsaung'!A1 -> Kayah State, Bawlakhe District, Parsaung Township
A8: 7 | B8: =Meisi!A1 -> Kayah State, Bawlakhe District, Meisi Township
A9: 8 | B9: ='Ywathit(Sub-Tsp)'!A1 -> Kayah State, Bawlakhe District, Ywathit (Sub- Township)

Sheet Loikaw
A1: Kayah State, Loikaw District, Loikaw Township
E2: 29-3-2014
A4: Sr | B4: Ward/ Village Tract | C4: Population
C5: Total | D5: Male | E5: Female
B6: Total | C6: 128401 | D6: 63109 | E6: 65292
B8: Ward | C8: =SUM(C9:C21) -> 51349 | D8: =SUM(D9:D21) -> 24732 | E8: =SUM(E9:E21) -> 26617
A9: 1 | B9: Naung Yar(Ka)(W) | C9: 9370 | D9: 4416 | E9: 4954
A10: 2 | B10: Naung Yar (Kha)(W) | C10: 1236 | D10: 524 | E10: 712
A11: 3 | B11: Daw Au Khu(W) | C11: 8653 | D11: 4350 | E11: 4303
A12: 4 | B12: Maing Lone(W) | C12: 5753 | D12: 2761 | E12: 2992
A13: 5 | B13: Min Ga Lar(W) | C13: 3447 | D13: 1698 | E13: 1749
A14: 6 | B14: Dhammar Yon(W) | C14: 952 | D14: 428 | E14: 524
A15: 7 | B15: Zay Paing(W) | C15: 804 | D15: 431 | E15: 373
A16: 8 | B16: Shwe Taung(W) | C16: 1353 | D16: 671 | E16: 682
A17: 9 | B17: Law Da Ma(W) | C17: 5738 | D17: 2805 | E17: 2933
A18: 10 | B18: Daw Tan Ma(W) | C18: 3961 | D18: 1852 | E18: 2109
A19: 11 | B19: Daw Noe Ku(W) | C19: 2820 | D19: 1312 | E19: 1508
A20: 12 | B20: Shan Su(W) | C20: 1307 | D20: 628 | E20: 679
A21: 13 | B21: Min Su(W) | C21: 5955 | D21: 2856 | E21: 3099
B23: Village Tract | C23: =SUM(C24:C35) -> 77052 | D23: =SUM(D24:D35) -> 38377 | E23: =SUM(E24:E35) -> 38675
A24: 1 | B24: Pan Kan(VT) | C24: 14354 | D24: 7149 | E24: 7205
A25: 2 | B25: Htee Se Kha(VT) | C25: 4498 | D25: 2219 | E25: 2279
A26: 3 | B26: Loylen Lay(VT) | C26: 8434 | D26: 4224 | E26: 4210
A27: 4 | B27: Noe Koe(VT) | C27: 2453 | D27: 1195 | E27: 1258
A28: 5 | B28: Kone Thar(VT) | C28: 6370 | D28: 3205 | E28: 3165
A29: 6 | B29: Daw Paw Ka Le(VT) | C29: 3554 | D29: 1686 | E29: 1868
A30: 7 | B30: Nwar La Woe(VT) | C30: 11032 | D30: 5468 | E30: 5564
A31: 8 | B31: Chi Kel(VT) | C31: 9508 | D31: 4775 | E31: 4733
A32: 9 | B32: Ma Htaw Khu(VT) | C32: 4144 | D32: 2096 | E32: 2048
A33: 10 | B33: Par Laung(VT) | C33: 1504 | D33: 750 | E33: 754
A34: 11 | B34: Tee Lon(VT) | C34: 2968 | D34: 1510 | E34: 1458
A35: 12 | B35: Law Pi Ta(VT) | C35: 8233 | D35: 4100 | E35: 4133

Sheet Dimawso
A1: Kayah State, Loikaw District, Dimawso Township
E2: 29-3-2014
A4: Sr | B4: Ward/ Village Tract | C4: Population
C5: Total | D5: Male | E5: Female
B6: Total | C6: 79201 | D6: 38936 | E6: 40265
B8: Ward | C8: =C9 -> 5621 | D8: =D9 -> 2716 | E8: =E9 -> 2905
A9: 1 | B9: Demoso Myo Ma(W) | C9: 5621 | D9: 2716 | E9: 2905
B11: Village Tract | C11: =SUM(C12:C37) -> 73580 | D11: =SUM(D12:D37) -> 36220 | E11: =SUM(E12:E37) -> 37360
A12: 1 | B12: Sin Taung(VT) | C12: 3847 | D12: 1879 | E12: 1968
A13: 2 | B13: Hpa Yar Hpyu(VT) | C13: 1480 | D13: 741 | E13: 739
A14: 3 | B14: Nan Mel Khon(VT) | C14: 2184 | D14: 1044 | E14: 1140
A15: 4 | B15: Oh Kay(VT) | C15: 2631 | D15: 1319 | E15: 1312
A16: 5 | B16: Daw Bu Ku(VT) | C16: 1834 | D16: 892 | E16: 942
A17: 6 | B17: Saung Du Ywar Thit(VT) | C17: 3111 | D17: 1537 | E17: 1574
A18: 7 | B18: War Thaw Kho Ywar Thit(VT) | C18: 1449 | D18: 739 | E18: 710
A19: 8 | B19: Thay Su Le(VT) | C19: 2420 | D19: 1197 | E19: 1223
A20: 9 | B20: Daw Taw Ku(VT) | C20: 2681 | D20: 1297 | E20: 1384
A21: 10 | B21: Naung Pale(VT) | C21: 2388 | D21: 1246 | E21: 1142
A22: 11 | B22: Demoso(VT) | C22: 6631 | D22: 3220 | E22: 3411
A23: 12 | B23: Daw Yauk Khu(VT) | C23: 2793 | D23: 1394 | E23: 1399
... A37: 26 | B37: Daw Ta Ma Gyi(VT) | C37: 4652 | D37: 2208 | E37: 2444

Sheet  Phruso
A1: Kayah State, Loikaw District, Phruso Township
E2: 29-3-2014
A4: Sr | B4: Ward/ Village Tract | C4: Population
C5: Total | D5: Male | E5: Female
B6: Total | C6: 29374 | D6: 14437 | E6: 14937
B8: Ward | C8: =SUM(C9:C13) -> 4240 | D8: =SUM(D9:D13) -> 2144 | E8: =SUM(E9:E13) -> 2096
A9: 1 | B9: Nyaung Zin(W) | C9: 946 | D9: 451 | E9: 495
A10: 2 | B10: Htee Ta Ye(W) | C10: 1759 | D10: 955 | E10: 804
A11: 3 | B11: Htee Ku So(W) | C11: 386 | D11: 185 | E11: 201
A12: 4 | B12: Dee Dar Ku(W) | C12: 585 | D12: 289 | E12: 296
A13: 5 | B13: Law Bu Dar(W) | C13: 564 | D13: 264 | E13: 300
B15: Village Tract | C15: =SUM(C16:C29) -> 25134 | D15: =SUM(D16:D29) -> 12293 | E15: =SUM(E16:E29) -> 12841
A16: 1 | B16: Hpruso (Myoma)(VT) | C16: 2132 | D16: 987 | E16: 1145
A17: 2 | B17: Htee Paw So(VT) | C17: 1777 | D17: 855 | E17: 922
A18: 3 | B18: Rar Aye Pa Rar(VT) | C18: 1227 | D18: 558 | E18: 669
A19: 4 | B19: Kay Hlar (Kyet Hpoe Gyi)(VT) | C19: 2588 | D19: 1313 | E19: 1275
A20: 5 | B20: Mar Kha Yaw Shey(VT) | C20: 2646 | D20: 1326 | E20: 1320
A21: 6 | B21: Mo So(VT) | C21: 1722 | D21: 835 | E21: 887
A22: 7 | B22: Doe Lar Saw(VT) | C22: 1850 | D22: 895 | E22: 955
A23: 8 | B23: Doe Pa Rei(VT) | C23: 1259 | D23: 597 | E23: 662
A24: 9 | B24: Ho Yar(VT) | C24: 2063 | D24: 969 | E24: 1094
A25: 10 | B25: Do Mo Saw(VT) | C25: 1498 | D25: 778 | E25: 720
A26: 11 | B26: Raw Daw Khaw(VT) | C26: 1206 | D26: 571 | E26: 635
A27: 12 | B27: Kay Kaw(VT) | C27: 1705 | D27: 889 | E27: 816
... A29: 14 | B29: Taw Khu(VT) | C29: 2706 | D29: 1358 | E29: 1348

Sheet Shardaw
A1: Kayah State, Loikaw District, Shardaw Township
E2: 29-3-2014
A4: Sr | B4: Ward/ Village Tract | C4: Population
C5: Total | D5: Male | E5: Female
B6: Total | C6: 6742 | D6: 3351 | E6: 3391
B8: Ward | C8: =SUM(C9:C12) -> 1573 | D8: =SUM(D9:D12) -> 786 | E8: =SUM(E9:E12) -> 787
A9: 1 | B9: Aung Chan Thar(W) | C9: 345 | D9: 181 | E9: 164
A10: 2 | B10: Zay Paing(W) | C10: 781 | D10: 378 | E10: 403
A11: 3 | B11: Taung Paing(W) | C11: 177 | D11: 86 | E11: 91
A12: 4 | B12: Ah Lel Paing(W) | C12: 270 | D12: 141 | E12: 129
B14: Village Tract | C14: =SUM(C15:C17) -> 5169 | D14: =SUM(D15:D17) -> 2565 | E14: =SUM(E15:E17) -> 2604
A15: 1 | B15: Shadaw (North)(VT) | C15: 3335 | D15: 1642 | E15: 1693
A16: 2 | B16: Shadaw (South)(VT) | C16: 886 | D16: 437 | E16: 449
A17: 3 | B17: Shadaw (Middle)(VT) | C17: 948 | D17: 486 | E17: 462

Sheet  Bawlakhe
A1: Kayah State, Bawlakhe District, Bawlakhe Township
E2: 29-3-2014
A4: Sr | B4: Ward/ Village Tract | C4: Population
C5: Total | D5: Male | E5: Female
B6: Total | C6: 8480 | D6: 4651 | E6: 3829
B8: Ward | C8: =SUM(C9:C10) -> 4146 | D8: =SUM(D9:D10) -> 2318 | E8: =SUM(E9:E10) -> 1828
A9: 1 | B9: Kayah Paing(W) | C9: 500 | D9: 252 | E9: 248
A10: 2 | B10: Shan Paing(W) | C10: 3646 | D10: 2066 | E10: 1580
B12: Village Tract | C12: =SUM(C13:C17) -> 4334 | D12: =SUM(D13:D17) -> 2333 | E12: =SUM(E13:E17) -> 2001
A13: 1 | B13: Bu Khu(VT) | C13: 269 | D13: 120 | E13: 149
A14: 2 | B14: Nan Hpe(VT) | C14: 1102 | D14: 560 | E14: 542
A15: 3 | B15: Bawlakhe(VT) | C15: 1397 | D15: 750 | E15: 647
A16: 4 | B16: Saw Lon(VT) | C16: 319 | D16: 203 | E16: 116
A17: 5 | B17: Chi Kweit(VT) | C17: 1247 | D17: 700 | E17: 547

Sheet  Parsaung
A1: Kayah State, Bawlakhe District, Parsaung Township
E2: 29-3-2014
A4: Sr | B4: Ward/ Village Tract | C4: Population
C5: Total | D5: Male | E5: Female
B6: Total | C6: 25594 | D6: 13906 | E6: 11688
B8: Ward | C8: =SUM(C9:C10) -> 3148 | D8: =SUM(D9:D10) -> 1676 | E8: =SUM(E9:E10) -> 1472
A9: 1 | B9: Myauk Paing(W) | C9: 1283 | D9: 698 | E9: 585
A10: 2 | B10: Taung Paing(W) | C10: 1865 | D10: 978 | E10: 887
B12: Village Tract | C12: =SUM(C13:C20) -> 22446 | D12: =SUM(D13:D20) -> 12230 | E12: =SUM(E13:E20) -> 10216
A13: 1 | B13: Hpasawng(VT) | C13: 4105 | D13: 2225 | E13: 1880
A14: 2 | B14: Wan Aung(VT) | C14: 730 | D14: 374 | E14: 356
A15: 3 | B15: Ba Han Lot(VT) | C15: 644 | D15: 355 | E15: 289
A16: 4 | B16: Kwar Khee(VT) | C16: 1994 | D16: 1041 | E16: 953
A17: 5 | B17: Kaw Thu Doe(VT) | C17: 1453 | D17: 796 | E17: 657
A18: 6 | B18: Mawchi(VT) | C18: 11904 | D18: 6567 | E18: 5337
A19: 7 | B19: Mo Sar Khee(VT) | C19: 990 | D19: 554 | E19: 436
A20: 8 | B20: Ka Rei Khee(VT) | C20: 626 | D20: 318 | E20: 308

Sheet Meisi
A1: Kayah State, Bawlakhe District, Meisi Township
E2: 29-3-2014
A4: Sr | B4: Ward/ Village Tract | C4: Population
C5: Total | D5: Male | E5: Female
B6: Total | C6: 6319 | D6: 3402 | E6: 2917
B8: Ward | C8: =SUM(C9:C10) -> 1013 | D8: =SUM(D9:D10) -> 574 | E8: =SUM(E9:E10) -> 439
A9: 1 | B9: Myauk Paing(W) | C9: 527 | D9: 295 | E9: 232
A10: 2 | B10: Taung Paing(W) | C10: 486 | D10: 279 | E10: 207
B12: Village Tract | C12: =SUM(C13:C16) -> 5306 | D12: =SUM(D13:D16) -> 2828 | E12: =SUM(E13:E16) -> 2478
A13: 1 | B13: Mese(VT) | C13: 3111 | D13: 1650 | E13: 1461
A14: 2 | B14: Ho Gyit(VT) | C14: 667 | D14: 357 | E14: 310
A15: 3 | B15: Mei Se Nan(VT) | C15: 1025 | D15: 554 | E15: 471
A16: 4 | B16: Nan Man(VT) | C16: 503 | D16: 267 | E16: 236

Sheet Ywathit(Sub-Tsp)
A1: Kayah State, Bawlakhe District, Ywathit (Sub- Township)
E2: 29-3-2014
A4: Sr | B4: Ward/ Village Tract | C4: Population
C5: Total | D5: Male | E5: Female
B6: Total | C6: 2516 | D6: 1421 | E6: 1095
B8: Ward | C8: =SUM(C9:C10) -> 1328 | D8: =SUM(D9:D10) -> 733 | E8: =SUM(E9:E10) -> 595
A9: 1 | B9: Myauk Paing(W) | C9: 763 | D9: 406 | E9: 357
A10: 2 | B10: Taung Paing(W) | C10: 565 | D10: 327 | E10: 238
B12: Village Tract | C12: =SUM(C13:C14) -> 1188 | D12: =SUM(D13:D14) -> 688 | E12: =SUM(E13:E14) -> 500
A13: 1 | B13: Wan Lwe(VT) | C13: 166 | D13: 105 | E13: 61
A14: 2 | B14: Lwei Waing(VT) | C14: 1022 | D14: 583 | E14: 439

Sheet Sheet2
