Workbook

Sheet List of twonship
A1: List of twonship
A2: 1 | B2: =' Dawei'!A1 -> Tanintharyi Region, Dawei District, Dawei Township
A3: 2 | B3: =' Lounglon'!A1 -> Tanintharyi Region, Dawei District,Lounglon Township
A4: 3 | B4: =Thayetchaung!A1 -> Tanintharyi Region, Dawei District, Thayetchaung Township
A5: 4 | B5: =Yebyu!A1 -> Tanintharyi Region, Dawei District, Yebyu Township
A6: 5 | B6: ='Myitta(Sub-Tsp)'!A1 -> Tanintharyi Region, Dawei District, Myitta(Sub-Township)
A7: 6 | B7: =' Kaleinaung(Sub-Tsp)'!A1 -> Tanintharyi Region, Dawei District, Kaleinaung (Sub-Township)
A8: 7 | B8: =' Myeik'!A1 -> Tanintharyi Region, Myeik District, Myeik Township
A9: 8 | B9: =Kyunsu!A1 -> Tanintharyi Region, Myeik District, Kyunsu Township
A10: 9 | B10: =Palaw!A1 -> Tanintharyi Region, Myeik District, Palaw Township
A11: 10 | B11: =Tanintharyi!A1 -> Tanintharyi Region, Myeik District, Tanintharyi Township
A12: 11 | B12: =' Palauk(Sub-Tsp)'!A1 -> Tanintharyi Region, Myeik District, Palauk (Sub-Township)
A13: 12 | B13: =Kawthoung!A1 -> Tanintharyi Region,Kawthoung District, Kawthoung Township
A14: 13 | B14: =Bokepyin!A1 -> Tanintharyi Region,Kawthoung District, Bokepyin Township
A15: 14 | B15: =' Khamaukkyi(Sub-Tsp)'!A1 -> Tanintharyi Region,Kawthoung District, Khamaukkyi (Sub-Township)
A16: 15 | B16: ='Pyigyimandaing(Sub-Tsp)'!A1 -> Tanintharyi Region,Kawthoung District,Pyigyimandaing (Sub-Township)
A17: 16 | B17: ='Karathuri(Sub-Tsp)'!A1 -> Tanintharyi Region, Kawthoung District, Karathuri (Sub-Township)

Sheet  Dawei
A1: Tanintharyi Region, Dawei District, Dawei Township
E2: 29-3-2014
A4: Sr | B4: Ward/Village Tract | C4: Population
C5: Total | D5: Male | E5: Female
B6: Total | C6: 125605 | D6: 60044 | E6: 65561
B8: Ward | C8: =SUM(C9:C23) -> 80117 | D8: =SUM(D9:D23) -> 38008 | E8: =SUM(E9:E23) -> 42109
A9: 1 | B9: San Chi(W) | C9: 6895 | D9: 3339 | E9: 3556
A10: 2 | B10: Oe Loke(W) | C10: 8012 | D10: 3737 | E10: 4275
A11: 3 | B11: Ta Laing Ma(W) | C11: 2686 | D11: 1206 | E11: 1480
A12: 4 | B12: Thin Baw Seik(W) | C12: 1170 | D12: 518 | E12: 652
A13: 5 | B13: Daung Ngu(W) | C13: 2198 | D13: 1007 | E13: 1191
A14: 6 | B14: Kyet Sa Pyin(W) | C14: 7765 | D14: 3785 | E14: 3980
A15: 7 | B15: Bon Maw(W) | C15: 4274 | D15: 1980 | E15: 2294
A16: 8 | B16: Za Yit(W) | C16: 2146 | D16: 879 | E16: 1267
A17: 9 | B17: Ka Nyon(W) | C17: 3537 | D17: 1559 | E17: 1978
A18: 10 | B18: Pein Hne Taw(W) | C18: 7433 | D18: 3658 | E18: 3775
A19: 11 | B19: Ah Nauk Myo Twin(W) | C19: 2076 | D19: 907 | E19: 1169
A20: 12 | B20: Byaw Taw Wa(W) | C20: 4891 | D20: 2302 | E20: 2589
... A23: 15 | B23: Sin Seik(W) | C23: 8648 | D23: 4299 | E23: 4349
B24: Village Tract | C24: =SUM(C25:C41) -> 45488 | D24: =SUM(D25:D41) -> 22036 | E24: =SUM(E25:E41) -> 23452
A25: 1 | B25: Za Har(VT) | C25: 2404 | D25: 1138 | E25: 1266
A26: 2 | B26: Tha Byay Chaung(VT) | C26: 5766 | D26: 3009 | E26: 2757
A27: 3 | B27: Maung Mei Shaung(VT) | C27: 3977 | D27: 1860 | E27: 2117
A28: 4 | B28: Za Lun(VT) | C28: 1857 | D28: 870 | E28: 987
A29: 5 | B29: Ta Laing Taung(VT) | C29: 1581 | D29: 692 | E29: 889
A30: 6 | B30: Tha Byar(VT) | C30: 1445 | D30: 666 | E30: 779
A31: 7 | B31: Pa Kar Ri(VT) | C31: 3922 | D31: 1927 | E31: 1995
A32: 8 | B32: Ah Nyar Hpyar(VT) | C32: 2035 | D32: 1003 | E32: 1032
A33: 9 | B33: Har Myin Gyi(VT) | C33: 1550 | D33: 800 | E33: 750
A34: 10 | B34: Wa Kone(VT) | C34: 1978 | D34: 1055 | E34: 923
A35: 11 | B35: Pyar Thar Chaung(VT) | C35: 7334 | D35: 3842 | E35: 3492
A36: 12 | B36: Kyauk Yat(VT) | C36: 1547 | D36: 680 | E36: 867
... A41: 17 | B41: Yaung Maw(VT) | C41: 1698 | D41: 776 | E41: 922

Sheet  Lounglon
A1: Tanintharyi Region, Dawei District,Lounglon Township
E2: 29-3-2014
A4: Sr | B4: Ward/Village Tract | C4: Population
C5: Total | D5: Male | E5: Female
B6: Total | C6: 118317 | D6: 55558 | E6: 62759
B8: Ward | C8: =SUM(C9:C12) -> 5334 | D8: =SUM(D9:D12) -> 2457 | E8: =SUM(E9:E12) -> 2877
A9: 1 | B9: Ka Gyi(W) | C9: 1616 | D9: 766 | E9: 850
A10: 2 | B10: Kha Gway(W) | C10: 1074 | D10: 499 | E10: 575
A11: 3 | B11: Ga Nge(W) | C11: 1161 | D11: 541 | E11: 620
A12: 4 | B12: Ga Gyi(W) | C12: 1483 | D12: 651 | E12: 832
B13: Village Tract | C13: =SUM(C14:C54) -> 112983 | D13: =SUM(D14:D54) -> 53101 | E13: =SUM(E14:E54) -> 59882
A14: 1 | B14: Pyin Htein(VT) | C14: 902 | D14: 420 | E14: 482
A15: 2 | B15: Way Di(VT) | C15: 3420 | D15: 1521 | E15: 1899
A16: 3 | B16: Ka Nyon Kyun(VT) | C16: 1787 | D16: 843 | E16: 944
A17: 4 | B17: Tha Byar(VT) | C17: 3108 | D17: 1443 | E17: 1665
A18: 5 | B18: Inn Zauk(VT) | C18: 3767 | D18: 1672 | E18: 2095
A19: 6 | B19: Pan Da Le(VT) | C19: 1869 | D19: 814 | E19: 1055
A20: 7 | B20: Ywar Haung Wa(VT) | C20: 793 | D20: 342 | E20: 451
A21: 8 | B21: Min Yat(VT) | C21: 3809 | D21: 1680 | E21: 2129
A22: 9 | B22: Lay Thun Khan(VT) | C22: 981 | D22: 451 | E22: 530
A23: 10 | B23: Sit Pyea(VT) | C23: 2926 | D23: 1329 | E23: 1597
A24: 11 | B24: Nyin Maw(VT) | C24: 2067 | D24: 949 | E24: 1118
A25: 12 | B25: Ti Zit(VT) | C25: 2061 | D25: 1008 | E25: 1053
... A54: 41 | B54: Auk Kyauk Wut(VT) | C54: 4039 | D54: 2042 | E54: 1997

Sheet Thayetchaung
A1: Tanintharyi Region, Dawei District, Thayetchaung Township
E2: 29-3-2014
A4: Sr | B4: Ward/Village Tract | C4: Population
C5: Total | D5: Male | E5: Female
B6: Total | C6: 105662 | D6: 50421 | E6: 55241
B8: Ward | C8: =SUM(C9:C13) -> 11305 | D8: =SUM(D9:D13) -> 5642 | E8: =SUM(E9:E13) -> 5663
A9: 1 | B9: Maw Shi Kone(W) | C9: 1123 | D9: 539 | E9: 584
A10: 2 | B10: Kyauk Myaung(W) | C10: 3191 | D10: 1585 | E10: 1606
A11: 3 | B11: Myo Ma(Tha Yet Chaung)(W) | C11: 3511 | D11: 1767 | E11: 1744
A12: 4 | B12: Pan Taw(W) | C12: 2083 | D12: 1010 | E12: 1073
A13: 5 | B13: Sin Hpyu Pyin(W) | C13: 1397 | D13: 741 | E13: 656
B14: Village Tract | C14: =SUM(C15:C53) -> 94357 | D14: =SUM(D15:D53) -> 44779 | E14: =SUM(E15:E53) -> 49578
A15: 1 | B15: Ka Zi Ta Dar U(VT) | C15: 981 | D15: 455 | E15: 526
A16: 2 | B16: Pein Taw(VT) | C16: 3359 | D16: 1535 | E16: 1824
A17: 3 | B17: Pan Chi Shaung(VT) | C17: 1186 | D17: 568 | E17: 618
A18: 4 | B18: Oke Tu(VT) | C18: 2487 | D18: 1163 | E18: 1324
A19: 5 | B19: Tha Yet Hnit Khwa(VT) | C19: 2364 | D19: 1077 | E19: 1287
A20: 6 | B20: Thin Kyun(VT) | C20: 2624 | D20: 1235 | E20: 1389
A21: 7 | B21: Yan Taung(VT) | C21: 2567 | D21: 1152 | E21: 1415
A22: 8 | B22: Nyaung Zin(VT) | C22: 4343 | D22: 1975 | E22: 2368
A23: 9 | B23: Kyar Inn(VT) | C23: 2647 | D23: 1152 | E23: 1495
A24: 10 | B24: Kin Shey(VT) | C24: 1738 | D24: 814 | E24: 924
A25: 11 | B25: Saw Hpyar(VT) | C25: 2265 | D25: 1004 | E25: 1261
A26: 12 | B26: Pa Dat Chaung(VT) | C26: 1514 | D26: 755 | E26: 759
... A53: 39 | B53: Pe Det(VT) | C53: 5869 | D53: 2872 | E53: 2997

Sheet Yebyu
A1: Tanintharyi Region, Dawei District, Yebyu Township
E2: 29-3-2014
A4: Sr | B4: Ward/Village Tract | C4: Population
C5: Total | D5: Male | E5: Female
B6: Total | C6: 100768 | D6: 50782 | E6: 49986
B8: Ward | C8: =SUM(C9:C12) -> 4744 | D8: =SUM(D9:D12) -> 2327 | E8: =SUM(E9:E12) -> 2417
A9: 1 | B9: Myo Ma(Ka Gyi)(W) | C9: 620 | D9: 298 | E9: 322
A10: 2 | B10: Myo Ma(Kka Gway)(W) | C10: 1263 | D10: 608 | E10: 655
A11: 3 | B11: Myo Ma(Ga Nge)(W) | C11: 1424 | D11: 706 | E11: 718
A12: 4 | B12: Myo Ma(Ga Gyi)(W) | C12: 1437 | D12: 715 | E12: 722
B13: Village Tract | C13: =SUM(C14:C40) -> 96024 | D13: =SUM(D14:D40) -> 48455 | E13: =SUM(E14:E40) -> 47569
A14: 1 | B14: Pale Gu(VT) | C14: 607 | D14: 278 | E14: 329
A15: 2 | B15: Ya Laing(VT) | C15: 2651 | D15: 1243 | E15: 1408
A16: 3 | B16: Pu Gaw Zun(VT) | C16: 3283 | D16: 1627 | E16: 1656
A17: 4 | B17: Nat Twin(VT) | C17: 1577 | D17: 753 | E17: 824
A18: 5 | B18: Thit To Htaunt(VT) | C18: 2280 | D18: 1107 | E18: 1173
A19: 6 | B19: Kyauk Ka Nyar(VT) | C19: 1568 | D19: 783 | E19: 785
A20: 7 | B20: Ta Laing Yar(VT) | C20: 2892 | D20: 1597 | E20: 1295
A21: 8 | B21: Nyin Htway(VT) | C21: 2777 | D21: 1331 | E21: 1446
A22: 9 | B22: Pein Shaung(VT) | C22: 1345 | D22: 648 | E22: 697
A23: 10 | B23: U Tha Ran(VT) | C23: 1055 | D23: 570 | E23: 485
A24: 11 | B24: Kyauk Htauk(VT) | C24: 1742 | D24: 807 | E24: 935
A25: 12 | B25: Wun Hpoet(VT) | C25: 2054 | D25: 1044 | E25: 1010
... A40: 27 | B40: Hpar Chaung(VT) | C40: 1415 | D40: 708 | E40: 707

Sheet Myitta(Sub-Tsp)
A1: Tanintharyi Region, Dawei District, Myitta(Sub-Township)
E2: 29-3-2014
A4: Sr | B4: Ward/Village Tract | C4: Population
C5: Total | D5: Male | E5: Female
B6: Total | C6: 21359 | D6: 10609 | E6: 10750
B8: Ward | C8: =SUM(C9:C11) -> 3342 | D8: =SUM(D9:D11) -> 1760 | E8: =SUM(E9:E11) -> 1582
A9: 1 | B9: No(1)(W) | C9: 1264 | D9: 656 | E9: 608
A10: 2 | B10: No(2)(W) | C10: 1391 | D10: 695 | E10: 696
A11: 3 | B11: No(3)(W) | C11: 687 | D11: 409 | E11: 278
B12: Village Tract | C12: =SUM(C13:C19) -> 18017 | D12: =SUM(D13:D19) -> 8849 | E12: =SUM(E13:E19) -> 9168
A13: 1 | B13: Taung Thone Lone(VT) | C13: 2336 | D13: 1111 | E13: 1225
A14: 2 | B14: Kyauk Me Taung(VT) | C14: 1335 | D14: 660 | E14: 675
A15: 3 | B15: Myay Khan Baw(VT) | C15: 6182 | D15: 3067 | E15: 3115
A16: 4 | B16: Hein Dar(VT) | C16: 5521 | D16: 2669 | E16: 2852
A17: 5 | B17: Hpaung Taw Gyi(VT) | C17: 1803 | D17: 888 | E17: 915
A18: 6 | B18: Ka Lit Gyi(VT) | C18: 227 | D18: 102 | E18: 125
A19: 7 | B19: Sin Hpyu Taing(VT) | C19: 613 | D19: 352 | E19: 261

Sheet  Kaleinaung(Sub-Tsp)
A1: Tanintharyi Region, Dawei District, Kaleinaung (Sub-Township)
E2: 29-3-2014
A4: Sr | B4: Ward/Village Tract | C4: Population
C5: Total | D5: Male | E5: Female
B6: Total | C6: 21865 | D6: 11659 | E6: 10206
B8: Ward | C8: =SUM(C9:C12) -> 3114 | D8: =SUM(D9:D12) -> 1621 | E8: =SUM(E9:E12) -> 1493
A9: 1 | B9: No(1)(W) | C9: 538 | D9: 277 | E9: 261
A10: 2 | B10: No(2)(W) | C10: 392 | D10: 199 | E10: 193
A11: 3 | B11: No(3)(W) | C11: 1339 | D11: 716 | E11: 623
A12: 4 | B12: No(4)(W) | C12: 845 | D12: 429 | E12: 416
B13: Village Tract | C13: =SUM(C14:C20) -> 18751 | D13: =SUM(D14:D20) -> 10038 | E13: =SUM(E14:E20) -> 8713
A14: 1 | B14: Hnan Kye(VT) | C14: 1158 | D14: 600 | E14: 558
A15: 2 | B15: Kayin Shin Ta Bi(VT) | C15: 494 | D15: 248 | E15: 246
A16: 3 | B16: Kyauk Shat(VT) | C16: 2779 | D16: 1454 | E16: 1325
A17: 4 | B17: Zin Bar(VT) | C17: 1301 | D17: 693 | E17: 608
A18: 5 | B18: Rar Hpu(VT) | C18: 6118 | D18: 3283 | E18: 2835
A19: 6 | B19: Mi Kyaung Hlaung(VT) | C19: 1847 | D19: 1035 | E19: 812
A20: 7 | B20: Lawt Thaing(VT) | C20: 5054 | D20: 2725 | E20: 2329

Sheet  Myeik
A1: Tanintharyi Region, Myeik District, Myeik Township
E2: 29-3-2014
A4: Sr | B4: Ward/Village Tract | C4: Population
C5: Total | D5: Male | E5: Female
B6: Total | C6: 284489 | D6: 139592 | E6: 144897
B8: Ward | C8: =SUM(C9:C20) -> 115141 | D8: =SUM(D9:D20) -> 55056 | E8: =SUM(E9:E20) -> 60085
A9: 1 | B9: Ah Nauk Lel(W) | C9: 3210 | D9: 1415 | E9: 1795
A10: 2 | B10: Ta Laing Su(W) | C10: 1028 | D10: 457 | E10: 571
A11: 3 | B11: Seik Nge (W) | C11: 1006 | D11: 489 | E11: 517
A12: 4 | B12: Zay Tan(W) | C12: 2302 | D12: 1052 | E12: 1250
A13: 5 | B13: Kan Khaung(W) | C13: 4193 | D13: 1945 | E13: 2248
A14: 6 | B14: Myit Nge(W) | C14: 4168 | D14: 1900 | E14: 2268
A15: 7 | B15: Dawei Su(W) | C15: 2289 | D15: 971 | E15: 1318
A16: 8 | B16: Kan Gyi(W) | C16: 6445 | D16: 2941 | E16: 3504
A17: 9 | B17: Yae Pone(W) | C17: 15278 | D17: 7379 | E17: 7899
A18: 10 | B18: Kan Hpyar(W) | C18: 18430 | D18: 9077 | E18: 9353
A19: 11 | B19: Ah Lel Kyun(W) | C19: 15910 | D19: 7543 | E19: 8367
A20: 12 | B20: Myeik (South)(W) | C20: 40882 | D20: 19887 | E20: 20995
B21: Village Tract | C21: =SUM(C22:C43) -> 169348 | D21: =SUM(D22:D43) -> 84536 | E21: =SUM(E22:E43) -> 84812
A22: 1 | B22: Myeik Taung(VT) | C22: 41721 | D22: 21186 | E22: 20535
A23: 2 | B23: Ka Lwin(VT) | C23: 23356 | D23: 11240 | E23: 12116
A24: 3 | B24: In Ga Maw(VT) | C24: 8068 | D24: 3950 | E24: 4118
A25: 4 | B25: San Da Wut(VT) | C25: 24963 | D25: 12762 | E25: 12201
A26: 5 | B26: Pyin Nge(VT) | C26: 2349 | D26: 1205 | E26: 1144
A27: 6 | B27: Ka Han(VT) | C27: 2598 | D27: 1308 | E27: 1290
A28: 7 | B28: Sa Lun(VT) | C28: 836 | D28: 412 | E28: 424
A29: 8 | B29: Min Than(VT) | C29: 1579 | D29: 780 | E29: 799
A30: 9 | B30: Pa Thaung(VT) | C30: 4436 | D30: 2175 | E30: 2261
A31: 10 | B31: Ma Zaw(VT) | C31: 8382 | D31: 4199 | E31: 4183
A32: 11 | B32: Tone Byaw(VT) | C32: 6021 | D32: 2995 | E32: 3026
A33: 12 | B33: Taung Shey(VT) | C33: 2914 | D33: 1419 | E33: 1495
... A43: 22 | B43: Kyauk Hpyar(VT) | C43: 6301 | D43: 3178 | E43: 3123

Sheet Kyunsu
A1: Tanintharyi Region, Myeik District, Kyunsu Township
E2: 29-3-2014
A4: Sr | B4: Ward/Village Tract | C4: Population
C5: Total | D5: Male | E5: Female
B6: Total | C6: 171753 | D6: 87777 | E6: 83976
B8: Ward | C8: =SUM(C9:C12) -> 5548 | D8: =SUM(D9:D12) -> 3054 | E8: =SUM(E9:E12) -> 2494
A9: 1 | B9: No(1)(W) | C9: 3004 | D9: 1801 | E9: 1203
A10: 2 | B10: No(2)(W) | C10: 596 | D10: 307 | E10: 289
A11: 3 | B11: No(3)(W) | C11: 1391 | D11: 679 | E11: 712
A12: 4 | B12: No(4)(W) | C12: 557 | D12: 267 | E12: 290
B13: Village Tract | C13: =SUM(C14:C33) -> 166205 | D13: =SUM(D14:D33) -> 84723 | E13: =SUM(E14:E33) -> 81482
A14: 1 | B14: Kywe Kha Yan(VT) | C14: 9875 | D14: 5019 | E14: 4856
A15: 2 | B15: Ka Bin(VT) | C15: 12052 | D15: 6262 | E15: 5790
A16: 3 | B16: Kaw Zar Yar(VT) | C16: 8066 | D16: 4176 | E16: 3890
A17: 4 | B17: Taw Pyar(VT) | C17: 8804 | D17: 4531 | E17: 4273
A18: 5 | B18: War Yit(VT) | C18: 2929 | D18: 1487 | E18: 1442
A19: 6 | B19: Sa Khan Thit(VT) | C19: 9192 | D19: 4724 | E19: 4468
A20: 7 | B20: Me Taw(VT) | C20: 12050 | D20: 6032 | E20: 6018
A21: 8 | B21: Ban Da Ne(VT) | C21: 6493 | D21: 3394 | E21: 3099
A22: 9 | B22: Kan Maw(VT) | C22: 16766 | D22: 8637 | E22: 8129
A23: 10 | B23: Yae Kan Taung(VT) | C23: 18087 | D23: 9343 | E23: 8744
A24: 11 | B24: Nyaung Bee(VT) | C24: 4176 | D24: 2029 | E24: 2147
A25: 12 | B25: Min Goke(VT) | C25: 2919 | D25: 1440 | E25: 1479
... A33: 20 | B33: Ka Pa(VT) | C33: 7093 | D33: 3522 | E33: 3571

Sheet Palaw
A1: Tanintharyi Region, Myeik District, Palaw Township
E2: 29-3-2014
A4: Sr | B4: Ward/Village Tract | C4: Population
C5: Total | D5: Male | E5: Female
B6: Total | C6: 93438 | D6: 45366 | E6: 48072
B8: Ward | C8: =SUM(C9:C13) -> 18936 | D8: =SUM(D9:D13) -> 9206 | E8: =SUM(E9:E13) -> 9730
A9: 1 | B9: No(1)(W) | C9: 6424 | D9: 3192 | E9: 3232
A10: 2 | B10: No(2)(W) | C10: 6462 | D10: 3149 | E10: 3313
A11: 3 | B11: No(3)(W) | C11: 2142 | D11: 969 | E11: 1173
A12: 4 | B12: No(4)(W) | C12: 2510 | D12: 1187 | E12: 1323
A13: 5 | B13: No(5)(W) | C13: 1398 | D13: 709 | E13: 689
B14: Village Tract | C14: =SUM(C15:C34) -> 74502 | D14: =SUM(D15:D34) -> 36160 | E14: =SUM(E15:E34) -> 38342
A15: 1 | B15: Mi Kyaung Thaik(VT) | C15: 807 | D15: 397 | E15: 410
A16: 2 | B16: Pu Law Kone(VT) | C16: 3209 | D16: 1544 | E16: 1665
A17: 3 | B17: Za Yat Seik(VT) | C17: 4151 | D17: 2020 | E17: 2131
A18: 4 | B18: Taung Yar Kan(VT) | C18: 5129 | D18: 2454 | E18: 2675
A19: 5 | B19: Let Ku(VT) | C19: 6365 | D19: 3122 | E19: 3243
A20: 6 | B20: Nan Taung(VT) | C20: 3486 | D20: 1673 | E20: 1813
A21: 7 | B21: Ka De(VT) | C21: 4666 | D21: 2272 | E21: 2394
A22: 8 | B22: Hta Min Ma Sar(VT) | C22: 1924 | D22: 913 | E22: 1011
A23: 9 | B23: Kye(VT) | C23: 4747 | D23: 2263 | E23: 2484
A24: 10 | B24: To(VT) | C24: 3924 | D24: 1790 | E24: 2134
A25: 11 | B25: Pu Law Hpyar(VT) | C25: 2371 | D25: 1181 | E25: 1190
A26: 12 | B26: Pa La(VT) | C26: 7267 | D26: 3376 | E26: 3891
... A34: 20 | B34: Ma Gyi Kone(VT) | C34: 1722 | D34: 809 | E34: 913

Sheet Tanintharyi
A1: Tanintharyi Region, Myeik District, Tanintharyi Township
E2: 29-3-2014
A4: Sr | B4: Ward/Village Tract | C4: Population
C5: Total | D5: Male | E5: Female
B6: Total | C6: 106853 | D6: 54817 | E6: 52036
B8: Ward | C8: =SUM(C9:C10) -> 5514 | D8: =SUM(D9:D10) -> 2746 | E8: =SUM(E9:E10) -> 2768
A9: 1 | B9: Chaung Gyi(W) | C9: 3199 | D9: 1575 | E9: 1624
A10: 2 | B10: Chaung Nge(W) | C10: 2315 | D10: 1171 | E10: 1144
B11: Village Tract | C11: =SUM(C12:C30) -> 101339 | D11: =SUM(D12:D30) -> 52071 | E11: =SUM(E12:E30) -> 49268
A12: 1 | B12: Sin Chay Hpone(VT) | C12: 5293 | D12: 2733 | E12: 2560
A13: 2 | B13: Pa Wa(VT) | C13: 7113 | D13: 3589 | E13: 3524
A14: 3 | B14: Maw Tone (East)(VT) | C14: 3960 | D14: 2041 | E14: 1919
A15: 4 | B15: Maw Tone (West)(VT) | C15: 2198 | D15: 1077 | E15: 1121
A16: 5 | B16: Lel Thit(VT) | C16: 3290 | D16: 1677 | E16: 1613
A17: 6 | B17: Ta Moke Chone(VT) | C17: 3770 | D17: 2049 | E17: 1721
A18: 7 | B18: Ban La Mut(VT) | C18: 2402 | D18: 1225 | E18: 1177
A19: 8 | B19: Thein Khun(VT) | C19: 15648 | D19: 8589 | E19: 7059
A20: 9 | B20: Kyauk Ta Lone(VT) | C20: 796 | D20: 434 | E20: 362
A21: 10 | B21: Thar Ra Hpon(VT) | C21: 1996 | D21: 1022 | E21: 974
A22: 11 | B22: Thein Daw(VT) | C22: 3662 | D22: 1839 | E22: 1823
A23: 12 | B23: Ban Law(VT) | C23: 4563 | D23: 2303 | E23: 2260
... A30: 19 | B30: Thar Ra Bwin(VT) | C30: 7837 | D30: 3858 | E30: 3979

Sheet  Palauk(Sub-Tsp)
A1: Tanintharyi Region, Myeik District, Palauk (Sub-Township)
E2: 29-3-2014
A4: Sr | B4: Ward/Village Tract | C4: Population
C5: Total | D5: Male | E5: Female
B6: Total | C6: 36554 | D6: 18119 | E6: 18435
B8: Ward | C8: =SUM(C9:C12) -> 6176 | D8: =SUM(D9:D12) -> 3064 | E8: =SUM(E9:E12) -> 3112
A9: 1 | B9: No(1)(W) | C9: 3019 | D9: 1451 | E9: 1568
A10: 2 | B10: No(2)(W) | C10: 615 | D10: 291 | E10: 324
A11: 3 | B11: No(3)(W) | C11: 598 | D11: 358 | E11: 240
A12: 4 | B12: No(4)(W) | C12: 1944 | D12: 964 | E12: 980
B13: Village Tract | C13: =SUM(C14:C19) -> 30378 | D13: =SUM(D14:D19) -> 15055 | E13: =SUM(E14:E19) -> 15323
A14: 1 | B14: Pyin Bu Gyi(VT) | C14: 5905 | D14: 2904 | E14: 3001
A15: 2 | B15: Pyi Char(VT) | C15: 7951 | D15: 4027 | E15: 3924
A16: 3 | B16: Khan Ti(VT) | C16: 2893 | D16: 1471 | E16: 1422
A17: 4 | B17: Sin Htoe Gyi(VT) | C17: 3813 | D17: 1893 | E17: 1920
A18: 5 | B18: Kyauk Lone Gyi(VT) | C18: 8127 | D18: 3900 | E18: 4227
A19: 6 | B19: Nan Thi Lar(VT) | C19: 1689 | D19: 860 | E19: 829

Sheet Kawthoung
A1: Tanintharyi Region,Kawthoung District, Kawthoung Township
E2: 29-3-2014
A4: Sr | B4: Ward/Village Tract | C4: Population
C5: Total | D5: Male | E5: Female
B6: Total | C6: 116980 | D6: 59507 | E6: 57473
B8: Ward | C8: =SUM(C9:C18) -> 57949 | D8: =SUM(D9:D18) -> 28657 | E8: =SUM(E9:E18) -> 29292
A9: 1 | B9: Shwe Hin Thar(W) | C9: 3585 | D9: 1823 | E9: 1762
A10: 2 | B10: Ah Nan War(W) | C10: 3776 | D10: 1804 | E10: 1972
A11: 3 | B11: Pi Tauk Shwe War(W) | C11: 7557 | D11: 3696 | E11: 3861
A12: 4 | B12: Ba Yint Naung(W) | C12: 3495 | D12: 1708 | E12: 1787
A13: 5 | B13: Aung Thu Kha(W) | C13: 7926 | D13: 3838 | E13: 4088
A14: 6 | B14: Aye Mya Kan Thar(W | C14: 3634 | D14: 1810 | E14: 1824
A15: 7 | B15: Thi Ri Myaing(W) | C15: 2610 | D15: 1296 | E15: 1314
A16: 8 | B16: Shwe Zin Yaw(W) | C16: 5855 | D16: 2968 | E16: 2887
A17: 9 | B17: Aye Yeik Nyein(W) | C17: 10533 | D17: 5148 | E17: 5385
A18: 10 | B18: Shwe Pyi Thar(W) | C18: 8978 | D18: 4566 | E18: 4412
B19: Village Tract | C19: =SUM(C20:C28) -> 59031 | D19: =SUM(D20:D28) -> 30850 | E19: =SUM(E20:E28) -> 28181
A20: 1 | B20: Pu Lo Ton Tone(VT) | C20: 5888 | D20: 3031 | E20: 2857
A21: 2 | B21: Zar Det Gyi Kyun(VT) | C21: 1291 | D21: 751 | E21: 540
A22: 3 | B22: Se Maing(VT) | C22: 6627 | D22: 3538 | E22: 3089
A23: 4 | B23: Khun Hnit Maing/Shwe Pyi Soe(VT) | C23: 8836 | D23: 4697 | E23: 4139
A24: 5 | B24: Ban Ka Chun(VT) | C24: 5872 | D24: 3020 | E24: 2852
A25: 6 | B25: Ma Li Wan(VT) | C25: 7740 | D25: 4127 | E25: 3613
A26: 7 | B26: Chan Hpan(VT) | C26: 6914 | D26: 3401 | E26: 3513
A27: 8 | B27: Aw Gyi(VT) | C27: 4089 | D27: 2063 | E27: 2026
A28: 9 | B28: Su Nge Bar Laing(VT) | C28: 11774 | D28: 6222 | E28: 5552

Sheet Bokepyin
A1: Tanintharyi Region,Kawthoung District, Bokepyin Township
E2: 29-3-2014
A4: Sr | B4: Ward/Village Tract | C4: Population
C5: Total | D5: Male | E5: Female
B6: Total | C6: 46821 | D6: 24992 | E6: 21829
B8: Ward | C8: =SUM(C9:C12) -> 5384 | D8: =SUM(D9:D12) -> 2707 | E8: =SUM(E9:E12) -> 2677
A9: 1 | B9: Shwe Bon Thar(W) | C9: 1586 | D9: 790 | E9: 796
A10: 2 | B10: Aung Min Ga Lar(W) | C10: 1248 | D10: 631 | E10: 617
A11: 3 | B11: Myo Ma(W) | C11: 885 | D11: 431 | E11: 454
A12: 4 | B12: Aye Chan tar(W) | C12: 1665 | D12: 855 | E12: 810
B13: Village Tract | C13: =SUM(C14:C23) -> 41437 | D13: =SUM(D14:D23) -> 22285 | E13: =SUM(E14:E23) -> 19152
A14: 1 | B14: Ohn Taw Kan(VT) | C14: 903 | D14: 474 | E14: 429
A15: 2 | B15: Ka Mar Chaung(VT) | C15: 2151 | D15: 1223 | E15: 928
A16: 3 | B16: Ah Twin Bokpyin(VT) | C16: 2872 | D16: 1662 | E16: 1210
A17: 4 | B17: Chaung Ka Shet/Htaung Kha Met(VT) | C17: 6198 | D17: 3455 | E17: 2743
A18: 5 | B18: Noet Ngwar(VT) | C18: 8820 | D18: 4669 | E18: 4151
A19: 6 | B19: Ah Lel Man(VT) | C19: 6252 | D19: 3315 | E19: 2937
A20: 7 | B20: Sa Tein(VT) | C20: 4286 | D20: 2188 | E20: 2098
A21: 8 | B21: Yae Ngan Gyi(VT) | C21: 5899 | D21: 3078 | E21: 2821
A22: 9 | B22: Bon Khun(VT) | C22: 477 | D22: 245 | E22: 232
A23: 10 | B23: Htuang Son Ma Het/Chaung Ka Ton(VT) | C23: 3579 | D23: 1976 | E23: 1603

Sheet  Khamaukkyi(Sub-Tsp)
A1: Tanintharyi Region,Kawthoung District, Khamaukkyi (Sub-Township)
E2: 29-3-2014
A4: Sr | B4: Ward/Village Tract | C4: Population
C5: Total | D5: Male | E5: Female
B6: Total | C6: 23040 | D6: 12656 | E6: 10384
B8: Ward | C8: =SUM(C9:C13) -> 10757 | D8: =SUM(D9:D13) -> 5924 | E8: =SUM(E9:E13) -> 4833
A9: 1 | B9: No(1)(W) | C9: 1603 | D9: 816 | E9: 787
A10: 2 | B10: No(2)(W) | C10: 730 | D10: 516 | E10: 214
A11: 3 | B11: No(3)(W) | C11: 939 | D11: 495 | E11: 444
A12: 4 | B12: No(4)(W) | C12: 645 | D12: 455 | E12: 190
A13: 5 | B13: No(5)(W) | C13: 6840 | D13: 3642 | E13: 3198
B14: Village Tract | C14: =SUM(C15:C20) -> 12283 | D14: =SUM(D15:D20) -> 6732 | E14: =SUM(E15:E20) -> 5551
A15: 1 | B15: Mar Ran(VT) | C15: 1175 | D15: 614 | E15: 561
A16: 2 | B16: Hpaw Thoke(VT) | C16: 1042 | D16: 562 | E16: 480
A17: 3 | B17: Par San(VT) | C17: 4046 | D17: 2253 | E17: 1793
A18: 4 | B18: Lone Hpaw(VT) | C18: 3026 | D18: 1703 | E18: 1323
A19: 5 | B19: Khi Ka Hpwaing(VT) | C19: 1387 | D19: 725 | E19: 662
A20: 6 | B20: Pa Ret Saing(VT) | C20: 1607 | D20: 875 | E20: 732

Sheet Pyigyimandaing(Sub-Tsp)
A1: Tanintharyi Region,Kawthoung District,Pyigyimandaing (Sub-Township)
E2: 29-3-2014
A4: Sr | B4: Ward/Village Tract | C4: Population
C5: Total | D5: Male | E5: Female
B6: Total | C6: 16604 | D6: 8798 | E6: 7806
B8: Ward | C8: =SUM(C9:C11) -> 3646 | D8: =SUM(D9:D11) -> 1965 | E8: =SUM(E9:E11) -> 1681
A9: 1 | B9: Pyi Gyi Mandaing(W) | C9: 1566 | D9: 784 | E9: 782
A10: 2 | B10: Lay Hnar (East)(W) | C10: 1453 | D10: 769 | E10: 684
A11: 3 | B11: Lay Hnar (West)(W) | C11: 627 | D11: 412 | E11: 215
B12: Village Tract | C12: =SUM(C13:C19) -> 12958 | D12: =SUM(D13:D19) -> 6833 | E12: =SUM(E13:E19) -> 6125
A13: 1 | B13: Shwe Ge Nyo(VT) | C13: 4604 | D13: 2349 | E13: 2255
A14: 2 | B14: Ma Noe Yone(VT) | C14: 3469 | D14: 1888 | E14: 1581
A15: 3 | B15: Kawt But(VT) | C15: 474 | D15: 241 | E15: 233
A16: 4 | B16: Htuang Yaik(VT) | C16: 353 | D16: 192 | E16: 161
A17: 5 | B17: Chaung Ka Hpet(VT) | C17: 1078 | D17: 573 | E17: 505
A18: 6 | B18: Htaung Ngar Thaing/Kyauk Tan(VT) | C18: 814 | D18: 462 | E18: 352
A19: 7 | B19: Ban Ga Lar(VT) | C19: 2166 | D19: 1128 | E19: 1038

Sheet Karathuri(Sub-Tsp)
A1: Tanintharyi Region, Kawthoung District, Karathuri (Sub-Township)
E2: 29-3-2014
A4: Sr | B4: Ward/Village Tract | C4: Population
C5: Total | D5: Male | E5: Female
B6: Total | C6: 18293 | D6: 9922 | E6: 8371
B8: Ward | C8: =SUM(C9:C11) -> 1412 | D8: =SUM(D9:D11) -> 788 | E8: =SUM(E9:E11) -> 624
A9: 1 | B9: No(1)(W) | C9: 873 | D9: 497 | E9: 376
A10: 2 | B10: No(2)(W) | C10: 152 | D10: 72 | E10: 80
A11: 3 | B11: No(3)(W) | C11: 387 | D11: 219 | E11: 168
B12: Village Tract | C12: =SUM(C13:C15) -> 16881 | D12: =SUM(D13:D15) -> 9134 | E12: =SUM(E13:E15) -> 7747
A13: 1 | B13: Ma Thay(VT) | C13: 10678 | D13: 5735 | E13: 4943
A14: 2 | B14: Han Ka Pyu(VT) | C14: 3896 | D14: 2125 | E14: 1771
A15: 3 | B15: Kawt Ba Mar(VT) | C15: 2307 | D15: 1274 | E15: 1033

Sheet Sheet2

Sheet Sheet3

Sheet Sheet4
