Workbook

Sheet list of township
A2: 1 | B2: =Aungmyetherzan!A1 -> Manadalay Region,Manadalay District, Aungmyetharzan Township
A3: 2 | B3: =Chanayetharzan!A1 -> Manadalay Region ,Manadalay District,Chanayetharzan Township
A4: 3 | B4: =Mahaaungmye!A1 -> Manadalay Region,Manadalay District, Mahaaungmye Township
A5: 4 | B5: =Chanmyatharzi!A1 -> Manadalay Region,Manadalay District,Chanmyatharzi Township
A6: 5 | B6: =Pyigyidagun!A1 -> Manadalay Region,Manadalay District,Pyigyidagun Township
A7: 6 | B7: =Amarapura!A1 -> Manadalay Region,Manadalay District,Amarapura Township
A8: 7 | B8: =Patheingyi!A1 -> Manadalay Region,Manadalay District,Patheingyi Township
A9: 8 | B9: =pyinoolwin!A1 -> Manadalay Region, Pyin Oo Lwin District, Pyin Oo Lwin Township
A10: 9 | B10: =Madaya!A1 -> Manadalay Region, Pyin Oo Lwin District, Madaya Township
A11: 10 | B11: =Sinku!A1 -> Manadalay Region, Pyin Oo Lwin District, Sinku Township
A12: 11 | B12: =Mogok!A1 -> Manadalay Region, Pyin Oo Lwin District, Mogok Township
A13: 12 | B13: =tabeikkyin!A1 -> Manadalay Region, Pyin Oo Lwin District, Thabeikkyin Township
A14: 13 | B14: =' Tagaung(Sub-Tsp)'!A1 -> Manadalay Region, Pyin Oo Lwin District, Tagaung(Sub- Township)
A15: 14 | B15: =kyaukse!A1 -> Manadalay Region,Kyaukse District, Kyaukse Township
A16: 15 | B16: =singaing!A1 -> Manadalay Region,Kyaukse District,Singaing Township
A17: 16 | B17: =myitthar!A1 -> Manadalay Region,Kyaukse District, Myitthar Township
A18: 17 | B18: ='Tada U'!A1 -> Manadalay Region,Kyaukse District, Tada U Township
A19: 18 | B19: =Myingyan!A1 -> Manadalay Region,Myingyan District, Myingyan Township
A20: 19 | B20: =Taungtha!A1 -> Manadalay Region,Myingyan District,Taungtha Township
A21: 20 | B21: =natogyi!A1 -> Manadalay Region,Myingyan District, Natogyi Township
A22: 21 | B22: =Kyaukpadaung!A1 -> Manadalay Region,Myingyan District, Kyaukpadaung Township
A23: 22 | B23: =' Ngazun'!A1 -> Manadalay Region,Myingyan District, Ngazun Township
A24: 23 | B24: ='Nyaung U'!A1 -> Manadalay Region, Nyaung U District, Nyaung U Township
A25: 24 | B25: =' Ngathayauk(Sub-Tsp)'!A1 -> Manadalay Region,Nyaung U District, Ngathayauk(Sub- Township)
A26: 25 | B26: =' Yame`thin'!A1 -> Manadalay Region,Yame`thin District, Yame`thin Township
A27: 26 | B27: =' Pyawbwe'!A1 -> Manadalay Region,Yame`thin District, PyawbweTownship
A28: 27 | B28: =Meiktila!A1 -> Manadalay Region, Meiktila District, Meiktila Township
A29: 28 | B29: =' Mahlaing'!A1 -> Manadalay Region, Meiktila District, Mahlaing Township
A30: 29 | B30: =' Thazi'!A1 -> Manadalay Region, Meiktila District, Thazi Township
A31: 30 | B31: =Wundwin!A1 -> Manadalay Region, Meiktila District, Wundwin Township

Sheet Aungmyetherzan
A1: Manadalay Region,Manadalay District, Aungmyetharzan Township
E3: 29-3-2014
A4: Sr | B4: Ward/Village Tract | C4: Population
C5: Total | D5: Male | E5: Female
B6: Total | C6: 265779 | D6: 129959 | E6: 135820
B8: Ward | C8: =SUM(C9:C27) -> 265779 | D8: =SUM(D9:D27) -> 129959 | E8: =SUM(E9:E27) -> 135820
A9: 1 | B9: Bhone Taw Toe(W) | C9: 6411 | D9: 3344 | E9: 3067
A10: 2 | B10: Daw Na Bwar(W) | C10: 24258 | D10: 11653 | E10: 12605
A11: 3 | B11: Ah Hneik Taw(W) | C11: 12665 | D11: 5941 | E11: 6724
A12: 4 | B12: Pyi Gyi Kyet Tha Yay (East)(W) | C12: 2554 | D12: 1177 | E12: 1377
A13: 5 | B13: Pyi Gyi Kyet Tha Yay (West)(W) | C13: 6719 | D13: 3100 | E13: 3619
A14: 6 | B14: Pale Ngwe Yaung(W) | C14: 8926 | D14: 4070 | E14: 4856
A15: 7 | B15: May Ga Gi Ri(W) | C15: 7666 | D15: 3555 | E15: 4111
A16: 8 | B16: Aung Myay Thar Zan(W) | C16: 17251 | D16: 8377 | E16: 8874
A17: 9 | B17: Min Tei Ei Kin(W) | C17: 25743 | D17: 12355 | E17: 13388
A18: 10 | B18: Nyaung Kwe(W) | C18: 27336 | D18: 13446 | E18: 13890
A19: 11 | B19: Pyi Gyi Yan Lon(W) | C19: 18165 | D19: 9087 | E19: 9078
A20: 12 | B20: Pyi Lone Chan Thar(W) | C20: 7729 | D20: 3528 | E20: 4201
... A27: 19 | B27: Ma Har Zay Yar Bon(W) | C27: 7868 | D27: 3966 | E27: 3902

Sheet Chanayetharzan
A1: Manadalay Region ,Manadalay District,Chanayetharzan Township
E3: 29-3-2014
A4: Sr | B4: Ward/Village Tract | C4: Population
C5: Total | D5: Male | E5: Female
B6: Total | C6: 197175 | D6: 93245 | E6: 103930
B8: Ward | C8: =SUM(C9:C28) -> 197175 | D8: =SUM(D9:D28) -> 93245 | E8: =SUM(E9:E28) -> 103930
A9: 1 | B9: Pyi Gyi Myet Hman(W) | C9: 7277 | D9: 3596 | E9: 3681
A10: 2 | B10: Pyi Gyi Myet Shin(W) | C10: 12048 | D10: 5429 | E10: 6619
A11: 3 | B11: Pat Kone Pyaw Bwei(W) | C11: 8232 | D11: 3556 | E11: 4676
A12: 4 | B12: Yan Myo Lon(W) | C12: 8461 | D12: 3666 | E12: 4795
A13: 5 | B13: Pat Kone Wun Kyin(W) | C13: 4794 | D13: 2049 | E13: 2745
A14: 6 | B14: Seik Ta Ra Ma Hi(W) | C14: 7736 | D14: 3436 | E14: 4300
A15: 7 | B15: Maw Ra Gi War(W) | C15: 13292 | D15: 6128 | E15: 7164
A16: 8 | B16: Kit Sa Na Ma Hi(W) | C16: 12736 | D16: 5712 | E16: 7024
A17: 9 | B17: Hay Mar Za La(W) | C17: 10476 | D17: 4870 | E17: 5606
A18: 10 | B18: Chan Aye Thar Zan (East)(W) | C18: 8357 | D18: 3858 | E18: 4499
A19: 11 | B19: Chan Aye Thar Zan (West)(W) | C19: 1702 | D19: 832 | E19: 870
A20: 12 | B20: Chan Aye Thar Zan (Middle)(W) | C20: 6033 | D20: 2820 | E20: 3213
... A28: 20 | B28: Kan Kauk(W) | C28: 21232 | D28: 10306 | E28: 10926

Sheet Mahaaungmye
A1: Manadalay Region,Manadalay District, Mahaaungmye Township
E3: 29-3-2014
A4: Sr | B4: Ward/Village Tract | C4: Population
C5: Total | D5: Male | E5: Female
B6: Total | C6: 241113 | D6: 116903 | E6: 124210
B8: Ward | C8: =SUM(C9:C26) -> 241113 | D8: =SUM(D9:D26) -> 116903 | E8: =SUM(E9:E26) -> 124210
A9: 1 | B9: Ma Har Nwe Sin(W) | C9: 14332 | D9: 6135 | E9: 8197
A10: 2 | B10: Set Kyar Nwe Sin(W) | C10: 10698 | D10: 4972 | E10: 5726
A11: 3 | B11: Hay Ma Mar Lar (North)(W) | C11: 7045 | D11: 3017 | E11: 4028
A12: 4 | B12: Hay Ma Mar Lar (South)(W) | C12: 6471 | D12: 3037 | E12: 3434
A13: 5 | B13: Ya Da Nar Bon Mi (East)(W) | C13: 6196 | D13: 2875 | E13: 3321
A14: 6 | B14: Ya Da Nar Bon Mi (West)(W) | C14: 7038 | D14: 3723 | E14: 3315
A15: 7 | B15: Ma Har Aung Myay (East)(W) | C15: 6498 | D15: 3096 | E15: 3402
A16: 8 | B16: Ma Har Aung Myay (West)(W) | C16: 6272 | D16: 3060 | E16: 3212
A17: 9 | B17: Shwe Hpone Shein(W) | C17: 7391 | D17: 3503 | E17: 3888
A18: 10 | B18: Chan Mya Thar Zi (North)(W) | C18: 10553 | D18: 5222 | E18: 5331
A19: 11 | B19: Tet Ka Tho(W) | C19: 3536 | D19: 1516 | E19: 2020
A20: 12 | B20: Sein Pan(W) | C20: 21767 | D20: 11751 | E20: 10016
... A26: 18 | B26: Ye Mun (South)(W) | C26: 16500 | D26: 8112 | E26: 8388

Sheet Chanmyatharzi
A1: Manadalay Region,Manadalay District,Chanmyatharzi Township
E3: 29-3-2014
A4: Sr | B4: Ward/Village Tract | C4: Population
C5: Total | D5: Male | E5: Female
B6: Total | C6: 283781 | D6: 137528 | E6: 146253
B8: Ward | C8: =SUM(C9:C22) -> 283781 | D8: =SUM(D9:D22) -> 137528 | E8: =SUM(E9:E22) -> 146253
A9: 1 | B9: Than Hlet Maw (South)(W) | C9: 23795 | D9: 11812 | E9: 11983
A10: 2 | B10: Kyung Lone U Shaung(W) | C10: 19337 | D10: 10942 | E10: 8395
A11: 3 | B11: Tan Pa Wa Di(W) | C11: 19079 | D11: 9276 | E11: 9803
A12: 4 | B12: Chan Mya Thar Zi (South)(W) | C12: 35075 | D12: 17170 | E12: 17905
A13: 5 | B13: Myo Thit No (1)(W) | C13: 15550 | D13: 7071 | E13: 8479
A14: 6 | B14: Myo Thit No (2)(W) | C14: 12754 | D14: 6055 | E14: 6699
A15: 7 | B15: Myo Thit No (3)(W) | C15: 9185 | D15: 4139 | E15: 5046
A16: 8 | B16: Myo Thit No (4)(W) | C16: 14891 | D16: 7011 | E16: 7880
A17: 9 | B17: Myo Thit No (5)(W) | C17: 12031 | D17: 5597 | E17: 6434
A18: 10 | B18: Kan Thar Yar(W) | C18: 30646 | D18: 14497 | E18: 16149
A19: 11 | B19: Aung Pin Lel(W) | C19: 25061 | D19: 12009 | E19: 13052
A20: 12 | B20: Htun Tone(W) | C20: 28054 | D20: 13436 | E20: 14618
... A22: 14 | B22: Aung Thar Yar(W) | C22: 17701 | D22: 8585 | E22: 9116

Sheet Pyigyidagun
A1: Manadalay Region,Manadalay District,Pyigyidagun Township
E3: 29-3-2014
A4: Sr | B4: Ward/Village Tract | C4: Population
C5: Total | D5: Male | E5: Female
B6: Total | C6: 237698 | D6: 120794 | E6: 116904
B8: Ward | C8: =SUM(C9:C24) -> 237698 | D8: =SUM(D9:D24) -> 120794 | E8: =SUM(E9:E24) -> 116904
A9: 1 | B9: Chan Mya Thar Yar(W) | C9: 11901 | D9: 6271 | E9: 5630
A10: 2 | B10: Ngwe Taw Kyi Kone(W) | C10: 20141 | D10: 10254 | E10: 9887
A11: 3 | B11: Thin Pan Kone(W) | C11: 32174 | D11: 15336 | E11: 16838
A12: 4 | B12: Ta Khun Tan(W) | C12: 21578 | D12: 10829 | E12: 10749
A13: 5 | B13: Taung Myint(W) | C13: 4651 | D13: 2331 | E13: 2320
A14: 6 | B14: Yar Taw(W) | C14: 3497 | D14: 1692 | E14: 1805
A15: 7 | B15: Htein Kone(W) | C15: 7421 | D15: 3627 | E15: 3794
A16: 8 | B16: (Ka Gyi)(W) | C16: 6374 | D16: 3190 | E16: 3184
A17: 9 | B17: (Kha Gway)(W) | C17: 6827 | D17: 3316 | E17: 3511
A18: 10 | B18: (Ga Nge)(W) | C18: 11212 | D18: 5881 | E18: 5331
A19: 11 | B19: (Ga Gyi)(W) | C19: 12991 | D19: 6149 | E19: 6842
A20: 12 | B20: (Nga)(W) | C20: 4441 | D20: 2225 | E20: 2216
... A24: 16 | B24: (Za Myin Zwe)(W) | C24: 27480 | D24: 15785 | E24: 11695

Sheet Amarapura
A1: Manadalay Region,Manadalay District,Amarapura Township
E3: 29-3-2014
A4: Sr | B4: Ward/Village Tract | C4: Population
C5: Total | D5: Male | E5: Female
B6: Total | C6: 237618 | D6: 114481 | E6: 123137
B8: Ward | C8: =SUM(C9:C17) -> 80824 | D8: =SUM(D9:D17) -> 38959 | E8: =SUM(E9:E17) -> 41865
A9: 1 | B9: Taung Gyi(W) | C9: 1946 | D9: 915 | E9: 1031
A10: 2 | B10: Kyan Tan(W) | C10: 6295 | D10: 2923 | E10: 3372
A11: 3 | B11: Hman Tan(W) | C11: 34902 | D11: 16968 | E11: 17934
A12: 4 | B12: Zay Cho(W) | C12: 7952 | D12: 3622 | E12: 4330
A13: 5 | B13: Shwe Gun Htoke(W) | C13: 3708 | D13: 1880 | E13: 1828
A14: 6 | B14: Lay Su(W) | C14: 4628 | D14: 1994 | E14: 2634
A15: 7 | B15: Oe Taw(W) | C15: 7322 | D15: 3298 | E15: 4024
A16: 8 | B16: Sin Swei Put(W) | C16: 5283 | D16: 3152 | E16: 2131
A17: 9 | B17: Myit Nge(W) | C17: 8788 | D17: 4207 | E17: 4581
B19: Village Tract | C19: =SUM(C20:C61) -> 156794 | D19: =SUM(D20:D61) -> 75522 | E19: =SUM(E20:E61) -> 81272
A20: 1 | B20: Shan Ka Lay Kyun(VT) | C20: 3749 | D20: 1831 | E20: 1918
A21: 2 | B21: Yin Taw(VT) | C21: 2865 | D21: 1370 | E21: 1495
A22: 3 | B22: Hin Thar(VT) | C22: 3203 | D22: 1444 | E22: 1759
A23: 4 | B23: Tat Gyi(VT) | C23: 1438 | D23: 656 | E23: 782
A24: 5 | B24: Bone Taw Naing Ngan(VT) | C24: 1234 | D24: 565 | E24: 669
A25: 6 | B25: Kyee Myin Daing(VT) | C25: 2402 | D25: 1132 | E25: 1270
A26: 7 | B26: Say Oe Bo(VT) | C26: 600 | D26: 272 | E26: 328
A27: 8 | B27: Hpa Ye Kyun(VT) | C27: 1184 | D27: 552 | E27: 632
A28: 9 | B28: Pan Chi(VT) | C28: 2861 | D28: 1286 | E28: 1575
A29: 10 | B29: Nge Toe(VT) | C29: 11114 | D29: 5275 | E29: 5839
A30: 11 | B30: Bone Oe(VT) | C30: 6941 | D30: 3387 | E30: 3554
A31: 12 | B31: Taung Tha Man(VT) | C31: 7322 | D31: 3545 | E31: 3777
... A61: 42 | B61: Yae Poke(VT) | C61: 2082 | D61: 981 | E61: 1101

Sheet Patheingyi
A1: Manadalay Region,Manadalay District,Patheingyi Township
E3: 29-3-2014
A4: Sr | B4: Ward/Village Tract | C4: Population
C5: Total | D5: Male | E5: Female
B6: Total | C6: 263725 | D6: 129004 | E6: 134721
B8: Ward | C8: =SUM(C9) -> 13082 | D8: =SUM(D9) -> 6125 | E8: =SUM(E9) -> 6957
A9: 1 | B9: Myo Ma(W) | C9: 13082 | D9: 6125 | E9: 6957
B11: Village Tract | C11: =SUM(C12:C69) -> 250643 | D11: =SUM(D12:D69) -> 122879 | E11: =SUM(E12:E69) -> 127764
A12: 1 | B12: Me Kin Kone(VT) | C12: 8388 | D12: 4033 | E12: 4355
A13: 2 | B13: Sin Ywar Gyi(VT) | C13: 5634 | D13: 2648 | E13: 2986
A14: 3 | B14: Zee Cho Kone(VT) | C14: 2787 | D14: 1364 | E14: 1423
A15: 4 | B15: Hnan Gyi(VT) | C15: 4731 | D15: 2536 | E15: 2195
A16: 5 | B16: Hman Pin(VT) | C16: 2003 | D16: 971 | E16: 1032
A17: 6 | B17: Yae Htwet(VT) | C17: 9315 | D17: 4601 | E17: 4714
A18: 7 | B18: Kywe Yae Kone(VT) | C18: 1743 | D18: 832 | E18: 911
A19: 8 | B19: Nyein Chan Thar Zan(VT) | C19: 2007 | D19: 970 | E19: 1037
A20: 9 | B20: Nay Rit Sa Ya(VT) | C20: 3396 | D20: 1637 | E20: 1759
A21: 10 | B21: Min Kan(VT) | C21: 3383 | D21: 1655 | E21: 1728
A22: 11 | B22: Boke(VT) | C22: 1919 | D22: 937 | E22: 982
A23: 12 | B23: In Gyin(VT) | C23: 3427 | D23: 1785 | E23: 1642
... A69: 58 | B69: Kyauk Mee(VT) | C69: 4281 | D69: 2024 | E69: 2257

Sheet pyinoolwin
A1: Manadalay Region, Pyin Oo Lwin District, Pyin Oo Lwin Township
E3: 29-3-2014
A4: Sr | B4: Ward/Village Tract | C4: Population
C5: Total | D5: Male | E5: Female
B6: Total | C6: 255508 | D6: 128027 | E6: 127481
B8: Ward | C8: =SUM(C9:C29) -> 158783 | D8: =SUM(D9:D29) -> 79153 | E8: =SUM(E9:E29) -> 79630
A9: 1 | B9: Yat Kwet Gyi (1)(W) | C9: 17094 | D9: 9025 | E9: 8069
A10: 2 | B10: Yat Kwet Gyi (2)(W) | C10: 9184 | D10: 4106 | E10: 5078
A11: 3 | B11: Yat Kwet Gyi (3)(W) | C11: 15389 | D11: 9003 | E11: 6386
A12: 4 | B12: Yat Kwet Gyi (4)(W) | C12: 4792 | D12: 2204 | E12: 2588
A13: 5 | B13: Yat Kwet Gyi (5)(W) | C13: 14533 | D13: 7196 | E13: 7337
A14: 6 | B14: Yat Kwet Gyi (6)(W) | C14: 9252 | D14: 4533 | E14: 4719
A15: 7 | B15: Yat Kwet Gyi (7)(W) | C15: 15783 | D15: 7784 | E15: 7999
A16: 8 | B16: Pa Day Thar(W) | C16: 10387 | D16: 4977 | E16: 5410
A17: 9 | B17: Nan Da Wun(W) | C17: 8010 | D17: 3872 | E17: 4138
A18: 10 | B18: Yat Kwet Gyi (10)(W) | C18: 8756 | D18: 4102 | E18: 4654
A19: 11 | B19: Yat Kwet Gyi (11)(W) | C19: 2720 | D19: 1377 | E19: 1343
A20: 12 | B20: Yat Kwet Gyi (12)(W) | C20: 5640 | D20: 2775 | E20: 2865
... A29: 21 | B29: Yat Kwet Gyi (21)(W) | C29: 9800 | D29: 4726 | E29: 5074
B31: Village Tract | C31: =SUM(C32:C68) -> 96725 | D31: =SUM(D32:D68) -> 48874 | E31: =SUM(E32:E68) -> 47851
A32: 1 | B32: Pyin Sar(VT) | C32: 4237 | D32: 2200 | E32: 2037
A33: 2 | B33: Thone Taung(VT) | C33: 6254 | D33: 3015 | E33: 3239
A34: 3 | B34: Kan Gyi Kone (Aung Chan Thar)(VT) | C34: 5703 | D34: 2949 | E34: 2754
A35: 4 | B35: Let Pan Kone(VT) | C35: 1065 | D35: 535 | E35: 530
A36: 5 | B36: Sone Paw Haing(VT) | C36: 1396 | D36: 766 | E36: 630
A37: 6 | B37: Lun Kaung(VT) | C37: 3846 | D37: 1953 | E37: 1893
A38: 7 | B38: Leik Kya(VT) | C38: 1005 | D38: 520 | E38: 485
A39: 8 | B39: Shwe Chaung(VT) | C39: 1315 | D39: 689 | E39: 626
A40: 9 | B40: Tha Pyay Kyin(VT) | C40: 1371 | D40: 679 | E40: 692
A41: 10 | B41: Thaik Taw(VT) | C41: 3771 | D41: 1999 | E41: 1772
A42: 11 | B42: Hpar Thin(VT) | C42: 1837 | D42: 922 | E42: 915
A43: 12 | B43: Pein Hne Kone(VT) | C43: 1622 | D43: 794 | E43: 828
... A68: 37 | B68: Me Taw(VT) | C68: 1544 | D68: 730 | E68: 814

Sheet Madaya
A1: Manadalay Region, Pyin Oo Lwin District, Madaya Township
E3: 29-3-2014
A4: Sr | B4: Ward/Village Tract | C4: Population
C5: Total | D5: Male | E5: Female
B6: Total | C6: 258001 | D6: 122879 | E6: 135122
B8: ward | C8: =SUM(C9:C13) -> 24234 | D8: =SUM(D9:D13) -> 11473 | E8: =SUM(E9:E13) -> 12761
A9: 1 | B9: No (1)(W) | C9: 1264 | D9: 599 | E9: 665
A10: 2 | B10: No (2)(W) | C10: 12995 | D10: 6124 | E10: 6871
A11: 3 | B11: No (3)(W) | C11: 1271 | D11: 557 | E11: 714
A12: 4 | B12: No (4)(W) | C12: 2227 | D12: 1040 | E12: 1187
A13: 5 | B13: No (5)(W) | C13: 6477 | D13: 3153 | E13: 3324
B15: Village Tract | C15: =SUM(C16:C98) -> 233767 | D15: =SUM(D16:D98) -> 111406 | E15: =SUM(E16:E98) -> 122361
A16: 1 | B16: Pin Lel Inn(VT) | C16: 1821 | D16: 853 | E16: 968
A17: 2 | B17: Kauk Yoe Pon(VT) | C17: 2101 | D17: 968 | E17: 1133
A18: 3 | B18: Nyaung Oke(VT) | C18: 3461 | D18: 1647 | E18: 1814
A19: 4 | B19: Mway Pon Kan(VT) | C19: 4314 | D19: 2073 | E19: 2241
A20: 5 | B20: Kyauk Sa Yit Kone (North)(VT) | C20: 8741 | D20: 4260 | E20: 4481
A21: 6 | B21: Mway Hin Thar(VT) | C21: 1951 | D21: 905 | E21: 1046
A22: 7 | B22: Sa Kyin(VT) | C22: 7128 | D22: 3509 | E22: 3619
A23: 8 | B23: Mway Shwe Khe(VT) | C23: 2912 | D23: 1329 | E23: 1583
A24: 9 | B24: Myay Sun(VT) | C24: 2109 | D24: 926 | E24: 1183
A25: 10 | B25: Yae Nant Thar(VT) | C25: 13843 | D25: 6718 | E25: 7125
A26: 11 | B26: Tha Pyay Thar(VT) | C26: 3390 | D26: 1634 | E26: 1756
A27: 12 | B27: Myit Kan(VT) | C27: 2591 | D27: 1236 | E27: 1355
... A98: 83 | B98: Wa Thon Da Ra(VT) | C98: 1749 | D98: 857 | E98: 892

Sheet Sinku
A1: Manadalay Region, Pyin Oo Lwin District, Sinku Township
E3: 29-3-2014
A4: Sr | B4: Ward/Village Tract | C4: Population
C5: Total | D5: Male | E5: Female
B6: Total | C6: 157585 | D6: 76774 | E6: 80811
B8: ward | C8: =SUM(C9:C10) -> 7393 | D8: =SUM(D9:D10) -> 3546 | E8: =SUM(E9:E10) -> 3847
A9: 1 | B9: No (1)(W) | C9: 3806 | D9: 1877 | E9: 1929
A10: 2 | B10: No (2)(W) | C10: 3587 | D10: 1669 | E10: 1918
B12: Village Tract | C12: =SUM(C13:C49) -> 150192 | D12: =SUM(D13:D49) -> 73228 | E12: =SUM(E13:E49) -> 76964
A13: 1 | B13: Khu Lel(VT) | C13: 4798 | D13: 2404 | E13: 2394
A14: 2 | B14: Nga Pyin Inn(VT) | C14: 2335 | D14: 1179 | E14: 1156
A15: 3 | B15: Shwe Kyin(VT) | C15: 2467 | D15: 1247 | E15: 1220
A16: 4 | B16: Shwe Hlay(VT) | C16: 2050 | D16: 967 | E16: 1083
A17: 5 | B17: Se Thei(VT) | C17: 2428 | D17: 1070 | E17: 1358
A18: 6 | B18: Khet Thin(VT) | C18: 2674 | D18: 1249 | E18: 1425
A19: 7 | B19: Let Pan Kone(VT) | C19: 1378 | D19: 623 | E19: 755
A20: 8 | B20: War Yon Kone(VT) | C20: 3230 | D20: 1614 | E20: 1616
A21: 9 | B21: Se Gyi(VT) | C21: 5988 | D21: 2738 | E21: 3250
A22: 10 | B22: Kyaung Seik(VT) | C22: 2759 | D22: 1326 | E22: 1433
A23: 11 | B23: Htone Gyi(VT) | C23: 3527 | D23: 1629 | E23: 1898
A24: 12 | B24: Yae Taw(VT) | C24: 2573 | D24: 1202 | E24: 1371
... A49: 37 | B49: Kha Tet Chin(VT) | C49: 4267 | D49: 2125 | E49: 2142

Sheet Mogok
A1: Manadalay Region, Pyin Oo Lwin District, Mogok Township
A4: Sr | B4: Ward/Village Tract | C4: Population
C5: Total | D5: Male | E5: Female
B6: Total | C6: 167149 | D6: 84892 | E6: 82257
B8: ward | C8: =SUM(C9:C13) -> 77609 | D8: =SUM(D9:D13) -> 37664 | E8: =SUM(E9:E13) -> 39945
A9: 1 | B9: Myo Ma(W) | C9: 20603 | D9: 10161 | E9: 10442
A10: 2 | B10: Shaw Li Waing(W) | C10: 31602 | D10: 15029 | E10: 16573
A11: 3 | B11: Min Ta Dar(W) | C11: 6764 | D11: 3375 | E11: 3389
A12: 4 | B12: Lel U(W) | C12: 12670 | D12: 6099 | E12: 6571
A13: 5 | B13: Yae Pu(W) | C13: 5970 | D13: 3000 | E13: 2970
B15: Village Tract | C15: =SUM(C16:C44) -> 89540 | D15: =SUM(D16:D44) -> 47228 | E15: =SUM(E16:E44) -> 42312
A16: 1 | B16: Pein Pyit(VT) | C16: 4218 | D16: 2117 | E16: 2101
A17: 2 | B17: Taung Dun(VT) | C17: 289 | D17: 164 | E17: 125
A18: 3 | B18: Tha Dut Sho(VT) | C18: 5953 | D18: 3997 | E18: 1956
A19: 4 | B19: Pyaung Pyin(VT) | C19: 1143 | D19: 726 | E19: 417
A20: 5 | B20: Kyauk Sin(VT) | C20: 2351 | D20: 1351 | E20: 1000
A21: 6 | B21: Bar Nate (Ywar Thar Yar)(VT) | C21: 2137 | D21: 1202 | E21: 935
A22: 7 | B22: Kyauk War(VT) | C22: 1938 | D22: 1013 | E22: 925
A23: 8 | B23: Li Shaw Lel U(VT) | C23: 3027 | D23: 1631 | E23: 1396
A24: 9 | B24: Chaung Gyi(VT) | C24: 2005 | D24: 1053 | E24: 952
A25: 10 | B25: Li Shaw Kyauk Pon(VT) | C25: 1646 | D25: 861 | E25: 785
A26: 11 | B26: Kyet Na Hpa(VT) | C26: 635 | D26: 306 | E26: 329
A27: 12 | B27: Bawt Lone Gyi(VT) | C27: 3024 | D27: 1680 | E27: 1344
... A44: 29 | B44: Lwe Ngin(VT) | C44: 210 | D44: 119 | E44: 91

Sheet tabeikkyin
A1: Manadalay Region, Pyin Oo Lwin District, Thabeikkyin Township
E3: 29-3-2014
A4: Sr | B4: Ward/Village Tract | C4: Population
C5: Total | D5: Male | E5: Female
B6: Total | C6: 127832 | D6: 65619 | E6: 62213
B8: Ward | C8: =SUM(C9:C10) -> 5630 | D8: =SUM(D9:D10) -> 2801 | E8: =SUM(E9:E10) -> 2829
A9: 1 | B9: Seik Kan(W) | C9: 3611 | D9: 1821 | E9: 1790
A10: 2 | B10: Ka Be(W) | C10: 2019 | D10: 980 | E10: 1039
B12: Village Tract | C12: =SUM(C13:C29) -> 122202 | D12: =SUM(D13:D29) -> 62818 | E12: =SUM(E13:E29) -> 59384
A13: 1 | B13: Gway Pin Hmaw(VT) | C13: 2060 | D13: 1131 | E13: 929
A14: 2 | B14: War Hpyu Taung(VT) | C14: 4870 | D14: 2466 | E14: 2404
A15: 3 | B15: Ohn Zone(VT) | C15: 34047 | D15: 17705 | E15: 16342
A16: 4 | B16: Kyauk Hle Bee(VT) | C16: 2324 | D16: 1255 | E16: 1069
A17: 5 | B17: Kyauk Gyi(VT) | C17: 1677 | D17: 985 | E17: 692
A18: 6 | B18: Twin Nge(VT) | C18: 8159 | D18: 4166 | E18: 3993
A19: 7 | B19: Kyauk Hpyar(VT) | C19: 1600 | D19: 797 | E19: 803
A20: 8 | B20: Kyauk Hpyu(VT) | C20: 4169 | D20: 2139 | E20: 2030
A21: 9 | B21: Yae Nyar U(VT) | C21: 925 | D21: 453 | E21: 472
A22: 10 | B22: Sa Bai Na Go(VT) | C22: 4906 | D22: 2447 | E22: 2459
A23: 11 | B23: Kyar Hnyat(VT) | C23: 14993 | D23: 7375 | E23: 7618
A24: 12 | B24: Pauk Ta Pin(VT) | C24: 4266 | D24: 2019 | E24: 2247
... A29: 17 | B29: Chaung Gyi (Ta Kaung Sub-tsp)(VT) | C29: 16953 | D29: 8899 | E29: 8054

Sheet         Tagaung(Sub-Tsp)
A1: Manadalay Region, Pyin Oo Lwin District, Tagaung(Sub- Township)
E3: 29-3-2014
A4: Sr | B4: Ward/Village Tract | C4: Population
C5: Total | D5: Male | E5: Female
B6: Total | C6: 35870 | D6: 17609 | E6: 18261
B8: Ward | C8: =SUM(C9:C11) -> 8135 | D8: =SUM(D9:D11) -> 3957 | E8: =SUM(E9:E11) -> 4178
A9: 1 | B9: Ta Kaung (1)(W) | C9: 3822 | D9: 1852 | E9: 1970
A10: 2 | B10: Ta Kaung (2)(W) | C10: 2849 | D10: 1398 | E10: 1451
A11: 3 | B11: Ta Kaung (3)(W) | C11: 1464 | D11: 707 | E11: 757
B13: Village Tract | C13: =SUM(C14:C18) -> 27735 | D13: =SUM(D14:D18) -> 13652 | E13: =SUM(E14:E18) -> 14083
A14: 1 | B14: Ma Gyi Kone (Ta Kaung Sub-tsp)(VT) | C14: 6875 | D14: 3438 | E14: 3437
A15: 2 | B15: Inn Net (Ta Kaung Sub-tsp)(VT) | C15: 7336 | D15: 3536 | E15: 3800
A16: 3 | B16: Kyauk Aing (Ta Kaung Sub-tsp)(VT) | C16: 3269 | D16: 1686 | E16: 1583
A17: 4 | B17: Maing Daing (Ta Kaung Sub-tsp)(VT) | C17: 3525 | D17: 1786 | E17: 1739
A18: 5 | B18: Hpone Kone (Ta Kaung Sub-tsp)(VT) | C18: 6730 | D18: 3206 | E18: 3524

Sheet kyaukse
A1: Manadalay Region,Kyaukse District, Kyaukse Township
E3: 29-3-2014
A4: Sr | B4: Ward/Village Tract | C4: Population
C5: Total | D5: Male | E5: Female
B6: Total | C6: 257907 | D6: 124539 | E6: 133368
B8: Ward | C8: =SUM(C9:C18) -> 41482 | D8: =SUM(D9:D18) -> 19775 | E8: =SUM(E9:E18) -> 21707
A9: 1 | B9: Sue Kone(W) | C9: 4631 | D9: 2189 | E9: 2442
A10: 2 | B10: Zay Tan(W) | C10: 1358 | D10: 624 | E10: 734
A11: 3 | B11: Hpaung Ywar(W) | C11: 3907 | D11: 1815 | E11: 2092
A12: 4 | B12: Su Gyi(W) | C12: 1769 | D12: 917 | E12: 852
A13: 5 | B13: Pyi Lone Naing(W) | C13: 3462 | D13: 1692 | E13: 1770
A14: 6 | B14: Min Yat(W) | C14: 5942 | D14: 2840 | E14: 3102
A15: 7 | B15: Baw Ga Wa Di(W) | C15: 5460 | D15: 2631 | E15: 2829
A16: 8 | B16: Ye Su(W) | C16: 4440 | D16: 2160 | E16: 2280
A17: 9 | B17: Kyet Min Tun(W) | C17: 4440 | D17: 2118 | E17: 2322
A18: 10 | B18: Aye Mya Kyi Lin(W) | C18: 6073 | D18: 2789 | E18: 3284
B20: Village Tract | C20: =SUM(C21:C106) -> 216425 | D20: =SUM(D21:D106) -> 104764 | E20: =SUM(E21:E106) -> 111661
A21: 1 | B21: Shar Pin(VT) | C21: 1406 | D21: 650 | E21: 756
A22: 2 | B22: Dway Hla(VT) | C22: 800 | D22: 349 | E22: 451
A23: 3 | B23: Ngar Su(VT) | C23: 314 | D23: 145 | E23: 169
A24: 4 | B24: Thin Pyo(VT) | C24: 638 | D24: 291 | E24: 347
A25: 5 | B25: Kyee Eik(VT) | C25: 2537 | D25: 1158 | E25: 1379
A26: 6 | B26: Sin Kun(VT) | C26: 3767 | D26: 1742 | E26: 2025
A27: 7 | B27: Pan Khwar(VT) | C27: 2111 | D27: 1009 | E27: 1102
A28: 8 | B28: Kyee Pya(VT) | C28: 1401 | D28: 638 | E28: 763
A29: 9 | B29: Kyaung Pan Kone(VT) | C29: 1391 | D29: 733 | E29: 658
A30: 10 | B30: Nyaung Shwe(VT) | C30: 1015 | D30: 494 | E30: 521
A31: 11 | B31: Nyaung Wun(VT) | C31: 1988 | D31: 899 | E31: 1089
A32: 12 | B32: Put Taing(VT) | C32: 2541 | D32: 1192 | E32: 1349
... A106: 86 | B106: Kyaung(VT) | C106: 2558 | D106: 1337 | E106: 1221

Sheet singaing
A1: Manadalay Region,Kyaukse District,Singaing Township
E3: 29-3-2014
A4: Sr | B4: Ward/Village Tract | C4: Population
C5: Total | D5: Male | E5: Female
B6: Total | C6: 148918 | D6: 71161 | E6: 77757
B8: Ward | C8: =SUM(C9:C13) -> 8290 | D8: =SUM(D9:D13) -> 3774 | E8: =SUM(E9:E13) -> 4516
A9: 1 | B9: Myo Thit(W) | C9: 1319 | D9: 612 | E9: 707
A10: 2 | B10: Myo Ma(W) | C10: 2150 | D10: 963 | E10: 1187
A11: 3 | B11: Ywar Naing(W) | C11: 1265 | D11: 583 | E11: 682
A12: 4 | B12: Ta Yoke Su(W) | C12: 1821 | D12: 849 | E12: 972
A13: 5 | B13: Yan Aung Myin(W) | C13: 1735 | D13: 767 | E13: 968
B15: Village Tract | C15: =SUM(C16:C63) -> 140628 | D15: =SUM(D16:D63) -> 67387 | E15: =SUM(E16:E63) -> 73241
A16: 1 | B16: Thein Ni Kone(VT) | C16: 1400 | D16: 698 | E16: 702
A17: 2 | B17: Myo Wun Kone(VT) | C17: 2131 | D17: 986 | E17: 1145
A18: 3 | B18: Mee Thway Boke(VT) | C18: 8601 | D18: 4304 | E18: 4297
A19: 4 | B19: Sun Ye(VT) | C19: 7313 | D19: 3643 | E19: 3670
A20: 5 | B20: Taung Yin(VT) | C20: 4304 | D20: 2353 | E20: 1951
A21: 6 | B21: Bei Lin(VT) | C21: 4800 | D21: 2202 | E21: 2598
A22: 7 | B22: Daunt Gyi Kwayt(VT) | C22: 2824 | D22: 1333 | E22: 1491
A23: 8 | B23: Mon Pin(VT) | C23: 4942 | D23: 2346 | E23: 2596
A24: 9 | B24: Moe Kaung(VT) | C24: 5055 | D24: 2339 | E24: 2716
A25: 10 | B25: Nyaung Pin Gyi(VT) | C25: 3088 | D25: 1511 | E25: 1577
A26: 11 | B26: Ywar Haung Kone(VT) | C26: 1935 | D26: 952 | E26: 983
A27: 12 | B27: Tha Pyay Yoe(VT) | C27: 2948 | D27: 1391 | E27: 1557
... A63: 48 | B63: Kan Swei(VT) | C63: 779 | D63: 399 | E63: 380

Sheet myitthar
A1: Manadalay Region,Kyaukse District, Myitthar Township
E3: 29-3-2014
A4: Sr | B4: Ward/Village Tract | C4: Population
C5: Total | D5: Male | E5: Female
B6: Total | C6: 195629 | D6: 92672 | E6: 102957
B8: Ward | C8: =SUM(C9:C14) -> 19342 | D8: =SUM(D9:D14) -> 9081 | E8: =SUM(E9:E14) -> 10261
A9: 1 | B9: Bu Tar(W) | C9: 5616 | D9: 2617 | E9: 2999
A10: 2 | B10: Min Kone(W) | C10: 1439 | D10: 645 | E10: 794
A11: 3 | B11: Shwe Thu Htay(W) | C11: 4396 | D11: 2032 | E11: 2364
A12: 4 | B12: Shan Pwe(W) | C12: 2465 | D12: 1214 | E12: 1251
A13: 5 | B13: Myo Ma (West)(W) | C13: 1015 | D13: 489 | E13: 526
A14: 6 | B14: Myo Ma (East)(W) | C14: 4411 | D14: 2084 | E14: 2327
B16: Village Tract | C16: =SUM(C17:C98) -> 176287 | D16: =SUM(D17:D98) -> 83591 | E16: =SUM(E17:E98) -> 92696
A17: 1 | B17: Pyaw(VT) | C17: 2977 | D17: 1424 | E17: 1553
A18: 2 | B18: Gway(VT) | C18: 5189 | D18: 2420 | E18: 2769
A19: 3 | B19: Yoe Kan(VT) | C19: 3301 | D19: 1571 | E19: 1730
A20: 4 | B20: Yit Kan(VT) | C20: 2886 | D20: 1358 | E20: 1528
A21: 5 | B21: Hin Nyant Kan(VT) | C21: 466 | D21: 208 | E21: 258
A22: 6 | B22: Tha Pay Thar (West)(VT) | C22: 323 | D22: 174 | E22: 149
A23: 7 | B23: Nwar Shar Yoe(VT) | C23: 1547 | D23: 727 | E23: 820
A24: 8 | B24: Nyaung Gyit(VT) | C24: 1565 | D24: 732 | E24: 833
A25: 9 | B25: Ta Mar Pin(VT) | C25: 1184 | D25: 567 | E25: 617
A26: 10 | B26: Wet Htein(VT) | C26: 1605 | D26: 732 | E26: 873
A27: 11 | B27: Thit Tet Kone(VT) | C27: 4348 | D27: 2117 | E27: 2231
A28: 12 | B28: Pauk Myaing(VT) | C28: 1606 | D28: 775 | E28: 831
... A98: 82 | B98: Pa Khan(VT) | C98: 829 | D98: 399 | E98: 430

Sheet Tada U
A1: Manadalay Region,Kyaukse District, Tada U Township
E3: 29-3-2014
A4: Sr | B4: Ward/Village Tract | C4: Population
C5: Total | D5: Male | E5: Female
B6: Total | C6: 138617 | D6: 64754 | E6: 73863
B8: Ward | C8: =SUM(C9:C11) -> 12389 | D8: =SUM(D9:D11) -> 5800 | E8: =SUM(E9:E11) -> 6589
A9: 1 | B9: No (1)(W) | C9: 4458 | D9: 2122 | E9: 2336
A10: 2 | B10: No (2)(W) | C10: 3078 | D10: 1422 | E10: 1656
A11: 3 | B11: No (3)(W) | C11: 4853 | D11: 2256 | E11: 2597
B13: Village Tract | C13: =SUM(C14:C74) -> 126228 | D13: =SUM(D14:D74) -> 58954 | E13: =SUM(E14:E74) -> 67274
A14: 1 | B14: Aung Thar(VT) | C14: 2948 | D14: 1401 | E14: 1547
A15: 2 | B15: Ba Leit Ba(VT) | C15: 1414 | D15: 632 | E15: 782
A16: 3 | B16: Chaung Gwa(VT) | C16: 4115 | D16: 1939 | E16: 2176
A17: 4 | B17: Chaung Son(VT) | C17: 1706 | D17: 829 | E17: 877
A18: 5 | B18: In Kan(VT) | C18: 3840 | D18: 1811 | E18: 2029
A19: 6 | B19: Gway Kone(VT) | C19: 1974 | D19: 917 | E19: 1057
A20: 7 | B20: Gaung Kwe(VT) | C20: 2869 | D20: 1360 | E20: 1509
A21: 8 | B21: Gway Saung(VT) | C21: 2658 | D21: 1262 | E21: 1396
A22: 9 | B22: Han Thar Wa Di(VT) | C22: 2150 | D22: 1011 | E22: 1139
A23: 10 | B23: Hta Naung Kaing(VT) | C23: 2337 | D23: 1016 | E23: 1321
A24: 11 | B24: Inn Ku(VT) | C24: 1710 | D24: 804 | E24: 906
A25: 12 | B25: Ku Toet Seik(VT) | C25: 1187 | D25: 555 | E25: 632
... A74: 61 | B74: Zee Kan(VT) | C74: 1982 | D74: 887 | E74: 1095

Sheet Myingyan
A1: Manadalay Region,Myingyan District, Myingyan Township
E3: 29-3-2014
A4: Sr | B4: Ward/Village Tract | C4: Population
C5: Total | D5: Male | E5: Female
B6: Total | C6: 276096 | D6: 124100 | E6: 151996
B8: Ward | C8: =SUM(C9:C27) -> 87708 | D8: =SUM(D9:D27) -> 40016 | E8: =SUM(E9:E27) -> 47692
A9: 1 | B9: No (1)(W) | C9: 11370 | D9: 5180 | E9: 6190
A10: 2 | B10: No (2)(W) | C10: 9690 | D10: 4936 | E10: 4754
A11: 3 | B11: No (3)(W) | C11: 2236 | D11: 971 | E11: 1265
A12: 4 | B12: No (4)(W) | C12: 6214 | D12: 2754 | E12: 3460
A13: 5 | B13: No (5)(W) | C13: 2058 | D13: 857 | E13: 1201
A14: 6 | B14: No (6)(W) | C14: 7232 | D14: 3285 | E14: 3947
A15: 7 | B15: No (7)(W) | C15: 2620 | D15: 1135 | E15: 1485
A16: 8 | B16: No (8)(W) | C16: 1031 | D16: 460 | E16: 571
A17: 9 | B17: No (9)(W) | C17: 2164 | D17: 898 | E17: 1266
A18: 10 | B18: No (10)(W) | C18: 2075 | D18: 1017 | E18: 1058
A19: 11 | B19: No (11)(W) | C19: 2476 | D19: 1136 | E19: 1340
A20: 12 | B20: No (12)(W) | C20: 3882 | D20: 1769 | E20: 2113
... A27: 19 | B27: No (19)(W) | C27: 6988 | D27: 3140 | E27: 3848
B29: Village Tract | C29: =SUM(C30:C95) -> 188388 | D29: =SUM(D30:D95) -> 84084 | E29: =SUM(E30:E95) -> 104304
A30: 1 | B30: Pin Lel(VT) | C30: 3389 | D30: 1576 | E30: 1813
A31: 2 | B31: Hpet Pin Aing(VT) | C31: 3699 | D31: 1712 | E31: 1987
A32: 3 | B32: Ngar Nan(VT) | C32: 4409 | D32: 2008 | E32: 2401
A33: 4 | B33: Si Mee Khon(VT) | C33: 5200 | D33: 2456 | E33: 2744
A34: 5 | B34: Ku Lar(VT) | C34: 2162 | D34: 1029 | E34: 1133
A35: 6 | B35: Kan Ni(VT) | C35: 1784 | D35: 818 | E35: 966
A36: 7 | B36: Pay Taw(VT) | C36: 1539 | D36: 701 | E36: 838
A37: 8 | B37: Nyaung Wun(VT) | C37: 406 | D37: 178 | E37: 228
A38: 9 | B38: Nwar Ku Aing(VT) | C38: 3304 | D38: 1510 | E38: 1794
A39: 10 | B39: Kan Chaw(VT) | C39: 4149 | D39: 1955 | E39: 2194
A40: 11 | B40: Pyawt (Shwe Bon Thar)(VT) | C40: 1689 | D40: 775 | E40: 914
A41: 12 | B41: Ka Taw(VT) | C41: 4328 | D41: 1953 | E41: 2375
... A95: 66 | B95: Gway Pin Yoe(VT) | C95: 2022 | D95: 849 | E95: 1173

Sheet Taungtha
A1: Manadalay Region,Myingyan District,Taungtha Township
E3: 29-3-2014
A4: Sr | B4: Ward/Village Tract | C4: Population
C5: Total | D5: Male | E5: Female
B6: Total | C6: 216642 | D6: 97161 | E6: 119481
B8: Ward | C8: =SUM(C9:C14) -> 17528 | D8: =SUM(D9:D14) -> 8107 | E8: =SUM(E9:E14) -> 9421
A9: 1 | B9: Hpa Yar Gyi (West)(W) | C9: 2382 | D9: 1096 | E9: 1286
A10: 2 | B10: Myo Ma(W) | C10: 1671 | D10: 778 | E10: 893
A11: 3 | B11: Tan Myint Kyaung(W) | C11: 4055 | D11: 1924 | E11: 2131
A12: 4 | B12: Zay(W) | C12: 1149 | D12: 492 | E12: 657
A13: 5 | B13: Bu Tar Kone(W) | C13: 3277 | D13: 1493 | E13: 1784
A14: 6 | B14: Min Su(W) | C14: 4994 | D14: 2324 | E14: 2670
B16: Village Tract | C16: =SUM(C17:C93) -> 199114 | D16: =SUM(D17:D93) -> 89054 | E16: =SUM(E17:E93) -> 110060
A17: 1 | B17: Oe Bo(VT) | C17: 3589 | D17: 1563 | E17: 2026
A18: 2 | B18: Thar Yar Gyi (Chon Gyi)(VT) | C18: 3232 | D18: 1469 | E18: 1763
A19: 3 | B19: Hpa Yar Hla(VT) | C19: 2723 | D19: 1282 | E19: 1441
A20: 4 | B20: Hnan(VT) | C20: 1417 | D20: 593 | E20: 824
A21: 5 | B21: Kan Sint(VT) | C21: 1612 | D21: 763 | E21: 849
A22: 6 | B22: Nan Myint (Nwar Pyin)(VT) | C22: 2035 | D22: 856 | E22: 1179
A23: 7 | B23: Moe Hnaung Khin(VT) | C23: 406 | D23: 162 | E23: 244
A24: 8 | B24: Dan Daing(VT) | C24: 2272 | D24: 1015 | E24: 1257
A25: 9 | B25: Aung Thar(VT) | C25: 986 | D25: 437 | E25: 549
A26: 10 | B26: Ah Lel Chaint(VT) | C26: 1949 | D26: 888 | E26: 1061
A27: 11 | B27: Na Be Kan(VT) | C27: 1238 | D27: 600 | E27: 638
A28: 12 | B28: Kyauk Chaw(VT) | C28: 684 | D28: 292 | E28: 392
... A93: 77 | B93: Tharyar Aye (Leik Kone)(VT) | C93: 2160 | D93: 941 | E93: 1219

Sheet natogyi
A1: Manadalay Region,Myingyan District, Natogyi Township
E3: 29-3-2014
A4: Sr | B4: Ward/Village Tract | C4: Population
C5: Total | D5: Male | E5: Female
B6: Total | C6: =C8+C18 -> 177078 | D6: =D8+D18 -> 80848 | E6: =E8+E18 -> 96230
B8: Ward | C8: =SUM(C9:C16) -> 12818 | D8: =SUM(D9:D16) -> 5975 | E8: =SUM(E9:E16) -> 6843
A9: 1 | B9: No (1)(W) | C9: 2019 | D9: 900 | E9: 1119
A10: 2 | B10: No (2)(W) | C10: 1899 | D10: 961 | E10: 938
A11: 3 | B11: No (3)(W) | C11: 605 | D11: 256 | E11: 349
A12: 4 | B12: No (4)(W) | C12: 2105 | D12: 1011 | E12: 1094
A13: 5 | B13: No (5)(W) | C13: 2463 | D13: 1091 | E13: 1372
A14: 6 | B14: No (6)(W) | C14: 1957 | D14: 937 | E14: 1020
A15: 7 | B15: No (7)(W) | C15: 741 | D15: 338 | E15: 403
A16: 8 | B16: No (8)(W) | C16: 1029 | D16: 481 | E16: 548
B18: Village Tract | C18: =SUM(C19:C82) -> 164260 | D18: =SUM(D19:D82) -> 74873 | E18: =SUM(E19:E82) -> 89387
A19: 1 | B19: Hta Naung Pin Le(VT) | C19: 2822 | D19: 1347 | E19: 1475
A20: 2 | B20: Nyaung Done(VT) | C20: 1811 | D20: 858 | E20: 953
A21: 3 | B21: Gway Pin Taw(VT) | C21: 1142 | D21: 522 | E21: 620
A22: 4 | B22: Tha Min Bay(VT) | C22: 2197 | D22: 1022 | E22: 1175
A23: 5 | B23: Htan Gwa(VT) | C23: 5019 | D23: 2349 | E23: 2670
A24: 6 | B24: Moe Kan(VT) | C24: 1556 | D24: 782 | E24: 774
A25: 7 | B25: Sein Pan Kan(VT) | C25: 3902 | D25: 1834 | E25: 2068
A26: 8 | B26: Oke Twin(VT) | C26: 1259 | D26: 585 | E26: 674
A27: 9 | B27: Hpa Yar Gyi(VT) | C27: 1493 | D27: 733 | E27: 760
A28: 10 | B28: Kyee Kan(VT) | C28: 1404 | D28: 650 | E28: 754
A29: 11 | B29: Daunt Boe(VT) | C29: 3253 | D29: 1575 | E29: 1678
A30: 12 | B30: Ta Pei(VT) | C30: 2644 | D30: 1247 | E30: 1397
... A82: 64 | B82: Ka Daung(VT) | C82: 4241 | D82: 1908 | E82: 2333

Sheet Kyaukpadaung
A1: Manadalay Region,Myingyan District, Kyaukpadaung Township
E3: 29-3-2014
A4: Sr | B4: Ward/Village Tract | C4: Population
C5: Total | D5: Male | E5: Female
B6: Total | C6: 261908 | D6: 116625 | E6: 145283
B8: Ward | C8: =SUM(C9:C20) -> 42817 | D8: =SUM(D9:D20) -> 19939 | E8: =SUM(E9:E20) -> 22878
A9: 1 | B9: Myauk Pyi (Taw Thar)(W) | C9: 5225 | D9: 2469 | E9: 2756
A10: 2 | B10: Lut Lat Yay(W) | C10: 4070 | D10: 1782 | E10: 2288
A11: 3 | B11: Thar Yar Aye(W) | C11: 8302 | D11: 3992 | E11: 4310
A12: 4 | B12: Tan Pa Wa Di(W) | C12: 3158 | D12: 1432 | E12: 1726
A13: 5 | B13: Zay Kwet Thit(W) | C13: 1332 | D13: 589 | E13: 743
A14: 6 | B14: Myo Ma Kwet Thit(W) | C14: 881 | D14: 419 | E14: 462
A15: 7 | B15: San Pya(W) | C15: 4831 | D15: 2228 | E15: 2603
A16: 8 | B16: Bu Tar(W) | C16: 3052 | D16: 1468 | E16: 1584
A17: 9 | B17: Aung Min Ga Lar(W) | C17: 4564 | D17: 2181 | E17: 2383
A18: 10 | B18: Myo Ma (South)(W) | C18: 926 | D18: 381 | E18: 545
A19: 11 | B19: Myo Ma(W) | C19: 2177 | D19: 1011 | E19: 1166
A20: 12 | B20: Thi Ri Min Ga Lar(W) | C20: 4299 | D20: 1987 | E20: 2312
B22: Village Tract | C22: =SUM(C23:C131) -> 219091 | D22: =SUM(D23:D131) -> 96686 | E22: =SUM(E23:E131) -> 122405
A23: 1 | B23: Kan Hpyu(VT) | C23: 5211 | D23: 2260 | E23: 2951
A24: 2 | B24: Seik Tein(VT) | C24: 4849 | D24: 2116 | E24: 2733
A25: 3 | B25: Myin Thar Taung(VT) | C25: 2267 | D25: 984 | E25: 1283
A26: 4 | B26: Su Hpyu Kone(VT) | C26: 808 | D26: 351 | E26: 457
A27: 5 | B27: Lay Pin (South)(VT) | C27: 1812 | D27: 782 | E27: 1030
A28: 6 | B28: Kan Bar Te (South)(VT) | C28: 1219 | D28: 560 | E28: 659
A29: 7 | B29: Tha Pyay Kaing(VT) | C29: 1087 | D29: 469 | E29: 618
A30: 8 | B30: Than Khone/ (Ku)(VT) | C30: 546 | D30: 241 | E30: 305
A31: 9 | B31: Dee Doke Kone(VT) | C31: 5457 | D31: 2320 | E31: 3137
A32: 10 | B32: Ku Lel(VT) | C32: 548 | D32: 234 | E32: 314
A33: 11 | B33: Hlaing Thar(VT) | C33: 3228 | D33: 1419 | E33: 1809
A34: 12 | B34: Kyar Nay Aint(VT) | C34: 1479 | D34: 618 | E34: 861
... A131: 109 | B131: Kyet Pyit(VT) | C131: 1026 | D131: 466 | E131: 560

Sheet  Ngazun
A1: Manadalay Region,Myingyan District, Ngazun Township
E3: 29-3-2014
A4: Sr | B4: Ward/Village Tract | C4: Population
C5: Total | D5: Male | E5: Female
B6: Total | C6: 124233 | D6: 56669 | E6: 67564
B8: Ward | C8: =SUM(C9:C12) -> 7080 | D8: =SUM(D9:D12) -> 3248 | E8: =SUM(E9:E12) -> 3832
A9: 1 | B9: No (1)(W) | C9: 3022 | D9: 1422 | E9: 1600
A10: 2 | B10: No (2)(W) | C10: 949 | D10: 395 | E10: 554
A11: 3 | B11: No (3)(W) | C11: 1405 | D11: 619 | E11: 786
A12: 4 | B12: No (4)(W) | C12: 1704 | D12: 812 | E12: 892
B14: Village Tract | C14: =SUM(C15:C58) -> 117153 | D14: =SUM(D15:D58) -> 53421 | E14: =SUM(E15:E58) -> 63732
A15: 1 | B15: Thaung Pyin(VT) | C15: 1461 | D15: 670 | E15: 791
A16: 2 | B16: Ah Nauk Taw(VT) | C16: 2443 | D16: 1128 | E16: 1315
A17: 3 | B17: Gyo(VT) | C17: 1415 | D17: 633 | E17: 782
A18: 4 | B18: Pan(VT) | C18: 3564 | D18: 1610 | E18: 1954
A19: 5 | B19: Taung Lel Taw(VT) | C19: 2665 | D19: 1255 | E19: 1410
A20: 6 | B20: Htun Thar(VT) | C20: 1441 | D20: 645 | E20: 796
A21: 7 | B21: Ta Mar Pin(VT) | C21: 2763 | D21: 1216 | E21: 1547
A22: 8 | B22: Ywar Thit(VT) | C22: 3040 | D22: 1385 | E22: 1655
A23: 9 | B23: Kyauk Ta Lone(VT) | C23: 4014 | D23: 1859 | E23: 2155
A24: 10 | B24: Chin Thayt Let(VT) | C24: 3568 | D24: 1617 | E24: 1951
A25: 11 | B25: Tha Nat Sit(VT) | C25: 5740 | D25: 2669 | E25: 3071
A26: 12 | B26: Si Taung(VT) | C26: 1378 | D26: 623 | E26: 755
... A58: 44 | B58: Aing Thar(VT) | C58: 2096 | D58: 933 | E58: 1163

Sheet Nyaung U
A1: Manadalay Region, Nyaung U District, Nyaung U Township
E3: 29-3-2014
A4: Sr | B4: Ward/Village Tract | C4: Population
C5: Total | D5: Male | E5: Female
B6: Total | C6: 198185 | D6: 91508 | E6: 106677
B8: Ward | C8: =SUM(C9:C21) -> 48528 | D8: =SUM(D9:D21) -> 23354 | E8: =SUM(E9:E21) -> 25174
A9: 1 | B9: No (1)(W) | C9: 7227 | D9: 3418 | E9: 3809
A10: 2 | B10: No (2)(W) | C10: 2699 | D10: 1229 | E10: 1470
A11: 3 | B11: No (3)(W) | C11: 6726 | D11: 3251 | E11: 3475
A12: 4 | B12: No (4)(W) | C12: 4469 | D12: 2113 | E12: 2356
A13: 5 | B13: No (5)(W) | C13: 6946 | D13: 3286 | E13: 3660
A14: 6 | B14: No (6)(W) | C14: 3273 | D14: 1618 | E14: 1655
A15: 7 | B15: No (7)(W) | C15: 2827 | D15: 1453 | E15: 1374
A16: 8 | B16: Ah Naw Ra Htar(W) | C16: 5182 | D16: 2443 | E16: 2739
A17: 9 | B17: Kyan Sit Thar(W) | C17: 3541 | D17: 1742 | E17: 1799
A18: 10 | B18: Thi Ri Pyit Sa Yar(W) | C18: 1606 | D18: 792 | E18: 814
A19: 11 | B19: Shwe Twin(W) | C19: 882 | D19: 417 | E19: 465
A20: 12 | B20: Ah Shey Ya Naung(W) | C20: 1267 | D20: 623 | E20: 644
A21: 13 | B21: Gang Ga (Hotel Zone 4)(W) | C21: 1883 | D21: 969 | E21: 914
B23: Village Tract | C23: =SUM(C24:C82) -> 149657 | D23: =SUM(D24:D82) -> 68154 | E23: =SUM(E24:E82) -> 81503
A24: 1 | B24: Let Pan Chay Paw(VT) | C24: 7811 | D24: 3506 | E24: 4305
A25: 2 | B25: Taung Zin(VT) | C25: 9774 | D25: 4480 | E25: 5294
A26: 3 | B26: Tu Ywin Taing(VT) | C26: 5378 | D26: 2279 | E26: 3099
A27: 4 | B27: Myin Ka Bar(VT) | C27: 6057 | D27: 2817 | E27: 3240
A28: 5 | B28: Sint Ku(VT) | C28: 7240 | D28: 3339 | E28: 3901
A29: 6 | B29: Kya Oh(VT) | C29: 5190 | D29: 2315 | E29: 2875
A30: 7 | B30: Taung Bi Lay(VT) | C30: 6205 | D30: 2813 | E30: 3392
A31: 8 | B31: Myay Ne Lay(VT) | C31: 903 | D31: 435 | E31: 468
A32: 9 | B32: Kan Bar Ni(VT) | C32: 1537 | D32: 680 | E32: 857
A33: 10 | B33: Si Thar(VT) | C33: 442 | D33: 182 | E33: 260
A34: 11 | B34: Inn Taing(VT) | C34: 613 | D34: 274 | E34: 339
A35: 12 | B35: Myay Thin Twin(VT) | C35: 2862 | D35: 1341 | E35: 1521
... A82: 59 | B82: Pyin Chaung(VT) | C82: 847 | D82: 390 | E82: 457

Sheet  Ngathayauk(Sub-Tsp)
A1: Manadalay Region,Nyaung U District, Ngathayauk(Sub- Township)
E3: 29-3-2014
A4: Sr | B4: Ward/Village Tract | C4: Population
C5: Total | D5: Male | E5: Female
B6: Total | C6: 41762 | D6: 17968 | E6: 23794
B8: Ward | C8: =SUM(C9:C12) -> 5815 | D8: =SUM(D9:D12) -> 2486 | E8: =SUM(E9:E12) -> 3329
A9: 1 | B9: No (1)(W) | C9: 1428 | D9: 646 | E9: 782
A10: 2 | B10: No (2)(W) | C10: 1645 | D10: 710 | E10: 935
A11: 3 | B11: No (3)(W) | C11: 1873 | D11: 789 | E11: 1084
A12: 4 | B12: No (4)(W) | C12: 869 | D12: 341 | E12: 528
B14: Village Tract | C14: =SUM(C15:C29) -> 35947 | D14: =SUM(D15:D29) -> 15482 | E14: =SUM(E15:E29) -> 20465
A15: 1 | B15: Kan Thar Yar(VT) | C15: 1473 | D15: 700 | E15: 773
A16: 2 | B16: Ku Lar Te(VT) | C16: 2557 | D16: 1041 | E16: 1516
A17: 3 | B17: Kamma(VT) | C17: 3716 | D17: 1670 | E17: 2046
A18: 4 | B18: Sin Thar Mway(VT) | C18: 3985 | D18: 1720 | E18: 2265
A19: 5 | B19: Taw Pyar(VT) | C19: 3896 | D19: 1727 | E19: 2169
A20: 6 | B20: Se(VT) | C20: 5302 | D20: 2263 | E20: 3039
A21: 7 | B21: Kan Ni Gyi(VT) | C21: 1983 | D21: 886 | E21: 1097
A22: 8 | B22: Kan Tein(VT) | C22: 1604 | D22: 684 | E22: 920
A23: 9 | B23: Ta Pauk Kone(VT) | C23: 813 | D23: 376 | E23: 437
A24: 10 | B24: Myay Ne Gyi(VT) | C24: 653 | D24: 274 | E24: 379
A25: 11 | B25: Taung Taw(VT) | C25: 1782 | D25: 706 | E25: 1076
A26: 12 | B26: Ywar Pale(VT) | C26: 1773 | D26: 736 | E26: 1037
... A29: 15 | B29: Set Set Yo(VT) | C29: 1135 | D29: 496 | E29: 639

Sheet  Yame`thin
A1: Manadalay Region,Yame`thin District, Yame`thin Township
E3: 29-3-2014
A4: Sr | B4: Ward/Village Tract | C4: Population
C5: Total | D5: Male | E5: Female
B6: Total | C6: 258091 | D6: 125368 | E6: 132723
B8: Ward | C8: =SUM(C9:C13) -> 27698 | D8: =SUM(D9:D13) -> 13689 | E8: =SUM(E9:E13) -> 14009
A9: 1 | B9: Myo Ma(W) | C9: 4724 | D9: 2125 | E9: 2599
A10: 2 | B10: War Toe(W) | C10: 7130 | D10: 3366 | E10: 3764
A11: 3 | B11: Aung Min Ga Lar(W) | C11: 8894 | D11: 4912 | E11: 3982
A12: 4 | B12: Shwe Si Khon(W) | C12: 4289 | D12: 1970 | E12: 2319
A13: 5 | B13: Kyaung Taik Su(W) | C13: 2661 | D13: 1316 | E13: 1345
B15: Village Tract | C15: =SUM(C16:C78) -> 230393 | D15: =SUM(D16:D78) -> 111679 | E15: =SUM(E16:E78) -> 118714
A16: 1 | B16: Ka Tin(VT) | C16: 2532 | D16: 1195 | E16: 1337
A17: 2 | B17: Kan Beit(VT) | C17: 2790 | D17: 1264 | E17: 1526
A18: 3 | B18: Htan Taw Kyan Pin(VT) | C18: 668 | D18: 309 | E18: 359
A19: 4 | B19: Su Tat Oke Hpo(VT) | C19: 1382 | D19: 656 | E19: 726
A20: 5 | B20: Zee Taw Pin Chaung Khwa(VT) | C20: 1222 | D20: 573 | E20: 649
A21: 6 | B21: Shwe Dar Thar Si(VT) | C21: 4976 | D21: 2380 | E21: 2596
A22: 7 | B22: In Taw Gyi(VT) | C22: 3073 | D22: 1383 | E22: 1690
A23: 8 | B23: Aing To(VT) | C23: 4847 | D23: 2273 | E23: 2574
A24: 9 | B24: Kyauk Hpu(VT) | C24: 3688 | D24: 1705 | E24: 1983
A25: 10 | B25: Myo Hla(VT) | C25: 3562 | D25: 1581 | E25: 1981
A26: 11 | B26: Inn Paung(VT) | C26: 3025 | D26: 1401 | E26: 1624
A27: 12 | B27: Kan Swei(VT) | C27: 3151 | D27: 1468 | E27: 1683
... A78: 63 | B78: Oke Shit Kone(VT) | C78: 2391 | D78: 1076 | E78: 1315

Sheet   Pyawbwe
A1: Manadalay Region,Yame`thin District, PyawbweTownship
E3: 29-3-2014
A4: Sr | B4: Ward/Village Tract | C4: Population
C5: Total | D5: Male | E5: Female
B6: Total | C6: 260293 | D6: 119235 | E6: 141058
B8: Ward | C8: =SUM(C9:C17) -> 32214 | D8: =SUM(D9:D17) -> 14741 | E8: =SUM(E9:E17) -> 17473
A9: 1 | B9: Shan Pwe(W) | C9: 5549 | D9: 2608 | E9: 2941
A10: 2 | B10: Myin Sat(W) | C10: 3131 | D10: 1470 | E10: 1661
A11: 3 | B11: Myo Ma(W) | C11: 1869 | D11: 833 | E11: 1036
A12: 4 | B12: Myo Thit(W) | C12: 4234 | D12: 1922 | E12: 2312
A13: 5 | B13: Shwe Pyi Yan Aung(W) | C13: 3808 | D13: 1740 | E13: 2068
A14: 6 | B14: Shwe Pyi Yan Naing(W) | C14: 5023 | D14: 2280 | E14: 2743
A15: 7 | B15: Shwe Pyi Yan Lon(W) | C15: 3301 | D15: 1527 | E15: 1774
A16: 8 | B16: Mandalay Tan(W) | C16: 1584 | D16: 699 | E16: 885
A17: 9 | B17: Pyi Thar Yar(W) | C17: 3715 | D17: 1662 | E17: 2053
B19: Village Tract | C19: =SUM(C20:C94) -> 228079 | D19: =SUM(D20:D94) -> 104494 | E19: =SUM(E20:E94) -> 123585
A20: 1 | B20: Min Lan(VT) | C20: 5679 | D20: 2686 | E20: 2993
A21: 2 | B21: Kyauk Se(VT) | C21: 1965 | D21: 902 | E21: 1063
A22: 3 | B22: Kone Thar(VT) | C22: 4304 | D22: 2010 | E22: 2294
A23: 4 | B23: Kyoet Kone(VT) | C23: 1959 | D23: 874 | E23: 1085
A24: 5 | B24: Kyu Taw Wa(VT) | C24: 2349 | D24: 1037 | E24: 1312
A25: 6 | B25: Kyi Ni(VT) | C25: 2931 | D25: 1366 | E25: 1565
A26: 7 | B26: Yin Taw Ywar Ma(VT) | C26: 6439 | D26: 2950 | E26: 3489
A27: 8 | B27: Kyi(VT) | C27: 2655 | D27: 1192 | E27: 1463
A28: 9 | B28: Kyaung(VT) | C28: 1882 | D28: 833 | E28: 1049
A29: 10 | B29: Kan Gyi (North)(VT) | C29: 3842 | D29: 1762 | E29: 2080
A30: 11 | B30: Kan Te(VT) | C30: 4253 | D30: 1853 | E30: 2400
A31: 12 | B31: Chaung Ma Gyi(VT) | C31: 5218 | D31: 2419 | E31: 2799
... A94: 75 | B94: Tha Pyay Pin(VT) | C94: 3489 | D94: 1611 | E94: 1878

Sheet Meiktila
A1: Manadalay Region, Meiktila District, Meiktila Township
E3: 29-3-2014
A4: Sr | B4: Ward/Village Tract | C4: Population
C5: Total | D5: Male | E5: Female
B6: Total | C6: 309663 | D6: 142787 | E6: 166876
B8: Ward | C8: =SUM(C9:C22) -> 111522 | D8: =SUM(D9:D22) -> 51067 | E8: =SUM(E9:E22) -> 60455
A9: 1 | B9: Aung San(W) | C9: 16341 | D9: 7663 | E9: 8678
A10: 2 | B10: Pauk Chaung(W) | C10: 6413 | D10: 2649 | E10: 3764
A11: 3 | B11: Nan Taw Kone(W) | C11: 6577 | D11: 3136 | E11: 3441
A12: 4 | B12: Myo Ma(W) | C12: 2747 | D12: 1238 | E12: 1509
A13: 5 | B13: Zay/Ah Shey Pyin(W) | C13: 5102 | D13: 2437 | E13: 2665
A14: 6 | B14: Ya Da Nar Man Aung(W) | C14: 10476 | D14: 4975 | E14: 5501
A15: 7 | B15: Thiri Mingalar(W) | C15: 2843 | D15: 1275 | E15: 1568
A16: 8 | B16: Wun Zin(W) | C16: 12315 | D16: 5600 | E16: 6715
A17: 9 | B17: Yan Myo Aung(W) | C17: 14807 | D17: 6827 | E17: 7980
A18: 10 | B18: Kyi Taw Kone(W) | C18: 8678 | D18: 4031 | E18: 4647
A19: 11 | B19: Aung Zaya(W) | C19: 11179 | D19: 4957 | E19: 6222
A20: 12 | B20: Chi Set(W) | C20: 3354 | D20: 1347 | E20: 2007
... A22: 14 | B22: Pyi Thar Yar (North)(W) | C22: 5117 | D22: 2320 | E22: 2797
B24: Village Tract | C24: =SUM(C25:C82) -> 198141 | D24: =SUM(D25:D82) -> 91720 | E24: =SUM(E25:E82) -> 106421
A25: 1 | B25: Ah Yar Taw(VT) | C25: 1327 | D25: 596 | E25: 731
A26: 2 | B26: Yae Cho(VT) | C26: 2474 | D26: 1211 | E26: 1263
A27: 3 | B27: Lein Taw(VT) | C27: 2443 | D27: 1141 | E27: 1302
A28: 4 | B28: Kyauk Hpyu Kone(VT) | C28: 5149 | D28: 2544 | E28: 2605
A29: 5 | B29: Nyaung Pin Sho(VT) | C29: 4783 | D29: 2141 | E29: 2642
A30: 6 | B30: Shwe Sit Thi(VT) | C30: 1260 | D30: 529 | E30: 731
A31: 7 | B31: Mway(VT) | C31: 3689 | D31: 1628 | E31: 2061
A32: 8 | B32: Se Aung Kone(VT) | C32: 3243 | D32: 1434 | E32: 1809
A33: 9 | B33: Mei Za Li Kone(VT) | C33: 1443 | D33: 639 | E33: 804
A34: 10 | B34: Gway Aing(VT) | C34: 3534 | D34: 1594 | E34: 1940
A35: 11 | B35: Aint Gyi Lel(VT) | C35: 1763 | D35: 784 | E35: 979
A36: 12 | B36: Than Bo U Yin(VT) | C36: 3665 | D36: 1669 | E36: 1996
... A82: 58 | B82: Shan Ma Nge(VT) | C82: 2789 | D82: 1308 | E82: 1481

Sheet  Mahlaing
A1: Manadalay Region, Meiktila District, Mahlaing Township
E3: 29-3-2014
A4: Sr | B4: Ward/Village Tract | C4: Population
C5: Total | D5: Male | E5: Female
B6: Total | C6: 139427 | D6: 63581 | E6: 75846
B8: Ward | C8: =SUM(C9:C12) -> 13850 | D8: =SUM(D9:D12) -> 6331 | E8: =SUM(E9:E12) -> 7519
A9: 1 | B9: No (1)(W) | C9: 3498 | D9: 1630 | E9: 1868
A10: 2 | B10: No (2)(W) | C10: 3873 | D10: 1719 | E10: 2154
A11: 3 | B11: No (3)(W) | C11: 4438 | D11: 2064 | E11: 2374
A12: 4 | B12: No (4)(W) | C12: 2041 | D12: 918 | E12: 1123
B14: Village Tract | C14: =SUM(C15:C66) -> 125577 | D14: =SUM(D15:D66) -> 57250 | E14: =SUM(E15:E66) -> 68327
A15: 1 | B15: Htan Taw(VT) | C15: 2527 | D15: 1153 | E15: 1374
A16: 2 | B16: Kan Bar Hpyu(VT) | C16: 1618 | D16: 722 | E16: 896
A17: 3 | B17: Pan Aing(VT) | C17: 3486 | D17: 1546 | E17: 1940
A18: 4 | B18: Yae Ni(VT) | C18: 2216 | D18: 953 | E18: 1263
A19: 5 | B19: Yae Htwet(VT) | C19: 2363 | D19: 1035 | E19: 1328
A20: 6 | B20: Hpyauk Seik Kyin(VT) | C20: 2048 | D20: 887 | E20: 1161
A21: 7 | B21: Myin U Hleit(VT) | C21: 4684 | D21: 2104 | E21: 2580
A22: 8 | B22: Kyauk Tan(VT) | C22: 5321 | D22: 2429 | E22: 2892
A23: 9 | B23: Kan Twin(VT) | C23: 3157 | D23: 1443 | E23: 1714
A24: 10 | B24: Kone Te(VT) | C24: 1403 | D24: 630 | E24: 773
A25: 11 | B25: Lel Gyi(VT) | C25: 1470 | D25: 663 | E25: 807
A26: 12 | B26: Thein Kone(VT) | C26: 1306 | D26: 599 | E26: 707
... A66: 52 | B66: Lel Byar(VT) | C66: 1855 | D66: 838 | E66: 1017

Sheet  Thazi
A1: Manadalay Region, Meiktila District, Thazi Township
E3: 29-3-2014
A4: Sr | B4: Ward/Village Tract | C4: Population
C5: Total | D5: Male | E5: Female
B6: Total | C6: 202680 | D6: 95463 | E6: 107217
B8: Ward | C8: =SUM(C9:C15) -> 20561 | D8: =SUM(D9:D15) -> 9287 | E8: =SUM(E9:E15) -> 11274
A9: 1 | B9: No (1)(W) | C9: 6490 | D9: 2878 | E9: 3612
A10: 2 | B10: No (2)(W) | C10: 1468 | D10: 712 | E10: 756
A11: 3 | B11: No (3)(W) | C11: 3368 | D11: 1552 | E11: 1816
A12: 4 | B12: No (4)(W) | C12: 3890 | D12: 1715 | E12: 2175
A13: 5 | B13: No (5)(W) | C13: 1103 | D13: 512 | E13: 591
A14: 6 | B14: No (6)(W) | C14: 1876 | D14: 814 | E14: 1062
A15: 7 | B15: No (7)(W) | C15: 2366 | D15: 1104 | E15: 1262
B17: Village Tract | C17: =SUM(C18:C97) -> 182119 | D17: =SUM(D18:D97) -> 86176 | E17: =SUM(E18:E97) -> 95943
A18: 1 | B18: Kun Chan Yoe(VT) | C18: 850 | D18: 368 | E18: 482
A19: 2 | B19: Kyet Mauk(VT) | C19: 4139 | D19: 1912 | E19: 2227
A20: 3 | B20: Se Gyi(VT) | C20: 1344 | D20: 591 | E20: 753
A21: 4 | B21: Ah Pyauk(VT) | C21: 1109 | D21: 490 | E21: 619
A22: 5 | B22: Nyaung To(VT) | C22: 1858 | D22: 858 | E22: 1000
A23: 6 | B23: Bo Kone(VT) | C23: 1166 | D23: 522 | E23: 644
A24: 7 | B24: Min Hla(VT) | C24: 1134 | D24: 527 | E24: 607
A25: 8 | B25: Kat Kyay Inn(VT) | C25: 1552 | D25: 809 | E25: 743
A26: 9 | B26: Ywar Pale(VT) | C26: 3881 | D26: 1844 | E26: 2037
A27: 10 | B27: Hnget Hpyin Kone(VT) | C27: 870 | D27: 376 | E27: 494
A28: 11 | B28: Kyar Bet Kone(VT) | C28: 2625 | D28: 1194 | E28: 1431
A29: 12 | B29: Oke Hpo(VT) | C29: 878 | D29: 387 | E29: 491
... A97: 80 | B97: Sin Taung(VT) | C97: 2478 | D97: 1255 | E97: 1223

Sheet Wundwin
A1: Manadalay Region, Meiktila District, Wundwin Township
E3: 29-3-2014
A4: Sr | B4: Ward/Village Tract | C4: Population
C5: Total | D5: Male | E5: Female
B6: Total | C6: 229760 | D6: 106214 | E6: 123546
B8: Ward | C8: =SUM(C9:C14) -> 32558 | D8: =SUM(D9:D14) -> 14656 | E8: =SUM(E9:E14) -> 17902
A9: 1 | B9: Wundwin Myo Ma No (1)(W) | C9: 8066 | D9: 3522 | E9: 4544
A10: 2 | B10: Wundwin Myo Ma No (2)(W) | C10: 8286 | D10: 3691 | E10: 4595
A11: 3 | B11: Wundwin Myo Ma No (3)(W) | C11: 4761 | D11: 2125 | E11: 2636
A12: 4 | B12: Thea Taw Myo Ma No(1)(W) | C12: 4370 | D12: 2019 | E12: 2351
A13: 5 | B13: Thea Taw Myo Ma No(2)(W) | C13: 2245 | D13: 1061 | E13: 1184
A14: 6 | B14: Thea Taw Myo Ma No(3)(W) | C14: 4830 | D14: 2238 | E14: 2592
B16: Village Tract | C16: =SUM(C17:C85) -> 197202 | D16: =SUM(D17:D85) -> 91558 | E16: =SUM(E17:E85) -> 105644
A17: 1 | B17: Yae Sone(VT) | C17: 2421 | D17: 1076 | E17: 1345
A18: 2 | B18: Nyaung To(VT) | C18: 1915 | D18: 928 | E18: 987
A19: 3 | B19: Koke Ko Khar Hla(VT) | C19: 3936 | D19: 1840 | E19: 2096
A20: 4 | B20: Aung Thar(VT) | C20: 1431 | D20: 639 | E20: 792
A21: 5 | B21: Myauk Se(VT) | C21: 1508 | D21: 662 | E21: 846
A22: 6 | B22: Pa Din(VT) | C22: 767 | D22: 356 | E22: 411
A23: 7 | B23: Khar Tet Kone(VT) | C23: 896 | D23: 395 | E23: 501
A24: 8 | B24: Koke Ko Su(VT) | C24: 1841 | D24: 853 | E24: 988
A25: 9 | B25: Khan Taw(VT) | C25: 859 | D25: 386 | E25: 473
A26: 10 | B26: Taung Bo(VT) | C26: 1537 | D26: 704 | E26: 833
A27: 11 | B27: Kone Gyi(VT) | C27: 1313 | D27: 637 | E27: 676
A28: 12 | B28: Pe Nant Thar(VT) | C28: 1963 | D28: 888 | E28: 1075
... A85: 69 | B85: Tha Hpan(VT) | C85: 3554 | D85: 1552 | E85: 2002

Sheet Sheet2
