Workbook

Sheet List of Township
A1: List of Township
A2: 1 | B2: =Mawlamyine!A1 -> Mon State,Mawlamyine District,Mawlamyine Township
A3: 2 | B3: =' Kyaikemaraw'!A1 -> Mon State, Mawlamyine District, Kyaikemaraw Township
A4: 3 | B4: =Chaungzon!A1 -> Mon State, Mawlamyine District, Chaungzon Township
A5: 4 | B5: =Thanbyuzayat!A1 -> Mon State, Mawlamyine District, Thanbyuzayat Township
A6: 5 | B6: =Mudon!A1 -> Mon State, Mawlamyine District, Mudon Township
A7: 6 | B7: =Ye!A1 -> Mon State, Mawlamyine District, Ye Township
A8: 7 | B8: ='Lamine(Sub-Tsp)'!A1 -> Mon State, Mawlamyine District, Lamine(Sub-Township)
A9: 8 | B9: ='Khawzar(Sub-Tsp)'!A1 -> Mon State, Mawlamyine District, Khawzar(Sub-Township)
A10: 9 | B10: =' Thaton'!A1 -> Mon State,Thaton District,Thaton Township
A11: 10 | B11: =Paung!A1 -> Mon State,Thaton District, Paung Township
A12: 11 | B12: =Kyaikto!A1 -> Mon State,Thaton District, Kyaikto Township
A13: 12 | B13: =Bilin!A1 -> Mon State,Thaton District, Bilin Township

Sheet Mawlamyine
A1: Mon State,Mawlamyine District,Mawlamyine Township
E2: 29-3-2014
A3: Sr | B3: Ward/Village Tract | C3: Population
C4: Total | D4: Male | E4: Female
B5: Total | C5: 289388 | D5: 139026 | E5: 150362
B7: Ward | C7: =SUM(C8:C35) -> 253734 | D7: =SUM(D8:D35) -> 122052 | E7: =SUM(E8:E35) -> 131682
A8: 1 | B8: Shwe Myaing Thi Ri(W) | C8: 20156 | D8: 9523 | E8: 10633
A9: 2 | B9: Kyaik Hpa Nei(W) | C9: 5543 | D9: 2522 | E9: 3021
A10: 3 | B10: Hlaing(W) | C10: 23056 | D10: 11356 | E10: 11700
A11: 4 | B11: Auk Kyin(W) | C11: 8312 | D11: 4190 | E11: 4122
A12: 5 | B12: Mandalay(W) | C12: 5705 | D12: 2698 | E12: 3007
A13: 6 | B13: Hpet Tan(W) | C13: 12395 | D13: 6238 | E13: 6157
A14: 7 | B14: Shwe (South)(W) | C14: 8661 | D14: 4112 | E14: 4549
A15: 8 | B15: Sit Ke Kone(W) | C15: 7084 | D15: 3162 | E15: 3922
A16: 9 | B16: Ma Yan Kone(W) | C16: 4311 | D16: 1942 | E16: 2369
A17: 10 | B17: Pan Be Dan(W) | C17: 5715 | D17: 2627 | E17: 3088
A18: 11 | B18: Bo Kone(W) | C18: 7556 | D18: 3594 | E18: 3962
A19: 12 | B19: Maung Ngan(W) | C19: 8829 | D19: 4294 | E19: 4535
... A35: 28 | B35: Chauk Maing Kywe Chan Kone(W) | C35: 5765 | D35: 2879 | E35: 2886
B37: Village Tract | C37: =SUM(C38:C50) -> 35654 | D37: =SUM(D38:D50) -> 16974 | E37: =SUM(E38:E50) -> 18680
A38: 1 | B38: Ka Toe(VT) | C38: 2684 | D38: 1283 | E38: 1401
A39: 2 | B39: Kawt Sein(VT) | C39: 990 | D39: 501 | E39: 489
A40: 3 | B40: Kawt Tun(VT) | C40: 2250 | D40: 1054 | E40: 1196
A41: 4 | B41: Kawt Hnat(VT) | C41: 2068 | D41: 938 | E41: 1130
A42: 5 | B42: Kawt Hlar(VT) | C42: 2307 | D42: 1094 | E42: 1213
A43: 6 | B43: Kawt Pauk(VT) | C43: 2324 | D43: 1101 | E43: 1223
A44: 7 | B44: Min Ywar(VT) | C44: 1534 | D44: 747 | E44: 787
A45: 8 | B45: Mu Yaung(VT) | C45: 2762 | D45: 1278 | E45: 1484
A46: 9 | B46: Kawt Kha Ni(VT) | C46: 1211 | D46: 567 | E46: 644
A47: 10 | B47: Kyar Inn(VT) | C47: 7763 | D47: 4044 | E47: 3719
A48: 11 | B48: Kawt Kha Mei(VT) | C48: 3543 | D48: 1540 | E48: 2003
A49: 12 | B49: Hpar Auk(VT) | C49: 3205 | D49: 1394 | E49: 1811
A50: 13 | B50: Yo Go(VT) | C50: 3013 | D50: 1433 | E50: 1580

Sheet   Kyaikemaraw
A1: Mon State, Mawlamyine District, Kyaikemaraw Township
E2: 29-3-2014
A3: Sr | B3: Ward/Village Tract | C3: Population
C4: Total | D4: Male | E4: Female
B5: Total | C5: 195810 | D5: 92746 | E5: 103064
B7: Ward | C7: =SUM(C8:C9) -> 11021 | D7: =SUM(D8:D9) -> 4936 | E7: =SUM(E8:E9) -> 6085
A8: 1 | B8: Shin Saw Pu(W) | C8: 4842 | D8: 2140 | E8: 2702
A9: 2 | B9: Yan Myo Aung(W) | C9: 6179 | D9: 2796 | E9: 3383
B11: Village Tract | C11: =SUM(C12:C55) -> 184789 | D11: =SUM(D12:D55) -> 87810 | E11: =SUM(E12:E55) -> 96979
A12: 1 | B12: An Ka Ye(VT) | C12: 1116 | D12: 518 | E12: 598
A13: 2 | B13: Ah Hta Yan(VT) | C13: 3103 | D13: 1478 | E13: 1625
A14: 3 | B14: Bar Bu Kone(VT) | C14: 4596 | D14: 2169 | E14: 2427
A15: 4 | B15: Bein Byaw(VT) | C15: 5883 | D15: 2775 | E15: 3108
A16: 5 | B16: Dhamma Tha(VT) | C16: 3180 | D16: 1355 | E16: 1825
A17: 6 | B17: Hla Ka Zaing(VT) | C17: 11218 | D17: 5363 | E17: 5855
A18: 7 | B18: Ka Dar(VT) | C18: 8133 | D18: 3825 | E18: 4308
A19: 8 | B19: Ka Laing Ka Naing(VT) | C19: 5656 | D19: 2696 | E19: 2960
A20: 9 | B20: Kha Naung(VT) | C20: 1897 | D20: 963 | E20: 934
A21: 10 | B21: Kawt Bwee(VT) | C21: 5766 | D21: 2678 | E21: 3088
A22: 11 | B22: Kawt Kha Lein(VT) | C22: 2814 | D22: 1320 | E22: 1494
A23: 12 | B23: Kawt Pa Laing(VT) | C23: 1042 | D23: 531 | E23: 511
... A55: 44 | B55: Yae Pu(VT) | C55: 1878 | D55: 856 | E55: 1022

Sheet Chaungzon
A1: Mon State, Mawlamyine District, Chaungzon Township
E2: 29-3-2014
A3: Sr | B3: Ward/Village Tract | C3: Population
C4: Total | D4: Male | E4: Female
B5: Total | C5: =C7+C12 -> 122126 | D5: =D7+D12 -> 55596 | E5: =E7+E12 -> 66530
B7: Ward | C7: =SUM(C8:C10) -> 7727 | D7: =SUM(D8:D10) -> 3538 | E7: =SUM(E8:E10) -> 4189
A8: 1 | B8: Ah Nauk(W) | C8: 2863 | D8: 1331 | E8: 1532
A9: 2 | B9: Ah Shey(W) | C9: 2870 | D9: 1309 | E9: 1561
A10: 3 | B10: Toe Cheit (W) | C10: 1994 | D10: 898 | E10: 1096
B12: Village Tract | C12: =SUM(C13:C54) -> 114399 | D12: =SUM(D13:D54) -> 52058 | E12: =SUM(E13:E54) -> 62341
A13: 1 | B13: Ywar Lut(VT) | C13: 5576 | D13: 2384 | E13: 3192
A14: 2 | B14: Da Yei(VT) | C14: 3703 | D14: 1660 | E14: 2043
A15: 3 | B15: Ka Lwi(VT) | C15: 3266 | D15: 1602 | E15: 1664
A16: 4 | B16: Ka Mar Mo(VT) | C16: 7389 | D16: 3134 | E16: 4255
A17: 5 | B17: Nyaung Lan(VT) | C17: 1865 | D17: 809 | E17: 1056
A18: 6 | B18: Taw Ka Nar(VT) | C18: 1724 | D18: 744 | E18: 980
A19: 7 | B19: Hnee Hmoke(VT) | C19: 3437 | D19: 1463 | E19: 1974
A20: 8 | B20: Se Pa Lar(VT) | C20: 1547 | D20: 806 | E20: 741
A21: 9 | B21: Zee Kone(VT) | C21: 762 | D21: 380 | E21: 382
A22: 10 | B22: Mu Yit Gyi(VT) | C22: 2798 | D22: 1232 | E22: 1566
A23: 11 | B23: Taw Pun(VT) | C23: 489 | D23: 233 | E23: 256
A24: 12 | B24: Kayin Win Sein(VT) | C24: 2853 | D24: 1349 | E24: 1504
... A54: 42 | B54: Nat Hmaw(VT) | C54: 2074 | D54: 992 | E54: 1082

Sheet Thanbyuzayat
A1: Mon State, Mawlamyine District, Thanbyuzayat Township
E2: 29-3-2014
A3: Sr | B3: Ward/Village Tract | C3: Population
C4: Total | D4: Male | E4: Female
B5: Total | C5: =C7+C24 -> 170536 | D5: =D7+D24 -> 81449 | E5: =E7+E24 -> 89087
B7: Ward | C7: =SUM(C8:C22) -> 57208 | D7: =SUM(D8:D22) -> 27345 | E7: =SUM(E8:E22) -> 29863
A8: 1 | B8: Kyar Kan(W) | C8: 4520 | D8: 2163 | E8: 2357
A9: 2 | B9: Aung Chan Thar(W) | C9: 2213 | D9: 1070 | E9: 1143
A10: 3 | B10: Set Thit(W) | C10: 4444 | D10: 2097 | E10: 2347
A11: 4 | B11: Aung Min Ga Lar(W) | C11: 2441 | D11: 1078 | E11: 1363
A12: 5 | B12: Han Thar Wa Di(W) | C12: 2042 | D12: 1008 | E12: 1034
A13: 6 | B13: Aung Zay Ya(W) | C13: 4483 | D13: 2187 | E13: 2296
A14: 7 | B14: Kyaung Paing(W) | C14: 2483 | D14: 1165 | E14: 1318
A15: 8 | B15: Kyant Khaing Ye(W) | C15: 7225 | D15: 3392 | E15: 3833
A16: 9 | B16: Aung Thar Yar(W) | C16: 6391 | D16: 3200 | E16: 3191
A17: 10 | B17: Dhamma Zay Di(W) | C17: 3123 | D17: 1313 | E17: 1810
A18: 11 | B18: Aung Pin Lel (W) | C18: 3385 | D18: 1651 | E18: 1734
A19: 12 | B19: Myo Ma Zay(W) | C19: 3619 | D19: 1717 | E19: 1902
... A22: 15 | B22: Man Ya Ta Nar(W) | C22: 532 | D22: 276 | E22: 256
B24: Village Tract | C24: =SUM(C25:C50) -> 113328 | D24: =SUM(D25:D50) -> 54104 | E24: =SUM(E25:E50) -> 59224
A25: 1 | B25: Mya Mar Lar(VT) | C25: 2100 | D25: 975 | E25: 1125
A26: 2 | B26: Hnit Kaing(VT) | C26: 4330 | D26: 1943 | E26: 2387
A27: 3 | B27: Sin Taung(VT) | C27: 2373 | D27: 1164 | E27: 1209
A28: 4 | B28: Kayin Thaung(VT) | C28: 4652 | D28: 2141 | E28: 2511
A29: 5 | B29: Pa Dar Ngan(VT) | C29: 1364 | D29: 625 | E29: 739
A30: 6 | B30: Kun That(VT) | C30: 2667 | D30: 1271 | E30: 1396
A31: 7 | B31: Kyon Ka Dat(VT) | C31: 6956 | D31: 3289 | E31: 3667
A32: 8 | B32: Set Se(VT) | C32: 7481 | D32: 3644 | E32: 3837
A33: 9 | B33: Taung Hpa Lu(VT) | C33: 1770 | D33: 831 | E33: 939
A34: 10 | B34: War Kha Yu(VT) | C34: 5919 | D34: 2857 | E34: 3062
A35: 11 | B35: Hpaung Sein(VT) | C35: 3109 | D35: 1521 | E35: 1588
A36: 12 | B36: Kyon Ka Yoke(VT) | C36: 1546 | D36: 704 | E36: 842
... A50: 26 | B50: Ah Nin(VT) | C50: 8245 | D50: 4000 | E50: 4245

Sheet Mudon
A1: Mon State, Mawlamyine District, Mudon Township
E2: 29-3-2014
A3: Sr | B3: Ward/Village Tract | C3: Population
C4: Total | D4: Male | E4: Female
B5: Total | C5: =C7+C13 -> 190737 | D5: =D7+D13 -> 89976 | E5: =E7+E13 -> 100761
B7: Ward | C7: =SUM(C8:C11) -> 52514 | D7: =SUM(D8:D11) -> 24801 | E7: =SUM(E8:E11) -> 27713
A8: 1 | B8: Myoma(1)(W) | C8: 14537 | D8: 6583 | E8: 7954
A9: 2 | B9: Myoma(2)(W) | C9: 12727 | D9: 6005 | E9: 6722
A10: 3 | B10: Myoma(3)(W) | C10: 6763 | D10: 3049 | E10: 3714
A11: 4 | B11: Myoma(4)(W) | C11: 18487 | D11: 9164 | E11: 9323
B13: Village Tract | C13: =SUM(C14:C51) -> 138223 | D13: =SUM(D14:D51) -> 65175 | E13: =SUM(E14:E51) -> 73048
A14: 1 | B14: Tar Pa Thun(VT) | C14: 3915 | D14: 1774 | E14: 2141
A15: 2 | B15: Kwayt Wan(VT) | C15: 4253 | D15: 2053 | E15: 2200
A16: 3 | B16: Naing Pyaing(VT) | C16: 2471 | D16: 1150 | E16: 1321
A17: 4 | B17: Kyauk Ta Lone(VT) | C17: 4499 | D17: 2255 | E17: 2244
A18: 5 | B18: Hmein Ga Nein(VT) | C18: 2536 | D18: 1238 | E18: 1298
A19: 6 | B19: Kawt Kha Pon(VT) | C19: 5223 | D19: 2399 | E19: 2824
A20: 7 | B20: Kun Tar(VT) | C20: 4062 | D20: 1934 | E20: 2128
A21: 8 | B21: Be Yan(VT) | C21: 3809 | D21: 1784 | E21: 2025
A22: 9 | B22: Kin Chaung(VT) | C22: 1612 | D22: 798 | E22: 814
A23: 10 | B23: Kyon Hpaik(VT) | C23: 5047 | D23: 2438 | E23: 2609
A24: 11 | B24: Wet Te(VT) | C24: 2257 | D24: 1052 | E24: 1205
A25: 12 | B25: Nyaung Kone(VT) | C25: 6501 | D25: 3044 | E25: 3457
... A51: 38 | B51: Kun Hlar(VT) | C51: 6722 | D51: 3186 | E51: 3536

Sheet Ye
A1: Mon State, Mawlamyine District, Ye Township
E2: 29-3-2014
A3: Sr | B3: Ward/Village Tract | C3: Population
C4: Total | D4: Male | E4: Female
B5: Total | C5: =C7+C18 -> 152485 | D5: =D7+D18 -> 76089 | E5: =E7+E18 -> 76396
B7: Ward | C7: =SUM(C8:C16) -> 34430 | D7: =SUM(D8:D16) -> 16619 | E7: =SUM(E8:E16) -> 17811
A8: 1 | B8: Thi Ri Zay Yar(W) | C8: 2127 | D8: 997 | E8: 1130
A9: 2 | B9: Thi Ri Mar Lar(W) | C9: 1885 | D9: 878 | E9: 1007
A10: 3 | B10: Thi Ri Nan Dar(W) | C10: 7510 | D10: 3703 | E10: 3807
A11: 4 | B11: Thi Ri Khay Mar(W) | C11: 3244 | D11: 1606 | E11: 1638
A12: 5 | B12: Yan Myo Aung(W) | C12: 4488 | D12: 2154 | E12: 2334
A13: 6 | B13: Yan Gyi Aung(W) | C13: 3895 | D13: 1846 | E13: 2049
A14: 7 | B14: Aung Thu Kha(W) | C14: 2057 | D14: 968 | E14: 1089
A15: 8 | B15: Aung Myit Tar(W) | C15: 4555 | D15: 2244 | E15: 2311
A16: 9 | B16: Aung Min Ga Lar(W) | C16: 4669 | D16: 2223 | E16: 2446
B18: Village Tract | C18: =SUM(C19:C31) -> 118055 | D18: =SUM(D19:D31) -> 59470 | E18: =SUM(E19:E31) -> 58585
A19: 1 | B19: Ah Sin(VT) | C19: 21462 | D19: 10851 | E19: 10611
A20: 2 | B20: Zee Hpyu Thaung(VT) | C20: 8662 | D20: 4555 | E20: 4107
A21: 3 | B21: Ah Baw(VT) | C21: 7859 | D21: 3848 | E21: 4011
A22: 4 | B22: Tu Myaung(VT) | C22: 6621 | D22: 3429 | E22: 3192
A23: 5 | B23: Kyaung Ywar(VT) | C23: 16996 | D23: 8692 | E23: 8304
A24: 6 | B24: An Din(VT) | C24: 8097 | D24: 3924 | E24: 4173
A25: 7 | B25: Ka Lawt(VT) | C25: 4538 | D25: 2283 | E25: 2255
A26: 8 | B26: Kyauk Mi Khaung(VT) | C26: 5170 | D26: 2678 | E26: 2492
A27: 9 | B27: Chaung Taung(VT) | C27: 7427 | D27: 3734 | E27: 3693
A28: 10 | B28: Du Yar(VT) | C28: 9890 | D28: 4820 | E28: 5070
A29: 11 | B29: Thin Gan Kyun(VT) | C29: 3237 | D29: 1573 | E29: 1664
A30: 12 | B30: Ah Yu Taung(VT) | C30: 9035 | D30: 4609 | E30: 4426
A31: 13 | B31: Han Gan(VT) | C31: 9061 | D31: 4474 | E31: 4587

Sheet Lamine(Sub-Tsp)
A1: Mon State, Mawlamyine District, Lamine(Sub-Township)
E2: 29-3-2014
A3: Sr | B3: Ward/Village Tract | C3: Population
C4: Total | D4: Male | E4: Female
B5: Total | C5: 88476 | D5: 41634 | E5: 46842
B7: Ward | C7: =SUM(C8:C10) -> 13614 | D7: =SUM(D8:D10) -> 6360 | E7: =SUM(E8:E10) -> 7254
A8: 1 | B8: No (1)(W) | C8: 5214 | D8: 2346 | E8: 2868
A9: 2 | B9: No (2)(W) | C9: 3938 | D9: 1981 | E9: 1957
A10: 3 | B10: No (3)(W) | C10: 4462 | D10: 2033 | E10: 2429
B12: Village Tract | C12: =SUM(C13:C23) -> 74862 | D12: =SUM(D13:D23) -> 35274 | E12: =SUM(E13:E23) -> 39588
A13: 1 | B13: Mawt Ka Nin(VT) | C13: 17552 | D13: 8403 | E13: 9149
A14: 2 | B14: Don Hpi(VT) | C14: 4154 | D14: 2023 | E14: 2131
A15: 3 | B15: Kawt Dut(VT) | C15: 8480 | D15: 3565 | E15: 4915
A16: 4 | B16: Ku Lar Koke(VT) | C16: 5255 | D16: 2469 | E16: 2786
A17: 5 | B17: Bay La Maing(VT) | C17: 3674 | D17: 1803 | E17: 1871
A18: 6 | B18: Thaung Pyin(VT) | C18: 9204 | D18: 4425 | E18: 4779
A19: 7 | B19: Hnit Kayin(VT) | C19: 10195 | D19: 4694 | E19: 5501
A20: 8 | B20: Be La Mu(VT) | C20: 3630 | D20: 1763 | E20: 1867
A21: 9 | B21: Ka Nin Ka Mawt(VT) | C21: 1754 | D21: 860 | E21: 894
A22: 10 | B22: Hnin Sone(VT) | C22: 3665 | D22: 1791 | E22: 1874
A23: 11 | B23: Taung Bon(VT) | C23: 7299 | D23: 3478 | E23: 3821

Sheet Khawzar(Sub-Tsp)
A1: Mon State, Mawlamyine District, Khawzar(Sub-Township)
E2: 29-3-2014
A3: Sr | B3: Ward/Village Tract | C3: Population
C4: Total | D4: Male | E4: Female
B5: Total | C5: =C7+C11 -> 22663 | D5: =D7+D11 -> 11160 | E5: =E7+E11 -> 11503
B7: Ward | C7: =SUM(C8:C9) -> 3844 | D7: =SUM(D8:D9) -> 1924 | E7: =SUM(E8:E9) -> 1920
A8: 1 | B8: No (1)(W) | C8: 2042 | D8: 997 | E8: 1045
A9: 2 | B9: No (2)(W) | C9: 1802 | D9: 927 | E9: 875
B11: Village Tract | C11: =SUM(C12:C17) -> 18819 | D11: =SUM(D12:D17) -> 9236 | E11: =SUM(E12:E17) -> 9583
A12: 1 | B12: Koe Maing(VT) | C12: 3784 | D12: 1990 | E12: 1794
A13: 2 | B13: Kawt Hlaing(VT) | C13: 4927 | D13: 2384 | E13: 2543
A14: 3 | B14: Ka Byar(VT) | C14: 2776 | D14: 1320 | E14: 1456
A15: 4 | B15: Ma Gyi (VT) | C15: 2387 | D15: 1174 | E15: 1213
A16: 5 | B16: Yin Yei(VT) | C16: 3120 | D16: 1490 | E16: 1630
A17: 6 | B17: Kyon Nye(VT) | C17: 1825 | D17: 878 | E17: 947

Sheet   Thaton
A1: Mon State,Thaton District,Thaton Township
E2: 29-3-2014
A3: Sr | B3: Ward/Village Tract | C3: Population
C4: Total | D4: Male | E4: Female
B5: Total | C5: =C7+C14 -> 238106 | D5: =D7+D14 -> 116394 | E5: =E7+E14 -> 121712
B7: Ward | C7: =SUM(C8:C12) -> 55047 | D7: =SUM(D8:D12) -> 26585 | E7: =SUM(E8:E12) -> 28462
A8: 1 | B8: Leik Inn(W) | C8: 14934 | D8: 7374 | E8: 7560
A9: 2 | B9: Nan Khe(W) | C9: 8026 | D9: 4013 | E9: 4013
A10: 3 | B10: Auk Kyin(W) | C10: 11858 | D10: 5549 | E10: 6309
A11: 4 | B11: Thein Kone(W) | C11: 9608 | D11: 4519 | E11: 5089
A12: 5 | B12: Bin Hlaing(W) | C12: 10621 | D12: 5130 | E12: 5491
B14: Village Tract | C14: =SUM(C15:C64) -> 183059 | D14: =SUM(D15:D64) -> 89809 | E14: =SUM(E15:E64) -> 93250
A15: 1 | B15: Taung Kya(VT) | C15: 2621 | D15: 1285 | E15: 1336
A16: 2 | B16: Win Pa(VT) | C16: 3376 | D16: 1658 | E16: 1718
A17: 3 | B17: Kawt Hlaing(VT) | C17: 2057 | D17: 976 | E17: 1081
A18: 4 | B18: Chaung Zauk(VT) | C18: 505 | D18: 227 | E18: 278
A19: 5 | B19: Wi Yaw(VT) | C19: 2835 | D19: 1393 | E19: 1442
A20: 6 | B20: Pein Hne Taw(VT) | C20: 5274 | D20: 2567 | E20: 2707
A21: 7 | B21: Da Nu(VT) | C21: 2868 | D21: 1432 | E21: 1436
A22: 8 | B22: Win Hpone(VT) | C22: 568 | D22: 264 | E22: 304
A23: 9 | B23: Mat Cha(VT) | C23: 1132 | D23: 518 | E23: 614
A24: 10 | B24: Naung Ka Toke(VT) | C24: 2488 | D24: 1115 | E24: 1373
A25: 11 | B25: Thein Seik(VT) | C25: 10656 | D25: 5123 | E25: 5533
A26: 12 | B26: Kyaik Kaw(VT) | C26: 8593 | D26: 4107 | E26: 4486
... A64: 50 | B64: Forest EA | C64: 172 | D64: 86 | E64: 86

Sheet Paung
A1: Mon State,Thaton District, Paung Township
E2: 29-3-2014
A3: Sr | B3: Ward/Village Tract | C3: Population
C4: Total | D4: Male | E4: Female
B5: Total | C5: =C7+C13 -> 218459 | D5: =D7+D13 -> 105371 | E5: =E7+E13 -> 113088
B7: Ward | C7: =SUM(C8:C11) -> 29434 | D7: =SUM(D8:D11) -> 13871 | E7: =SUM(E8:E11) -> 15563
A8: 1 | B8: Moe Naing(W) | C8: 4276 | D8: 2062 | E8: 2214
A9: 2 | B9: Ka Don See(W) | C9: 7489 | D9: 3489 | E9: 4000
A10: 3 | B10: Paung(W) | C10: 6934 | D10: 3283 | E10: 3651
A11: 4 | B11: Ka Dar(W) | C11: 10735 | D11: 5037 | E11: 5698
B13: Village Tract | C13: =SUM(C14:C63) -> 189025 | D13: =SUM(D14:D63) -> 91500 | E13: =SUM(E14:E63) -> 97525
A14: 1 | B14: Nyaung Kone Lay(VT) | C14: 1722 | D14: 825 | E14: 897
A15: 2 | B15: Pan Kone(VT) | C15: 7270 | D15: 3781 | E15: 3489
A16: 3 | B16: Oke Ta Dar(VT) | C16: 6395 | D16: 3187 | E16: 3208
A17: 4 | B17: Da Rein(VT) | C17: 1389 | D17: 655 | E17: 734
A18: 5 | B18: Day Kin(VT) | C18: 1152 | D18: 564 | E18: 588
A19: 6 | B19: Ka Mar Bi(VT) | C19: 707 | D19: 315 | E19: 392
A20: 7 | B20: Ah Hauk(VT) | C20: 1343 | D20: 622 | E20: 721
A21: 8 | B21: Htan Pin Chaung Gyi(VT) | C21: 6816 | D21: 3321 | E21: 3495
A22: 9 | B22: Zin Kyaik(VT) | C22: 20888 | D22: 9854 | E22: 11034
A23: 10 | B23: Tat Hmu Chaung(VT) | C23: 774 | D23: 400 | E23: 374
A24: 11 | B24: Kawt Htaw(VT) | C24: 1468 | D24: 680 | E24: 788
A25: 12 | B25: Kywe Chan(VT) | C25: 5800 | D25: 2752 | E25: 3048
... A63: 50 | B63: Ei Byit(VT) | C63: 3303 | D63: 1540 | E63: 1763

Sheet Kyaikto
A1: Mon State,Thaton District, Kyaikto Township
E2: 29-3-2014
A3: Sr | B3: Ward/Village Tract | C3: Population
C4: Total | D4: Male | E4: Female
B5: Total | C5: 184532 | D5: 90031 | E5: 94501
B7: Ward | C7: =SUM(C8:C13) -> 35224 | D7: =SUM(D8:D13) -> 16622 | E7: =SUM(E8:E13) -> 18602
A8: 1 | B8: Zay Yar Mun(W) | C8: 3661 | D8: 1714 | E8: 1947
A9: 2 | B9: Myauk Paing(W) | C9: 2893 | D9: 1354 | E9: 1539
A10: 3 | B10: Kawt San Naing(W) | C10: 7546 | D10: 3590 | E10: 3956
A11: 4 | B11: Taung Paing(W) | C11: 5110 | D11: 2452 | E11: 2658
A12: 5 | B12: Kant Kaw(W) | C12: 8995 | D12: 4185 | E12: 4810
A13: 6 | B13: Taung Thu Su(W) | C13: 7019 | D13: 3327 | E13: 3692
B15: Village Tract | C15: =SUM(C16:C50) -> 149308 | D15: =SUM(D16:D50) -> 73409 | E15: =SUM(E16:E50) -> 75899
A16: 1 | B16: Ah Baing(VT) | C16: 2931 | D16: 1480 | E16: 1451
A17: 2 | B17: Kyu Chaung(VT) | C17: 2061 | D17: 967 | E17: 1094
A18: 3 | B18: Thone Gwa(VT) | C18: 2189 | D18: 1269 | E18: 920
A19: 4 | B19: Baw Ka Hta (Win Kan)(VT) | C19: 1516 | D19: 784 | E19: 732
A20: 5 | B20: Hle Lan Ku(VT) | C20: 4059 | D20: 2042 | E20: 2017
A21: 6 | B21: In Ga Po(VT) | C21: 4371 | D21: 2125 | E21: 2246
A22: 7 | B22: Ka Daing Dut(VT) | C22: 2661 | D22: 1296 | E22: 1365
A23: 8 | B23: Kan Ni(VT) | C23: 2574 | D23: 1309 | E23: 1265
A24: 9 | B24: Kha Ywea(VT) | C24: 2736 | D24: 1333 | E24: 1403
A25: 10 | B25: Moke Kha Mawt(VT) | C25: 1578 | D25: 773 | E25: 805
A26: 11 | B26: Kawt Htin(VT) | C26: 4553 | D26: 2220 | E26: 2333
A27: 12 | B27: Kawt Bein(VT) | C27: 2550 | D27: 1217 | E27: 1333
... A50: 35 | B50: Moke Pa Lin(VT) | C50: 6434 | D50: 3140 | E50: 3294

Sheet Bilin
A1: Mon State,Thaton District, Bilin Township
E2: 29-3-2014
A3: Sr | B3: Ward/Village Tract | C3: Population
C4: Total | D4: Male | E4: Female
B5: Total | C5: 181075 | D5: 87920 | E5: 93155
B7: Ward | C7: =SUM(C8:C12) -> 18392 | D7: =SUM(D8:D12) -> 8908 | E7: =SUM(E8:E12) -> 9484
A8: 1 | B8: Sa Yar San(W) | C8: 2733 | D8: 1376 | E8: 1357
A9: 2 | B9: Hpoe Yar Zar(W) | C9: 3775 | D9: 1750 | E9: 2025
A10: 3 | B10: Kan Thar Yar(W) | C10: 7326 | D10: 3584 | E10: 3742
A11: 4 | B11: Hpoe Hla Gyi(W) | C11: 2460 | D11: 1163 | E11: 1297
A12: 5 | B12: Bo Tay Za(W) | C12: 2098 | D12: 1035 | E12: 1063
B14: Village Tract | C14: =SUM(C15:C64) -> 162683 | D14: =SUM(D15:D64) -> 79012 | E14: =SUM(E15:E64) -> 83671
A15: 1 | B15: Hnin Pale(VT) | C15: 4819 | D15: 2252 | E15: 2567
A16: 2 | B16: Shwe Hlay(VT) | C16: 5550 | D16: 2598 | E16: 2952
A17: 3 | B17: Nyaung Pa Lin(VT) | C17: 2786 | D17: 1386 | E17: 1400
A18: 4 | B18: Leik Khone(VT) | C18: 2528 | D18: 1144 | E18: 1384
A19: 5 | B19: Ta Bet Swea(VT) | C19: 667 | D19: 344 | E19: 323
A20: 6 | B20: Ah Naing Pun(VT) | C20: 3747 | D20: 1762 | E20: 1985
A21: 7 | B21: Mu Thin(VT) | C21: 4214 | D21: 2076 | E21: 2138
A22: 8 | B22: Zwe Ka Lar(VT) | C22: 1231 | D22: 584 | E22: 647
A23: 9 | B23: Zoke Thoke(VT) | C23: 10749 | D23: 5126 | E23: 5623
A24: 10 | B24: Zoke Ka Li(VT) | C24: 5397 | D24: 2746 | E24: 2651
A25: 11 | B25: Kawt Ka Dut(VT) | C25: 4787 | D25: 2287 | E25: 2500
A26: 12 | B26: Yun Da Lin Kone(VT) | C26: 3541 | D26: 1693 | E26: 1848
... A64: 50 | B64: Kyauk Lone Gyi(VT) | C64: 1477 | D64: 728 | E64: 749

Sheet Sheet2
