Workbook

Sheet Link of Township
A2: 1 | B2: =Taunggyi!A1 -> Shan State,Taunggyi District,Taunggyi Township
A3: 2 | B3: =' Nyaungshwe'!A1 -> Shan State,Taunggyi District,Nyaungshwe Township
A4: 3 | B4: =Hopong!A1 -> Shan State,Taunggyi District, Hopong Township
A5: 4 | B5: =Hsihseng!A1 -> Shan State,Taunggyi District, Hsihseng Township
A6: 5 | B6: =Kalaw!A1 -> Shan State,Taunggyi District, Kalaw Township
A7: 6 | B7: =Pindaya!A1 -> Shan State,Taunggyi District, Pindaya Township
A8: 7 | B8: =Ywangan!A1 -> Shan State,Taunggyi District, Ywarngan Township
A9: 8 | B9: =Yatsauk!A1 -> Shan State,Taunggyi District, Yatsauk Township
A10: 9 | B10: =Pinlaung!A1 -> Shan State,Taunggyi District, Pinlaung Township
A11: 10 | B11: =Phekon!A1 -> Shan State,Taunggyi District, Phekon Township
A12: 11 | B12: ='Kyauktalongyi (Sub-Tsp)'!A1 -> Shan State,Taunggyi District,Kyauktalongyi (Sub-Township)
A13: 12 | B13: ='Indaw (Sub-Tsp)'!A1 -> Shan State,Taunggyi District,Indaw(Sub-Township)
A14: 13 | B14: ='Naungtayar (Sub-Tsp)'!A1 -> Shan State,Taunggyi District, Naungtayar(Sub-Township)
A15: 14 | B15: =Loilem!A1 -> Shan State, Loilem District, Loilem Township
A16: 15 | B16: =Lahecha!A1 -> Shan State, Loilem District, Le`char Township
A17: 16 | B17: ='Nanhsam(South)'!A1 -> Shan State, Loilem District, Nanhsam(South) Township
A18: 17 | B18: =Kunhing!A1 -> Shan State, Loilem District, Kunhing Township
A19: 18 | B19: =Kehsi!A1 -> Shan State, Loilem District, Kehsi Township
A20: 19 | B20: =Mongkai!A1 -> Shan State, Loilem District, Mongkai Township
A21: 20 | B21: =Mineshu!A1 -> Shan State, Loilem District, Mineshu Township
A22: 21 | B22: ='Panglong (Sub-Tsp)'!A1 -> Shan State, Loilem District, Panglong(Sub-Township)
A23: 22 | B23: ='Kholan(Sub-Tsp)'!A1 -> Shan State, Loilem District, Kholan(Sub-Township)
A24: 23 | B24: ='Karli(sub-Tsp)'!A1 -> Shan State, Loilem District, Karli(Sub-Township)
A25: 24 | B25: ='Minenaung(Sub-Tsp)'!A1 -> Shan State, Loilem District, Minenaung(Sub-Township)
A26: 25 | B26: ='Minesan(Monsan)(Sub-Tsp)'!A1 -> Shan State, Loilem District, Minesan (Monsan)Sub-Township
A27: 26 | B27: =Linkhe!A1 -> Shan State, Linkhe` District, Linkhe` Township
A28: 27 | B28: =Mone!A1 -> Shan State, Linkhe` District, Mone Township
A29: 28 | B29: =Maukme!A1 -> Shan State, Linkhe` District, Maukme Township
A30: 29 | B30: =Minepan!A1 -> Shan State, Linkhe` District, Minepan Township
A31: 30 | B31: ='Homane (Sub-Tsp)'!A1 -> Shan State, Linkhe` District, Homane(Sub- Township)
A32: 31 | B32: ='Kengtaung(Sub-Tsp)'!A1 -> Shan State, Linkhe` District, Kengtaung(Sub--Township)
A33: 32 | B33: =Lashio!A1 -> Shan State, Lashio District, Lashio Township
A34: 33 | B34: =Theinni!A1 -> Shan State, Lashio District, Theinni Township
A35: 34 | B35: =Mineye!A1 -> Shan State, Lashio District, Mineye` Township
A36: 35 | B36: =Tantyan!A1 -> Shan State, Lashio District,Tantyan Township
A37: 36 | B37: =Muse!A1 -> Shan State, MuSe District, MuSe Township
A38: 37 | B38: =Namkham!A1 -> Shan State, MuSe District, Namkham Township
A39: 38 | B39: =Kukai!A1 -> Shan State, MuSe District, Kukai Township
A40: 39 | B40: ='Monekoe(Sub-Tsp)'!A1 -> Shan State, MuSe District, Monekoe(Sub-Township)
A41: 40 | B41: ='Manhero (Manhyo)(Sub-Tsp)'!A1 -> Shan State, MuSe District, Manhero(Manhyo)Sub-Township
A42: 41 | B42: ='Pansai (Kyu Kok) (Sub-Tsp)'!A1 -> Shan State, MuSe District, Pansai(Kyu Kok) Sub-Township
A43: 42 | B43: ='Tamoenye (Sub-Tsp)'!A1 -> Shan State, MuSe District, Tamoenye(Sub-Township)
A44: 43 | B44: =Kyaukme!A1 -> Shan State, Kyaukme District, KyaukmeTownship
A45: 44 | B45: =' Naungkhio'!A1 -> Shan State, Kyaukme District, Naungkhio Township
A46: 45 | B46: =Hsipaw!A1 -> Shan State, Kyaukme District,Hsipaw Township
A47: 46 | B47: =Namtu!A1 -> Shan State, Kyaukme District,Namtu Township
A48: 47 | B48: ='Namsan (North)'!A1 -> Shan State, Kyaukme District, Namsan(North) Township
A49: 48 | B49: =Momeik!A1 -> Shan State, Kyaukme District,Momeik Township
A50: 49 | B50: =Mabane!A1 -> Shan State, Kyaukme District,Mabane Township
A51: 50 | B51: =Manton!A1 -> Shan State, Kyaukme District, Manton Township
A52: 51 | B52: ='Minengaw(Sub-Tsp)'!A1 -> Shan State, Kyaukme District, Minengaw(Sub-Township)
A53: 52 | B53: ='Minelon(Sub-Tsp)'!A1 -> Shan State, Kyaukme District, Minelon (Sub-Township)
A54: 53 | B54: =Kunlon!A1 -> Shan State, Kunlon District, Kunlon Township
A55: 54 | B55: =Laukine!A1 -> Shan State, LaukineDistrict, Laukine Township
A56: 55 | B56: =Kongyan!A1 -> Shan State, LaukineDistrict, Kongyan Township
A57: 56 | B57: ='Chinshwehaw(Sub-Tsp)'!A1 -> Shan State, Laukine District, Chinshwehaw(Sub- Township)
A58: 57 | B58: ='Mawhtike (Sub-Tsp)'!A1 -> Shan State, Laukine District, Mawhtike (Sub- Township)
A59: 58 | B59: Shan State, Hopan District, Hopan Township
A60: 59 | B60: Shan State,Hopan District, Minemaw Township
A61: 60 | B61: Shan State, Hopan District, Panwine Township
A62: 61 | B62: Shan State, Hopan District, Panlon (Sub- Township)
A63: 62 | B63: Shan State, Makman District, Makman Township
A64: 63 | B64: Shan State, Makman District, Pansan(Pan Kham) Township
A65: 64 | B65: Shan State, Makman District, Naphang Township
A66: 65 | B66: Shan State, Makman District, Mankan (Sub- Township)
A67: 66 | B67: =Kengtung!A1 -> Shan State, Kengtung District, Kengtung Township
A68: 67 | B68: =Minekat!A1 -> Shan State, Kengtung District, Minekat Township
A69: 68 | B69: =Mineyan!A1 -> Shan State, Kengtung District, Mineyan Township
A70: 69 | B70: =Minelar!A1 -> Shan State, Kengtung District, Minelar Township
A71: 70 | B71: ='Minw Pauk(Sub-Tsp)'!A1 -> Shan State, Kengtung District, Mine Pauk(Sub-Township)
A72: 71 | B72: =Minesat!A1 -> Shan State, Minesat District, Minesat Township
A73: 72 | B73: =Minepyin!A1 -> Shan State, Minesat District, Minepyin Township
A74: 73 | B74: =Minetung!A1 -> Shan State, Minesat District, Minetung Township
A75: 74 | B75: ='Minekoke(Sub-Tsp)'!A1 -> Shan State, Minesat District, Minekoke(Sub-Township)
A76: 75 | B76: ='Tontar (Sub-Tsp)'!A1 -> Shan State, Minesat District, Tontar(Sub-Township)
A77: 76 | B77: ='Ponparkyin(Sub-Tsp)'!A1 -> Shan State, Minesat District, Ponparkyin(Sub- Township)
A78: 77 | B78: ='Monehta (Subn-Tsp)'!A1 -> Shan State, Minesat District, Monehta(Sub- Township)
A79: 78 | B79: =Tachileik!A1 -> Shan State, Tachileik District, Tachileik Township
A80: 79 | B80: ='Talay (Sub-Tsp)'!A1 -> Shan State, Tachileik District, Talay(Sub- Township)
A81: 80 | B81: ='Kenglat(Sub-Tsp)'!A1 -> Shan State, Tachileik District, Kenglat(Sub-Township)
A82: 81 | B82: =Minephyat!A1 -> Shan State, Minephyat District, Minephyat Township
A83: 82 | B83: =Mineyaung!A1 -> Shan State, Minephyat District, Mineyaung Township
A84: 83 | B84: ='Mineyu(Sub-Tsp)'!A1 -> Shan State, Minephyat District, Mineyu(Sub- Township)

Sheet Taunggyi
A1: Shan State,Taunggyi District,Taunggyi Township
E2: 29-3-2014
A4: Sr | B4: Ward/Village Tract | C4: Population
C5: Total | D5: Male | E5: Female
B6: Total | C6: 381639 | D6: 185954 | E6: 195685
B8: Ward | C8: =C10+C34+C48 -> 264804 | D8: =D10+D34+D48 -> 126928 | E8: =E10+E34+E48 -> 137876
B10: Taunggyi Town | C10: =SUM(C11:C32) -> 168393 | D10: =SUM(D11:D32) -> 80087 | E10: =SUM(E11:E32) -> 88306
A11: 1 | B11: Nyaung Hpyu Sa Khan(W) | C11: 16839 | D11: 7938 | E11: 8901
A12: 2 | B12: Min Ga Lar U(W) | C12: 6397 | D12: 2832 | E12: 3565
A13: 3 | B13: Pyi Taw Thar(W) | C13: 2941 | D13: 1341 | E13: 1600
A14: 4 | B14: Ya Da Nar Thi Ri(W) | C14: 8969 | D14: 4107 | E14: 4862
A15: 5 | B15: Nyaung Shwe Haw Kone(W) | C15: 2313 | D15: 1012 | E15: 1301
A16: 6 | B16: Yae Aye Kwin(W) | C16: 10504 | D16: 4802 | E16: 5702
A17: 7 | B17: Kan Auk(W) | C17: 2463 | D17: 1153 | E17: 1310
A18: 8 | B18: Chan Mya Thar Zi(W) | C18: 6380 | D18: 3048 | E18: 3332
A19: 9 | B19: Zay Paing(W) | C19: 1508 | D19: 746 | E19: 762
A20: 10 | B20: Shwe Taung(W) | C20: 9607 | D20: 4631 | E20: 4976
A21: 11 | B21: Kan (East)(W) | C21: 3141 | D21: 1358 | E21: 1783
A22: 12 | B22: Lan Ma Taw(W) | C22: 2114 | D22: 1022 | E22: 1092
... A32: 22 | B32: Kan Gyi(W) | C32: 4144 | D32: 2138 | E32: 2006
B34: Aye Thar Yar Town | C34: =SUM(C35:C46) -> 56555 | D34: =SUM(D35:D46) -> 27547 | E34: =SUM(E35:E46) -> 29008
A35: 23 | B35: No(1)(W) | C35: 3619 | D35: 1968 | E35: 1651
A36: 24 | B36: No(2)(W) | C36: 2092 | D36: 1013 | E36: 1079
A37: 25 | B37: No(3)(W) | C37: 4038 | D37: 2032 | E37: 2006
A38: 26 | B38: No(4)(W) | C38: 3540 | D38: 1744 | E38: 1796
A39: 27 | B39: No(5)(W) | C39: 2650 | D39: 1286 | E39: 1364
A40: 28 | B40: No(6)(W) | C40: 8364 | D40: 3961 | E40: 4403
A41: 29 | B41: No(7)(W) | C41: 4652 | D41: 2163 | E41: 2489
A42: 30 | B42: No(8)(W) | C42: 6456 | D42: 3016 | E42: 3440
A43: 31 | B43: No(9)(W) | C43: 6869 | D43: 3174 | E43: 3695
A44: 32 | B44: No(10)(W) | C44: 6468 | D44: 3015 | E44: 3453
A45: 33 | B45: No(11)(W) | C45: 1469 | D45: 688 | E45: 781
A46: 34 | B46: No(12)(W) | C46: 6338 | D46: 3487 | E46: 2851
B48: Shwe Nyaung Town | C48: =SUM(C49:C59) -> 39856 | D48: =SUM(D49:D59) -> 19294 | E48: =SUM(E49:E59) -> 20562
A49: 35 | B49: Hlaing Bon Thar(W) | C49: 4358 | D49: 2184 | E49: 2174
A50: 36 | B50: Thu Kha Chan Thar(W) | C50: 2685 | D50: 1353 | E50: 1332
A51: 37 | B51: Shwe Bon Thar(W) | C51: 5000 | D51: 2394 | E51: 2606
A52: 38 | B52: Dana Thei Di(W) | C52: 2172 | D52: 996 | E52: 1176
A53: 39 | B53: Ya Da Nar(W) | C53: 2739 | D53: 1261 | E53: 1478
A54: 40 | B54: Min Ga Lar Shwe Baho(W) | C54: 3530 | D54: 1653 | E54: 1877
A55: 41 | B55: Ming Ga Lar Aung Myay(W) | C55: 5024 | D55: 2383 | E55: 2641
A56: 42 | B56: Se Lel(W) | C56: 1992 | D56: 971 | E56: 1021
A57: 43 | B57: Sint Hal(W) | C57: 4957 | D57: 2515 | E57: 2442
A58: 44 | B58: Aung Tha Pyay(W) | C58: 7179 | D58: 3449 | E58: 3730
A59: 45 | B59: Min Ga Lar(W) | C59: 220 | D59: 135 | E59: 85
B60: Village Tract | C60: =SUM(C61:C77) -> 116835 | D60: =SUM(D61:D77) -> 59026 | E60: =SUM(E61:E77) -> 57809
A61: 1 | B61: Nang Hawng(VT) | C61: 8311 | D61: 4040 | E61: 4271
A62: 2 | B62: Loi Taw(VT) | C62: 8751 | D62: 4141 | E62: 4610
A63: 3 | B63: Min Ga Lar(VT) | C63: 2143 | D63: 1153 | E63: 990
A64: 4 | B64: Nam Hu(VT) | C64: 6562 | D64: 3261 | E64: 3301
A65: 5 | B65: Hpet Kun(VT) | C65: 5068 | D65: 2296 | E65: 2772
A66: 6 | B66: Nawng Lay(VT) | C66: 5683 | D66: 2792 | E66: 2891
A67: 7 | B67: Hpar Mun(VT) | C67: 6426 | D67: 3263 | E67: 3163
A68: 8 | B68: Hti Hpawng(VT) | C68: 7508 | D68: 3863 | E68: 3645
A69: 9 | B69: Nam See(VT) | C69: 8576 | D69: 4654 | E69: 3922
A70: 10 | B70: Pan Tin(VT) | C70: 1747 | D70: 886 | E70: 861
A71: 11 | B71: Mong Thaw (East)(VT) | C71: 14429 | D71: 7147 | E71: 7282
A72: 12 | B72: Mong Thaw (West)(VT) | C72: 2555 | D72: 1292 | E72: 1263
... A77: 17 | B77: Kyauk Ni(VT) | C77: 6350 | D77: 3108 | E77: 3242

Sheet  Nyaungshwe
A1: Shan State,Taunggyi District,Nyaungshwe Township
E2: 29-3-2014
A4: Sr | B4: Ward/Village Tract | C4: Population
C5: Total | D5: Male | E5: Female
B6: Total | C6: 189407 | D6: 94537 | E6: 94870
B8: Ward | C8: =SUM(C9:C16) -> 16208 | D8: =SUM(D9:D16) -> 8174 | E8: =SUM(E9:E16) -> 8034
A9: 1 | B9: Kan Thar(W) | C9: 2287 | D9: 1100 | E9: 1187
A10: 2 | B10: Thar Si(W) | C10: 1343 | D10: 651 | E10: 692
A11: 3 | B11: Nan Da Wun(W) | C11: 6953 | D11: 3605 | E11: 3348
A12: 4 | B12: Myo Lel(W) | C12: 742 | D12: 375 | E12: 367
A13: 5 | B13: Win(W) | C13: 1310 | D13: 660 | E13: 650
A14: 6 | B14: Nang Pang(W) | C14: 1115 | D14: 574 | E14: 541
A15: 7 | B15: Min Ga Lar(W) | C15: 766 | D15: 384 | E15: 382
A16: 8 | B16: Mong Li(W) | C16: 1692 | D16: 825 | E16: 867
B17: Village Tract | C17: =SUM(C18:C52) -> 173199 | D17: =SUM(D18:D52) -> 86363 | E17: =SUM(E18:E52) -> 86836
A18: 1 | B18: Nan Thea(VT) | C18: 4736 | D18: 2380 | E18: 2356
A19: 2 | B19: Kyun Gyi(VT) | C19: 3603 | D19: 1751 | E19: 1852
A20: 3 | B20: Lin Kin(VT) | C20: 4822 | D20: 2411 | E20: 2411
A21: 4 | B21: Khaung Taing(VT) | C21: 3358 | D21: 1673 | E21: 1685
A22: 5 | B22: Let Maung Kway(VT) | C22: 2737 | D22: 1373 | E22: 1364
A23: 6 | B23: Taung Poet Gyi(VT) | C23: 4116 | D23: 2109 | E23: 2007
A24: 7 | B24: Taung Chay Myin Sa Hkunt(VT) | C24: 6890 | D24: 3527 | E24: 3363
A25: 8 | B25: Mong Thauk(VT) | C25: 7226 | D25: 3859 | E25: 3367
A26: 9 | B26: Ywar Thar(VT) | C26: 4583 | D26: 2261 | E26: 2322
A27: 10 | B27: Ti Law Sa Khan Gyi(VT) | C27: 13770 | D27: 6975 | E27: 6795
A28: 11 | B28: Min Chaung(VT) | C28: 8869 | D28: 4337 | E28: 4532
A29: 12 | B29: Nang Pang(VT) | C29: 4969 | D29: 2429 | E29: 2540
... A52: 35 | B52: Pont Mu(VT) | C52: 6070 | D52: 3081 | E52: 2989

Sheet Hopong
A1: Shan State,Taunggyi District, Hopong Township
E2: 29-3-2014
A4: Sr | B4: Ward/Village Tract | C4: Population
C5: Total | D5: Male | E5: Female
B6: Total | C6: 112348 | D6: 55535 | E6: 56813
B8: Ward | C8: =SUM(C9:C14) -> 22840 | D8: =SUM(D9:D14) -> 12106 | E8: =SUM(E9:E14) -> 10734
A9: 1 | B9: Myo U(W) | C9: 3916 | D9: 1820 | E9: 2096
A10: 2 | B10: Myo U Kwet Thit(W) | C10: 7942 | D10: 5002 | E10: 2940
A11: 3 | B11: Ah Shey(W) | C11: 673 | D11: 304 | E11: 369
A12: 4 | B12: Ah Nauk(W) | C12: 1426 | D12: 668 | E12: 758
A13: 5 | B13: Taung(W) | C13: 7113 | D13: 3445 | E13: 3668
A14: 6 | B14: Tong Hkam(W) | C14: 1770 | D14: 867 | E14: 903
B15: Village Tract | C15: =SUM(C16:C37) -> 89508 | D15: =SUM(D16:D37) -> 43429 | E15: =SUM(E16:E37) -> 46079
A16: 1 | B16: Nam Hkoke(VT) | C16: 4060 | D16: 2001 | E16: 2059
A17: 2 | B17: Kone Keng(VT) | C17: 2749 | D17: 1359 | E17: 1390
A18: 3 | B18: Long Hay(VT) | C18: 6050 | D18: 2932 | E18: 3118
A19: 4 | B19: Pawng Lin(VT) | C19: 9895 | D19: 4920 | E19: 4975
A20: 5 | B20: Sam Hpu (Me Nei Taung)(VT) | C20: 7443 | D20: 3529 | E20: 3914
A21: 6 | B21: Sa Ngaw(VT) | C21: 6538 | D21: 3112 | E21: 3426
A22: 7 | B22: Kyauk Tan(VT) | C22: 4458 | D22: 2093 | E22: 2365
A23: 8 | B23: Baw Kone(VT) | C23: 4859 | D23: 2341 | E23: 2518
A24: 9 | B24: Ti Long(VT) | C24: 4494 | D24: 2192 | E24: 2302
A25: 10 | B25: Loi Aun(VT) | C25: 6018 | D25: 2963 | E25: 3055
A26: 11 | B26: Le Thet(VT) | C26: 1184 | D26: 624 | E26: 560
A27: 12 | B27: Long Hkoke(VT) | C27: 3919 | D27: 1941 | E27: 1978
... A37: 22 | B37: Nawng Lai Mu Hpeik(VT) | C37: 3643 | D37: 1757 | E37: 1886

Sheet Hsihseng
A1: Shan State,Taunggyi District, Hsihseng Township
E2: 29-3-2014
A4: Sr | B4: Ward/Village Tract | C4: Population
C5: Total | D5: Male | E5: Female
B6: Total | C6: 153032 | D6: 74736 | E6: 78296
B8: Ward | C8: =SUM(C9:C14) -> 12073 | D8: =SUM(D9:D14) -> 6029 | E8: =SUM(E9:E14) -> 6044
A9: 1 | B9: Ho Hke(W) | C9: 2280 | D9: 1228 | E9: 1052
A10: 2 | B10: Min Ga Lar(W) | C10: 977 | D10: 468 | E10: 509
A11: 3 | B11: Thi Ri(W) | C11: 1110 | D11: 540 | E11: 570
A12: 4 | B12: Aung Tha Pyay(W) | C12: 1758 | D12: 834 | E12: 924
A13: 5 | B13: Aung Chan Thar(W) | C13: 3996 | D13: 1884 | E13: 2112
A14: 6 | B14: Mya Kan Thar(W) | C14: 1952 | D14: 1075 | E14: 877
B15: Village Tract | C15: =SUM(C16:C28) -> 140959 | D15: =SUM(D16:D28) -> 68707 | E15: =SUM(E16:E28) -> 72252
A16: 1 | B16: Hsihseng(VT) | C16: 18206 | D16: 8914 | E16: 9292
A17: 2 | B17: Ta Bet(VT) | C17: 7208 | D17: 3619 | E17: 3589
A18: 3 | B18: Taung (East)(VT) | C18: 12700 | D18: 6160 | E18: 6540
A19: 4 | B19: Pin Son(VT) | C19: 9077 | D19: 4473 | E19: 4604
A20: 5 | B20: Kone Hsut(VT) | C20: 4912 | D20: 2410 | E20: 2502
A21: 6 | B21: Bant Bwee(VT) | C21: 6164 | D21: 2974 | E21: 3190
A22: 7 | B22: Loi Yun Nar Than(VT) | C22: 7368 | D22: 3595 | E22: 3773
A23: 8 | B23: Par Law Par Kei(VT) | C23: 24654 | D23: 11770 | E23: 12884
A24: 9 | B24: Nar Hkaik(VT) | C24: 11832 | D24: 5876 | E24: 5956
A25: 10 | B25: Pong Inn(VT) | C25: 2025 | D25: 986 | E25: 1039
A26: 11 | B26: Nawng Mun(VT) | C26: 7836 | D26: 3823 | E26: 4013
A27: 12 | B27: Loi Put(VT) | C27: 15422 | D27: 7453 | E27: 7969
A28: 13 | B28: Ban Yin(VT) | C28: 13555 | D28: 6654 | E28: 6901

Sheet Kalaw
A1: Shan State,Taunggyi District, Kalaw Township
E2: 29-3-2014
A4: Sr | B4: Ward/Village Tract | C4: Population
C5: Total | D5: Male | E5: Female
B6: Total | C6: 186083 | D6: 93092 | E6: 92991
B8: Ward | C8: =C10+C23 -> 57797 | D8: =D10+D23 -> 28672 | E8: =E10+E23 -> 29125
B10: Kalaw Town | C10: =SUM(C11:C21) -> 19962 | D10: =SUM(D11:D21) -> 9933 | E10: =SUM(E11:E21) -> 10029
A11: 1 | B11: No(1)(W) | C11: 2727 | D11: 1341 | E11: 1386
A12: 2 | B12: No(2)(W) | C12: 1489 | D12: 716 | E12: 773
A13: 3 | B13: No(3)(W) | C13: 3757 | D13: 1878 | E13: 1879
A14: 4 | B14: No(4)(W) | C14: 1379 | D14: 614 | E14: 765
A15: 5 | B15: No(5)(W) | C15: 1101 | D15: 614 | E15: 487
A16: 6 | B16: No(6)(W) | C16: 1612 | D16: 760 | E16: 852
A17: 7 | B17: No(7)(W) | C17: 2318 | D17: 1144 | E17: 1174
A18: 8 | B18: No(8)(W) | C18: 1351 | D18: 643 | E18: 708
A19: 9 | B19: No(9)(W) | C19: 1216 | D19: 607 | E19: 609
A20: 10 | B20: No(10)(W) | C20: 2361 | D20: 1257 | E20: 1104
A21: 11 | B21: No(11)(W) | C21: 651 | D21: 359 | E21: 292
B23: Aung Pann Town | C23: =SUM(C24:C35) -> 37835 | D23: =SUM(D24:D35) -> 18739 | E23: =SUM(E24:E35) -> 19096
A24: 12 | B24: Nyaung Pin Htaung(W) | C24: 5959 | D24: 2891 | E24: 3068
A25: 13 | B25: Hle Yoe(W) | C25: 3430 | D25: 1758 | E25: 1672
A26: 14 | B26: Ywar Ngan Su(W) | C26: 2205 | D26: 1017 | E26: 1188
A27: 15 | B27: No(1)(W) | C27: 549 | D27: 255 | E27: 294
A28: 16 | B28: No(2)(W) | C28: 880 | D28: 386 | E28: 494
A29: 17 | B29: Moe Kaung(W) | C29: 2568 | D29: 1315 | E29: 1253
A30: 18 | B30: No(3)(W) | C30: 6357 | D30: 3163 | E30: 3194
A31: 19 | B31: No(4)(W) | C31: 831 | D31: 379 | E31: 452
A32: 20 | B32: Let Ma Pin(W) | C32: 1469 | D32: 668 | E32: 801
A33: 21 | B33: Myo Haung(W) | C33: 5728 | D33: 2854 | E33: 2874
A34: 22 | B34: Min Ga Lar(W) | C34: 3793 | D34: 1841 | E34: 1952
A35: 23 | B35: Ywar Thit(W) | C35: 4066 | D35: 2212 | E35: 1854
B36: Village Tract | C36: =SUM(C37:C61) -> 128286 | D36: =SUM(D37:D61) -> 64420 | E36: =SUM(E37:E61) -> 63866
A37: 1 | B37: La Mong(VT) | C37: 3350 | D37: 1700 | E37: 1650
A38: 2 | B38: Nang Naing(VT) | C38: 2701 | D38: 1435 | E38: 1266
A39: 3 | B39: Loi An(VT) | C39: 5254 | D39: 2783 | E39: 2471
A40: 4 | B40: Myin Ma Hti(VT) | C40: 4494 | D40: 2243 | E40: 2251
A41: 5 | B41: Taung Lar(VT) | C41: 2904 | D41: 1482 | E41: 1422
A42: 6 | B42: Taung Kwe(VT) | C42: 2141 | D42: 1118 | E42: 1023
A43: 7 | B43: Wet Hpyu Yae(VT) | C43: 2784 | D43: 1397 | E43: 1387
A44: 8 | B44: Shwe Min Hpone(VT) | C44: 9220 | D44: 5221 | E44: 3999
A45: 9 | B45: Nang Taing(VT) | C45: 6496 | D45: 3248 | E45: 3248
A46: 10 | B46: Kan Bar Ni(VT) | C46: 4169 | D46: 2097 | E46: 2072
A47: 11 | B47: Yae Cho(VT) | C47: 4607 | D47: 2290 | E47: 2317
A48: 12 | B48: Nawng Ye(VT) | C48: 4220 | D48: 2053 | E48: 2167
... A61: 25 | B61: Pe Yin Taung(VT) | C61: 2461 | D61: 1240 | E61: 1221

Sheet Pindaya
A1: Shan State,Taunggyi District, Pindaya Township
E2: 29-3-2014
A4: Sr | B4: Ward/Village Tract | C4: Population
C5: Total | D5: Male | E5: Female
B6: Total | C6: 79303 | D6: 38468 | E6: 40835
B8: Ward | C8: =SUM(C9:C20) -> 10762 | D8: =SUM(D9:D20) -> 5161 | E8: =SUM(E9:E20) -> 5601
A9: 1 | B9: Shan(W) | C9: 1011 | D9: 463 | E9: 548
A10: 2 | B10: Zay Tan(W) | C10: 1356 | D10: 649 | E10: 707
A11: 3 | B11: Sin Gaung(W) | C11: 1032 | D11: 510 | E11: 522
A12: 4 | B12: Aw Yaw(W) | C12: 1474 | D12: 691 | E12: 783
A13: 5 | B13: Sue Bo Kone(W) | C13: 810 | D13: 392 | E13: 418
A14: 6 | B14: Ywar Thit(W) | C14: 1315 | D14: 685 | E14: 630
A15: 7 | B15: Ywar Nge(W) | C15: 550 | D15: 260 | E15: 290
A16: 8 | B16: Haw Kone(W) | C16: 759 | D16: 387 | E16: 372
A17: 9 | B17: Ah Nauk(W) | C17: 560 | D17: 273 | E17: 287
A18: 10 | B18: Pauk Taw(W) | C18: 450 | D18: 202 | E18: 248
A19: 11 | B19: Hgnet Pyaw Taw(W) | C19: 1042 | D19: 463 | E19: 579
A20: 12 | B20: Pyi Taw Thar(W) | C20: 403 | D20: 186 | E20: 217
B21: Village Tract | C21: =SUM(C22:C48) -> 68541 | D21: =SUM(D22:D48) -> 33307 | E21: =SUM(E22:E48) -> 35234
A22: 1 | B22: Htwet Ni(VT) | C22: 1619 | D22: 782 | E22: 837
A23: 2 | B23: Thit Ae Pin(VT) | C23: 1809 | D23: 832 | E23: 977
A24: 3 | B24: Taung Paw Gyi(VT) | C24: 3225 | D24: 1568 | E24: 1657
A25: 4 | B25: Yae Hpyu(VT) | C25: 1900 | D25: 886 | E25: 1014
A26: 5 | B26: Kyauk Su(VT) | C26: 1481 | D26: 699 | E26: 782
A27: 6 | B27: Htei Thun(VT) | C27: 1384 | D27: 637 | E27: 747
A28: 7 | B28: Me Nei Taung(VT) | C28: 3025 | D28: 1496 | E28: 1529
A29: 8 | B29: Shwe Pu Htoe(VT) | C29: 2106 | D29: 1049 | E29: 1057
A30: 9 | B30: Pan Sit(VT) | C30: 3262 | D30: 1606 | E30: 1656
A31: 10 | B31: Thein Kone(VT) | C31: 1518 | D31: 727 | E31: 791
A32: 11 | B32: Pin Pyaw(VT) | C32: 2378 | D32: 1138 | E32: 1240
A33: 12 | B33: Taung Shey(VT) | C33: 2110 | D33: 1053 | E33: 1057
... A48: 27 | B48: Myay Char Chaint(VT) | C48: 1712 | D48: 823 | E48: 889

Sheet Ywangan
A1: Shan State,Taunggyi District, Ywarngan Township
E2: 29-3-2014
A4: Sr | B4: Ward/Village Tract | C4: Population
C5: Total | D5: Male | E5: Female
B6: Total | C6: 82532 | D6: 41049 | E6: 41483
B8: Ward | C8: =SUM(C9:C11) -> 4517 | D8: =SUM(D9:D11) -> 2220 | E8: =SUM(E9:E11) -> 2297
A9: 1 | B9: Zay Tan(W) | C9: 2587 | D9: 1238 | E9: 1349
A10: 2 | B10: Myo Kone(W) | C10: 666 | D10: 369 | E10: 297
A11: 3 | B11: Ywar Ma(W) | C11: 1264 | D11: 613 | E11: 651
B12: Village Tract | C12: =SUM(C13:C40) -> 78015 | D12: =SUM(D13:D40) -> 38829 | E12: =SUM(E13:E40) -> 39186
A13: 1 | B13: Nwar Ban Gyi(VT) | C13: 3203 | D13: 1558 | E13: 1645
A14: 2 | B14: Kyauk Hmyaung(VT) | C14: 4803 | D14: 2300 | E14: 2503
A15: 3 | B15: Kyauk Gu Pyin(VT) | C15: 2934 | D15: 1405 | E15: 1529
A16: 4 | B16: Doke Toe Yae(VT) | C16: 1682 | D16: 863 | E16: 819
A17: 5 | B17: Lin Way(VT) | C17: 2386 | D17: 1168 | E17: 1218
A18: 6 | B18: Ta Pin Pyaw(VT) | C18: 960 | D18: 481 | E18: 479
A19: 7 | B19: Myo Gyi(VT) | C19: 4511 | D19: 2356 | E19: 2155
A20: 8 | B20: Inn Kone Ngar Su(VT) | C20: 850 | D20: 423 | E20: 427
A21: 9 | B21: Kyun Gyi(VT) | C21: 2138 | D21: 1117 | E21: 1021
A22: 10 | B22: Se(VT) | C22: 2065 | D22: 1078 | E22: 987
A23: 11 | B23: Htee Hlaing(VT) | C23: 918 | D23: 454 | E23: 464
A24: 12 | B24: Thein Kone(VT) | C24: 5013 | D24: 2439 | E24: 2574
... A40: 28 | B40: Nan Hkon(VT) | C40: 1865 | D40: 906 | E40: 959

Sheet Yatsauk
A1: Shan State,Taunggyi District, Yatsauk Township
E2: 29-3-2014
A4: Sr | B4: Ward/Village Tract | C4: Population
C5: Total | D5: Male | E5: Female
B6: Total | C6: 126567 | D6: 64961 | E6: 61606
B8: Ward | C8: =SUM(C9:C16) -> 29533 | D8: =SUM(D9:D16) -> 16175 | E8: =SUM(E9:E16) -> 13358
A9: 1 | B9: Taung Kwet Thit(W) | C9: 2906 | D9: 1384 | E9: 1522
A10: 2 | B10: Myo Kone(W) | C10: 2594 | D10: 1237 | E10: 1357
A11: 3 | B11: Oke Ta Tar(W) | C11: 3837 | D11: 1795 | E11: 2042
A12: 4 | B12: Zay Tan(W) | C12: 2512 | D12: 1356 | E12: 1156
A13: 5 | B13: Myauk Kwet Thit(W) | C13: 1315 | D13: 617 | E13: 698
A14: 6 | B14: Ba Htu(W) | C14: 9357 | D14: 6288 | E14: 3069
A15: 7 | B15: Zaw Gyi(W) | C15: 2855 | D15: 1362 | E15: 1493
A16: 8 | B16: Myo Oo(W) | C16: 4157 | D16: 2136 | E16: 2021
B17: Village Tract | C17: =SUM(C18:C30) -> 97034 | D17: =SUM(D18:D30) -> 48786 | E17: =SUM(E18:E30) -> 48248
A18: 1 | B18: Loi Koe(VT) | C18: 2836 | D18: 1434 | E18: 1402
A19: 2 | B19: Hway(VT) | C19: 5688 | D19: 2889 | E19: 2799
A20: 3 | B20: Yan Twin Ngar Kyaung(VT) | C20: 36918 | D20: 18451 | E20: 18467
A21: 4 | B21: Myin Taung(VT) | C21: 5030 | D21: 2459 | E21: 2571
A22: 5 | B22: Ma Gyi Kone(VT) | C22: 4344 | D22: 2176 | E22: 2168
A23: 6 | B23: Kaung Boet(VT) | C23: 8608 | D23: 4317 | E23: 4291
A24: 7 | B24: Ah Lel Chaung(VT) | C24: 5602 | D24: 2832 | E24: 2770
A25: 8 | B25: Hpawng Taw(VT) | C25: 3853 | D25: 1914 | E25: 1939
A26: 9 | B26: Kyauk Taw(VT) | C26: 6498 | D26: 3286 | E26: 3212
A27: 10 | B27: Nan Lwe(VT) | C27: 318 | D27: 166 | E27: 152
A28: 11 | B28: Par Me(VT) | C28: 8872 | D28: 4469 | E28: 4403
A29: 12 | B29: Mar Thea(VT) | C29: 5424 | D29: 2771 | E29: 2653
A30: 13 | B30: Keng Hkam(VT) | C30: 3043 | D30: 1622 | E30: 1421

Sheet Pinlaung
A1: Shan State,Taunggyi District, Pinlaung Township
E2: 29-3-2014
A4: Sr | B4: Ward/Village Tract | C4: Population
C5: Total | D5: Male | E5: Female
B6: Total | C6: 115047 | D6: 57411 | E6: 57636
B8: Ward | C8: =SUM(C9:C18) -> 12629 | D8: =SUM(D9:D18) -> 6531 | E8: =SUM(E9:E18) -> 6098
A9: 1 | B9: Bant Hpei(W) | C9: 605 | D9: 283 | E9: 322
A10: 2 | B10: Hpa Yar(North)(W) | C10: 243 | D10: 136 | E10: 107
A11: 3 | B11: Ah Shey(W) | C11: 1755 | D11: 887 | E11: 868
A12: 4 | B12: Ah Nauk(W) | C12: 935 | D12: 423 | E12: 512
A13: 5 | B13: Zay Tan(W) | C13: 813 | D13: 383 | E13: 430
A14: 6 | B14: Yone Win(W) | C14: 1450 | D14: 731 | E14: 719
A15: 7 | B15: Kan Thar Oo(W) | C15: 1045 | D15: 496 | E15: 549
A16: 8 | B16: Min Ga Lar Kwet Thit(W) | C16: 1064 | D16: 541 | E16: 523
A17: 9 | B17: Koe Khaung(W) | C17: 987 | D17: 537 | E17: 450
A18: 10 | B18: Yinn Hme(W) | C18: 3732 | D18: 2114 | E18: 1618
B19: Village Tract | C19: =SUM(C20:C32) -> 102418 | D19: =SUM(D20:D32) -> 50880 | E19: =SUM(E20:E32) -> 51538
A20: 1 | B20: Pinlaung Gyi(VT) | C20: 2071 | D20: 1055 | E20: 1016
A21: 2 | B21: Bant Bar(VT) | C21: 10337 | D21: 5074 | E21: 5263
A22: 3 | B22: Min Bu(VT) | C22: 5792 | D22: 2852 | E22: 2940
A23: 4 | B23: Taung Hti Bwar(VT) | C23: 6486 | D23: 3123 | E23: 3363
A24: 5 | B24: Hti Pawng(VT) | C24: 10568 | D24: 5186 | E24: 5382
A25: 6 | B25: Tha Pyay Kone(VT) | C25: 7169 | D25: 3805 | E25: 3364
A26: 7 | B26: Sin Taung(VT) | C26: 8766 | D26: 4378 | E26: 4388
A27: 8 | B27: Long Pyin(VT) | C27: 12126 | D27: 5998 | E27: 6128
A28: 9 | B28: Htein Pin(VT) | C28: 9805 | D28: 5255 | E28: 4550
A29: 10 | B29: Pin Mun(VT) | C29: 5761 | D29: 2692 | E29: 3069
A30: 11 | B30: Leint Nyar(VT) | C30: 9649 | D30: 4712 | E30: 4937
A31: 12 | B31: Myauk Hti Bwar(VT) | C31: 6710 | D31: 3208 | E31: 3502
A32: 13 | B32: Nang Toke(VT) | C32: 7178 | D32: 3542 | E32: 3636

Sheet Phekon
A1: Shan State,Taunggyi District, Phekon Township
E2: 29-3-2014
A4: Sr | B4: Ward/Village Tract | C4: Population
C5: Total | D5: Male | E5: Female
B6: Total | C6: 103590 | D6: 52293 | E6: 51297
B8: Ward | C8: =SUM(C9:C15) -> 16546 | D8: =SUM(D9:D15) -> 8357 | E8: =SUM(E9:E15) -> 8189
A9: 1 | B9: Hein Dhamma(W) | C9: 4476 | D9: 2357 | E9: 2119
A10: 2 | B10: Nang Hu(W) | C10: 615 | D10: 300 | E10: 315
A11: 3 | B11: Nyaung Kone(W) | C11: 4973 | D11: 2510 | E11: 2463
A12: 4 | B12: Zay(West)(W) | C12: 2097 | D12: 1038 | E12: 1059
A13: 5 | B13: Zay(East)(W) | C13: 1563 | D13: 762 | E13: 801
A14: 6 | B14: Zay Tan(W) | C14: 420 | D14: 214 | E14: 206
A15: 7 | B15: Myo Kone(W) | C15: 2402 | D15: 1176 | E15: 1226
B16: Village Tract | C16: =SUM(C17:C28) -> 87044 | D16: =SUM(D17:D28) -> 43936 | E16: =SUM(E17:E28) -> 43108
A17: 1 | B17: Moe Bye(VT) | C17: 27262 | D17: 13587 | E17: 13675
A18: 2 | B18: Hkawng Ei(VT) | C18: 7042 | D18: 3520 | E18: 3522
A19: 3 | B19: Kone Hson(VT) | C19: 4420 | D19: 2191 | E19: 2229
A20: 4 | B20: Loi Paw(VT) | C20: 4256 | D20: 2112 | E20: 2144
A21: 5 | B21: Nar Hee(VT) | C21: 2493 | D21: 1278 | E21: 1215
A22: 6 | B22: Ku Yin(VT) | C22: 3581 | D22: 1791 | E22: 1790
A23: 7 | B23: Yi Nwe(VT) | C23: 17640 | D23: 9034 | E23: 8606
A24: 8 | B24: Yi Long Yi Kan(VT) | C24: 5601 | D24: 2779 | E24: 2822
A25: 9 | B25: Thi Kyeik(VT) | C25: 4732 | D25: 2502 | E25: 2230
A26: 10 | B26: Ah Lel Pa Daung/Ah lel Kayan(VT) | C26: 6937 | D26: 3538 | E26: 3399
A27: 11 | B27: Byea Taik/Ka yaw(VT) | C27: 1047 | D27: 537 | E27: 510
A28: 12 | B28: Pekon(Naung Hlaing)(VT) | C28: 2033 | D28: 1067 | E28: 966

Sheet Kyauktalongyi (Sub-Tsp)
A1: Shan State,Taunggyi District,Kyauktalongyi (Sub-Township)
E2: 29-3-2014
A4: Sr | B4: Ward/Village Tract | C4: Population
C5: Total | D5: Male | E5: Female
B6: Total | C6: 56417 | D6: 27246 | E6: 29171
B8: Ward | C8: =SUM(C9:C14) -> 3166 | D8: =SUM(D9:D14) -> 1454 | E8: =SUM(E9:E14) -> 1712
A9: 1 | B9: Ta Pu Yway(W) | C9: 86 | D9: 42 | E9: 44
A10: 2 | B10: Don Ong(W) | C10: 1312 | D10: 602 | E10: 710
A11: 3 | B11: Nawng Long(W) | C11: 580 | D11: 274 | E11: 306
A12: 4 | B12: Hti Long(W) | C12: 438 | D12: 183 | E12: 255
A13: 5 | B13: Lin Hnar(W) | C13: 291 | D13: 138 | E13: 153
A14: 6 | B14: Kaung Wein(W) | C14: 459 | D14: 215 | E14: 244
B15: Village Tract | C15: =SUM(C16:C22) -> 53251 | D15: =SUM(D16:D22) -> 25792 | E15: =SUM(E16:E22) -> 27459
A16: 1 | B16: Nawng Kar(VT) | C16: 6724 | D16: 3321 | E16: 3403
A17: 2 | B17: Ah Thone Taw(VT) | C17: 2751 | D17: 1359 | E17: 1392
A18: 3 | B18: Nar Hee(VT) | C18: 8271 | D18: 3998 | E18: 4273
A19: 4 | B19: Nawng Hke(VT) | C19: 7598 | D19: 3598 | E19: 4000
A20: 5 | B20: Kat Ku(VT) | C20: 11293 | D20: 5473 | E20: 5820
A21: 6 | B21: Pin Tun(VT) | C21: 9614 | D21: 4661 | E21: 4953
A22: 7 | B22: Nawng Pyit(VT) | C22: 7000 | D22: 3382 | E22: 3618

Sheet Indaw (Sub-Tsp)
A1: Shan State,Taunggyi District,Indaw(Sub-Township)
E2: 29-3-2014
A4: Sr | B4: Ward/Village Tract | C4: Population
C5: Total | D5: Male | E5: Female
B6: Total | C6: 38163 | D6: 19365 | E6: 18798
B8: Ward | C8: =SUM(C9:C14) -> 8252 | D8: =SUM(D9:D14) -> 4171 | E8: =SUM(E9:E14) -> 4081
A9: 1 | B9: No(1)(W) | C9: 1490 | D9: 831 | E9: 659
A10: 2 | B10: No(2)(W) | C10: 653 | D10: 314 | E10: 339
A11: 3 | B11: No(3)(W) | C11: 1516 | D11: 727 | E11: 789
A12: 4 | B12: No(4)(W) | C12: 1211 | D12: 608 | E12: 603
A13: 5 | B13: No(5)(W) | C13: 1115 | D13: 539 | E13: 576
A14: 6 | B14: No(6)(W) | C14: 2267 | D14: 1152 | E14: 1115
B15: Village Tract | C15: =SUM(C16:C20) -> 29911 | D15: =SUM(D16:D20) -> 15194 | E15: =SUM(E16:E20) -> 14717
A16: 1 | B16: Ohn Kwe(VT) | C16: 3117 | D16: 1617 | E16: 1500
A17: 2 | B17: Nang Kaung Hmu(VT) | C17: 779 | D17: 409 | E17: 370
A18: 3 | B18: Kyauk Gu(VT) | C18: 15607 | D18: 7924 | E18: 7683
A19: 4 | B19: Nawng Woe(VT) | C19: 3084 | D19: 1589 | E19: 1495
A20: 5 | B20: Nawng Long(VT) | C20: 7324 | D20: 3655 | E20: 3669

Sheet Naungtayar (Sub-Tsp)
A1: Shan State,Taunggyi District, Naungtayar(Sub-Township)
E2: 29-3-2014
A4: Sr | B4: Ward/Village Tract | C4: Population
C5: Total | D5: Male | E5: Female
B6: Total | C6: 77210 | D6: 37947 | E6: 39263
B8: Ward | C8: =SUM(C9:C11) -> 4861 | D8: =SUM(D9:D11) -> 2425 | E8: =SUM(E9:E11) -> 2436
A9: 1 | B9: No(1)(W) | C9: 3326 | D9: 1609 | E9: 1717
A10: 2 | B10: No(2)(W) | C10: 328 | D10: 153 | E10: 175
A11: 3 | B11: No(3)(W) | C11: 1207 | D11: 663 | E11: 544
B12: Village Tract | C12: =SUM(C13:C24) -> 72349 | D12: =SUM(D13:D24) -> 35522 | E12: =SUM(E13:E24) -> 36827
A13: 1 | B13: Thi Kyit(VT) | C13: 11284 | D13: 5599 | E13: 5685
A14: 2 | B14: Nan Pu Lin(VT) | C14: 6621 | D14: 3226 | E14: 3395
A15: 3 | B15: Pawt In(VT) | C15: 9099 | D15: 4417 | E15: 4682
A16: 4 | B16: Myin Kwin(VT) | C16: 6019 | D16: 3134 | E16: 2885
A17: 5 | B17: Lel Maw(VT) | C17: 9512 | D17: 4492 | E17: 5020
A18: 6 | B18: Nawng Pi(VT) | C18: 5268 | D18: 2541 | E18: 2727
A19: 7 | B19: Pawt Yar(VT) | C19: 3901 | D19: 1862 | E19: 2039
A20: 8 | B20: Long Poe(VT) | C20: 1972 | D20: 1005 | E20: 967
A21: 9 | B21: Bant Pyin(VT) | C21: 3089 | D21: 1456 | E21: 1633
A22: 10 | B22: Hpa Yar Hpyu(VT) | C22: 6632 | D22: 3174 | E22: 3458
A23: 11 | B23: Hmway Pyin(VT) | C23: 3583 | D23: 1918 | E23: 1665
A24: 12 | B24: Pin Hkin(VT) | C24: 5369 | D24: 2698 | E24: 2671

Sheet Loilem
A1: Shan State, Loilem District, Loilem Township
E2: 29-3-2014
A4: Sr | B4: Ward/Village Tract | C4: Population
C5: Total | D5: Male | E5: Female
B6: Total | C6: 52371 | D6: 25231 | E6: 27140
B8: Ward | C8: =SUM(C9:C12) -> 13460 | D8: =SUM(D9:D12) -> 6417 | E8: =SUM(E9:E12) -> 7043
A9: 1 | B9: No(1)(W) | C9: 2206 | D9: 1060 | E9: 1146
A10: 2 | B10: No(2)(W) | C10: 3587 | D10: 1715 | E10: 1872
A11: 3 | B11: No(3)(W) | C11: 2391 | D11: 1121 | E11: 1270
A12: 4 | B12: No(4)(W) | C12: 5276 | D12: 2521 | E12: 2755
B13: Village Tract | C13: =SUM(C14:C24) -> 38911 | D13: =SUM(D14:D24) -> 18814 | E13: =SUM(E14:E24) -> 20097
A14: 1 | B14: Loilen (East)(VT) | C14: 2985 | D14: 1420 | E14: 1565
A15: 2 | B15: Pang Woe(VT) | C15: 1828 | D15: 878 | E15: 950
A16: 3 | B16: Taung Nauk(VT) | C16: 3901 | D16: 1872 | E16: 2029
A17: 4 | B17: Mong Pun(VT) | C17: 8124 | D17: 3974 | E17: 4150
A18: 5 | B18: Sin Chay Hpone(VT) | C18: 2594 | D18: 1240 | E18: 1354
A19: 6 | B19: Kone Yaw(VT) | C19: 2138 | D19: 1163 | E19: 975
A20: 7 | B20: Hkauk Nwet(VT) | C20: 3307 | D20: 1550 | E20: 1757
A21: 8 | B21: Hway Tauk(VT) | C21: 5452 | D21: 2608 | E21: 2844
A22: 9 | B22: Nar Yang(VT) | C22: 3017 | D22: 1427 | E22: 1590
A23: 10 | B23: Nawng Lai Mu Hpeik(VT) | C23: 3605 | D23: 1721 | E23: 1884
A24: 11 | B24: Nam Hta Mo(VT) | C24: 1960 | D24: 961 | E24: 999

Sheet Lahecha
A1: Shan State, Loilem District, Le`char Township
E2: 29-3-2014
A4: Sr | B4: Ward/Village Tract | C4: Population
C5: Total | D5: Male | E5: Female
B6: Total | C6: 48831 | D6: 23646 | E6: 25185
B8: Ward | C8: =SUM(C9:C12) -> 8001 | D8: =SUM(D9:D12) -> 3845 | E8: =SUM(E9:E12) -> 4156
A9: 1 | B9: Ho Wein Pauk Pwee(W) | C9: 1935 | D9: 988 | E9: 947
A10: 2 | B10: Hing Nawng (North)(W) | C10: 1160 | D10: 551 | E10: 609
A11: 3 | B11: Hing Nawng (South)(W) | C11: 1593 | D11: 778 | E11: 815
A12: 4 | B12: Ho Lein Pauk Pwe(W) | C12: 3313 | D12: 1528 | E12: 1785
B13: Village Tract | C13: =SUM(C14:C32) -> 40830 | D13: =SUM(D14:D32) -> 19801 | E13: =SUM(E14:E32) -> 21029
A14: 1 | B14: Laikha(Myoma)(VT) | C14: 9985 | D14: 4935 | E14: 5050
A15: 2 | B15: Nawng Kaw(VT) | C15: 1259 | D15: 598 | E15: 661
A16: 3 | B16: He Hseng(VT) | C16: 983 | D16: 480 | E16: 503
A17: 4 | B17: Pang Sang(VT) | C17: 2718 | D17: 1290 | E17: 1428
A18: 5 | B18: Wan Hai(VT) | C18: 2815 | D18: 1355 | E18: 1460
A19: 6 | B19: Pong Nay(VT) | C19: 1585 | D19: 768 | E19: 817
A20: 7 | B20: Wan Seit(VT) | C20: 1580 | D20: 756 | E20: 824
A21: 8 | B21: Pong Taik(VT) | C21: 2222 | D21: 1141 | E21: 1081
A22: 9 | B22: Nar Man(VT) | C22: 3340 | D22: 1699 | E22: 1641
A23: 10 | B23: Wan Hti(VT) | C23: 1594 | D23: 743 | E23: 851
A24: 11 | B24: Wan Sang(VT) | C24: 1420 | D24: 683 | E24: 737
A25: 12 | B25: Wan Lay(VT) | C25: 1705 | D25: 802 | E25: 903
... A32: 19 | B32: Pang Tan(VT) | C32: 1811 | D32: 853 | E32: 958

Sheet Nanhsam(South)
A1: Shan State, Loilem District, Nanhsam(South) Township
E2: 29-3-2014
A4: Sr | B4: Ward/Village Tract | C4: Population
C5: Total | D5: Male | E5: Female
B6: Total | C6: 92302 | D6: 46542 | E6: 45760
B8: Ward | C8: =SUM(C9:C13) -> 23792 | D8: =SUM(D9:D13) -> 11946 | E8: =SUM(E9:E13) -> 11846
A9: 1 | B9: No(1)(W) | C9: 5243 | D9: 2529 | E9: 2714
A10: 2 | B10: No(2)(W) | C10: 4726 | D10: 2499 | E10: 2227
A11: 3 | B11: No(3)(W) | C11: 2685 | D11: 1322 | E11: 1363
A12: 4 | B12: No(4)(W) | C12: 7756 | D12: 3914 | E12: 3842
A13: 5 | B13: No(5)(W) | C13: 3382 | D13: 1682 | E13: 1700
B14: Village Tract | C14: =SUM(C15:C29) -> 68510 | D14: =SUM(D15:D29) -> 34596 | E14: =SUM(E15:E29) -> 33914
A15: 1 | B15: Nansang/Wang Po(VT) | C15: 3879 | D15: 1932 | E15: 1947
A16: 2 | B16: Wan Nawng(VT) | C16: 3854 | D16: 1900 | E16: 1954
A17: 3 | B17: Loi La(VT) | C17: 1851 | D17: 892 | E17: 959
A18: 4 | B18: Mat Mon Mun(VT) | C18: 7547 | D18: 3920 | E18: 3627
A19: 5 | B19: Ah Hmat Ngar(VT) | C19: 5108 | D19: 2701 | E19: 2407
A20: 6 | B20: Wan Ping(VT) | C20: 2111 | D20: 1016 | E20: 1095
A21: 7 | B21: Hai Hpat(VT) | C21: 3901 | D21: 1897 | E21: 2004
A22: 8 | B22: Loi Ye(VT) | C22: 2797 | D22: 1416 | E22: 1381
A23: 9 | B23: Nawng Hee(VT) | C23: 7036 | D23: 3474 | E23: 3562
A24: 10 | B24: Mong Seik(VT) | C24: 3909 | D24: 1996 | E24: 1913
A25: 11 | B25: Nam Lit(VT) | C25: 6068 | D25: 3082 | E25: 2986
A26: 12 | B26: Hai Nar Gyi(VT) | C26: 8823 | D26: 4537 | E26: 4286
... A29: 15 | B29: Ho Yang(VT) | C29: 2137 | D29: 1050 | E29: 1087

Sheet Kunhing
A1: Shan State, Loilem District, Kunhing Township
E2: 29-3-2014
A4: Sr | B4: Ward/Village Tract | C4: Population
C5: Total | D5: Male | E5: Female
B6: Total | C6: 21823 | D6: 10872 | E6: 10951
B8: Ward | C8: =SUM(C9:C13) -> 7581 | D8: =SUM(D9:D13) -> 3767 | E8: =SUM(E9:E13) -> 3814
A9: 1 | B9: No(1)(W) | C9: 463 | D9: 208 | E9: 255
A10: 2 | B10: No(2)(W) | C10: 493 | D10: 227 | E10: 266
A11: 3 | B11: No(3)(W) | C11: 4296 | D11: 2188 | E11: 2108
A12: 4 | B12: No(4)(W) | C12: 1483 | D12: 707 | E12: 776
A13: 5 | B13: No(5)(W) | C13: 846 | D13: 437 | E13: 409
B14: Village Tract | C14: =SUM(C15:C23) -> 14242 | D14: =SUM(D15:D23) -> 7105 | E14: =SUM(E15:E23) -> 7137
A15: 1 | B15: Kunhing(Myoma)(VT) | C15: 5229 | D15: 2615 | E15: 2614
A16: 2 | B16: Laik Tat(VT) | C16: 5895 | D16: 2983 | E16: 2912
A17: 3 | B17: Kyein Hkam(VT) | C17: 193 | D17: 90 | E17: 103
A18: 4 | B18: Wan Law(VT) | C18: 1331 | D18: 628 | E18: 703
A19: 5 | B19: Ngar Ngai(VT) | C19: 303 | D19: 144 | E19: 159
A20: 6 | B20: Loi Keng(VT) | C20: 313 | D20: 139 | E20: 174
A21: 7 | B21: Nar Pwe(VT) | C21: 197 | D21: 102 | E21: 95
A22: 8 | B22: Kun Pu(VT) | C22: 204 | D22: 100 | E22: 104
A23: 9 | B23: Hseng Hkawng(VT) | C23: 577 | D23: 304 | E23: 273

Sheet Kehsi
A1: Shan State, Loilem District, Kehsi Township
E2: 29-3-2014
A4: Sr | B4: Ward/Village Tract | C4: Population
C5: Total | D5: Male | E5: Female
B6: Total | C6: 44500 | D6: 20905 | E6: 23595
B8: Ward | C8: =SUM(C9:C14) -> 4282 | D8: =SUM(D9:D14) -> 2105 | E8: =SUM(E9:E14) -> 2177
A9: 1 | B9: Wan Kang(W) | C9: 333 | D9: 146 | E9: 187
A10: 2 | B10: Kang Pang(W) | C10: 530 | D10: 271 | E10: 259
A11: 3 | B11: Zay(W) | C11: 1352 | D11: 643 | E11: 709
A12: 4 | B12: Haw Kone(W) | C12: 894 | D12: 439 | E12: 455
A13: 5 | B13: Long Pu(W) | C13: 1011 | D13: 525 | E13: 486
A14: 6 | B14: Ho Hko(W) | C14: 162 | D14: 81 | E14: 81
B15: Village Tract | C15: =SUM(C16:C32) -> 40218 | D15: =SUM(D16:D32) -> 18800 | E15: =SUM(E16:E32) -> 21418
A16: 1 | B16: Pang Se(VT) | C16: 2373 | D16: 1097 | E16: 1276
A17: 2 | B17: Hpet Nam(VT) | C17: 1506 | D17: 713 | E17: 793
A18: 3 | B18: Pang Lawt(VT) | C18: 1119 | D18: 547 | E18: 572
A19: 4 | B19: Wan Hpwee(VT) | C19: 2247 | D19: 1025 | E19: 1222
A20: 5 | B20: Wan Hkont(VT) | C20: 1151 | D20: 530 | E20: 621
A21: 6 | B21: Hseng Lai(VT) | C21: 2159 | D21: 992 | E21: 1167
A22: 7 | B22: Har Wan(VT) | C22: 3427 | D22: 1607 | E22: 1820
A23: 8 | B23: Mong Nin(VT) | C23: 1426 | D23: 669 | E23: 757
A24: 9 | B24: Wan Wa(VT) | C24: 1277 | D24: 603 | E24: 674
A25: 10 | B25: Keng Lin(VT) | C25: 1899 | D25: 917 | E25: 982
A26: 11 | B26: Wan Chin(VT) | C26: 1746 | D26: 797 | E26: 949
A27: 12 | B27: Wan Wut(VT) | C27: 5120 | D27: 2424 | E27: 2696
... A32: 17 | B32: Mong Kawng(VT) | C32: 2036 | D32: 924 | E32: 1112

Sheet Mongkai
A1: Shan State, Loilem District, Mongkai Township
E2: 29-3-2014
A4: Sr | B4: Ward/Village Tract | C4: Population
C5: Total | D5: Male | E5: Female
B6: Total | C6: 74294 | D6: 35122 | E6: 39172
B8: Ward | C8: =SUM(C9:C13) -> 10620 | D8: =SUM(D9:D13) -> 5156 | E8: =SUM(E9:E13) -> 5464
A9: 1 | B9: No(1)(W) | C9: 3042 | D9: 1442 | E9: 1600
A10: 2 | B10: No(2)(W) | C10: 1533 | D10: 776 | E10: 757
A11: 3 | B11: No(3)(W) | C11: 1460 | D11: 752 | E11: 708
A12: 4 | B12: No(4)(W) | C12: 3161 | D12: 1507 | E12: 1654
A13: 5 | B13: No(5)(W) | C13: 1424 | D13: 679 | E13: 745
B14: Village Tract | C14: =SUM(C15:C38) -> 63674 | D14: =SUM(D15:D38) -> 29966 | E14: =SUM(E15:E38) -> 33708
A15: 1 | B15: Myo Ma Sin Chay Hpone (North)(VT) | C15: 1041 | D15: 482 | E15: 559
A16: 2 | B16: Myo Ma Sin Chay Hpone (East)(VT) | C16: 1002 | D16: 499 | E16: 503
A17: 3 | B17: Wan Hway Aum(VT) | C17: 1129 | D17: 546 | E17: 583
A18: 4 | B18: Nam Hu(VT) | C18: 1381 | D18: 681 | E18: 700
A19: 5 | B19: Wan Long(VT) | C19: 1863 | D19: 865 | E19: 998
A20: 6 | B20: Wan Hway Long(VT) | C20: 2785 | D20: 1256 | E20: 1529
A21: 7 | B21: Hkay Ong Awayt(VT) | C21: 1311 | D21: 618 | E21: 693
A22: 8 | B22: Hsan Har(VT) | C22: 663 | D22: 315 | E22: 348
A23: 9 | B23: Yang Nang(VT) | C23: 1986 | D23: 961 | E23: 1025
A24: 10 | B24: Mong Hkun(VT) | C24: 3024 | D24: 1342 | E24: 1682
A25: 11 | B25: Kone Long(VT) | C25: 4236 | D25: 2069 | E25: 2167
A26: 12 | B26: Loke Tawng(VT) | C26: 1106 | D26: 517 | E26: 589
... A38: 24 | B38: Nar Hwei(VT) | C38: 2297 | D38: 1102 | E38: 1195

Sheet Mineshu
A1: Shan State, Loilem District, Mineshu Township
E2: 29-3-2014
A4: Sr | B4: Ward/Village Tract | C4: Population
C5: Total | D5: Male | E5: Female
B6: Total | C6: 42695 | D6: 20363 | E6: 22332
B8: Ward | C8: =SUM(C9:C12) -> 9809 | D8: =SUM(D9:D12) -> 4839 | E8: =SUM(E9:E12) -> 4970
A9: 1 | B9: No(1)(W) | C9: 1483 | D9: 755 | E9: 728
A10: 2 | B10: No(2)(W) | C10: 3142 | D10: 1575 | E10: 1567
A11: 3 | B11: No(3)(W) | C11: 753 | D11: 329 | E11: 424
A12: 4 | B12: No(4)(W) | C12: 4431 | D12: 2180 | E12: 2251
B14: Village Tract | C14: =SUM(C15:C27) -> 32886 | D14: =SUM(D15:D27) -> 15524 | E14: =SUM(E15:E27) -> 17362
A15: 1 | B15: Myoma Pang Swea(VT) | C15: 3413 | D15: 1683 | E15: 1730
A16: 2 | B16: Nar Sang(VT) | C16: 1127 | D16: 541 | E16: 586
A17: 3 | B17: Maw Mayt(VT) | C17: 2607 | D17: 1206 | E17: 1401
A18: 4 | B18: Loi Naing(VT) | C18: 1765 | D18: 798 | E18: 967
A19: 5 | B19: Nam Tawng(VT) | C19: 3025 | D19: 1449 | E19: 1576
A20: 6 | B20: He Par(VT) | C20: 3576 | D20: 1708 | E20: 1868
A21: 7 | B21: Wan Hsawt(VT) | C21: 4592 | D21: 2159 | E21: 2433
A22: 8 | B22: Hpar Ya(VT) | C22: 2334 | D22: 1102 | E22: 1232
A23: 9 | B23: Wan Loi(VT) | C23: 1671 | D23: 804 | E23: 867
A24: 10 | B24: Mong Awt(VT) | C24: 2082 | D24: 899 | E24: 1183
A25: 11 | B25: Nar Waun(VT) | C25: 1931 | D25: 933 | E25: 998
A26: 12 | B26: Nawng Et(VT) | C26: 2499 | D26: 1190 | E26: 1309
A27: 13 | B27: Kun Kyawng(VT) | C27: 2264 | D27: 1052 | E27: 1212

Sheet Panglong (Sub-Tsp)
A1: Shan State, Loilem District, Panglong(Sub-Township)
E2: 29-3-2014
A4: Sr | B4: Ward/Village Tract | C4: Population
C5: Total | D5: Male | E5: Female
B6: Total | C6: 72186 | D6: 35328 | E6: 36858
B8: Ward | C8: =SUM(C9:C12) -> 27115 | D8: =SUM(D9:D12) -> 13615 | E8: =SUM(E9:E12) -> 13500
A9: 1 | B9: No(1)(W) | C9: 5514 | D9: 2735 | E9: 2779
A10: 2 | B10: No(2)(W) | C10: 11199 | D10: 5616 | E10: 5583
A11: 3 | B11: No(3)(W) | C11: 4125 | D11: 1925 | E11: 2200
A12: 4 | B12: No(4)(W) | C12: 6277 | D12: 3339 | E12: 2938
B13: Village Tract | C13: =SUM(C14:C21) -> 45071 | D13: =SUM(D14:D21) -> 21713 | E13: =SUM(E14:E21) -> 23358
A14: 1 | B14: Pang Mont(VT) | C14: 4279 | D14: 2088 | E14: 2191
A15: 2 | B15: Nar Tit (VT) | C15: 5619 | D15: 2549 | E15: 3070
A16: 3 | B16: He Nang(VT) | C16: 6193 | D16: 3005 | E16: 3188
A17: 4 | B17: Hsa Nin(VT) | C17: 4830 | D17: 2338 | E17: 2492
A18: 5 | B18: Tant Ae(VT) | C18: 2319 | D18: 1123 | E18: 1196
A19: 6 | B19: Pinlon (East)(VT) | C19: 2879 | D19: 1480 | E19: 1399
A20: 7 | B20: Nawng Lai(VT) | C20: 6852 | D20: 3326 | E20: 3526
A21: 8 | B21: Hsa Hawng(VT) | C21: 12100 | D21: 5804 | E21: 6296

Sheet Kholan(Sub-Tsp)
A1: Shan State, Loilem District, Kholan(Sub-Township)
E2: 29-3-2014
A4: Sr | B4: Ward/Village Tract | C4: Population
C5: Total | D5: Male | E5: Female
B6: Total | C6: 24659 | D6: 12749 | E6: 11910
B8: Ward | C8: =SUM(C9:C14) -> 9470 | D8: =SUM(D9:D14) -> 4719 | E8: =SUM(E9:E14) -> 4751
A9: 1 | B9: No(1)(W) | C9: 2657 | D9: 1381 | E9: 1276
A10: 2 | B10: No(2)(W) | C10: 2039 | D10: 1043 | E10: 996
A11: 3 | B11: No(3)(W) | C11: 1581 | D11: 752 | E11: 829
A12: 4 | B12: No(4)(W) | C12: 1101 | D12: 515 | E12: 586
A13: 5 | B13: No(5)(W) | C13: 494 | D13: 206 | E13: 288
A14: 6 | B14: No(6)(W) | C14: 1598 | D14: 822 | E14: 776
B15: Village Tract | C15: =SUM(C16:C20) -> 15189 | D15: =SUM(D16:D20) -> 8030 | E15: =SUM(E16:E20) -> 7159
A16: 1 | B16: Ho Nawng (VT) | C16: 3139 | D16: 1546 | E16: 1593
A17: 2 | B17: Hai Laik(VT) | C17: 3581 | D17: 2220 | E17: 1361
A18: 3 | B18: Teng Huong(VT) | C18: 704 | D18: 368 | E18: 336
A19: 4 | B19: Nar Pwe(VT) | C19: 2683 | D19: 1291 | E19: 1392
A20: 5 | B20: Hko Aut(VT) | C20: 5082 | D20: 2605 | E20: 2477

Sheet Karli(sub-Tsp)
A1: Shan State, Loilem District, Karli(Sub-Township)
E2: 29-3-2014
A4: Sr | B4: Ward/Village Tract | C4: Population
C5: Total | D5: Male | E5: Female
B6: Total | C6: 31580 | D6: 15751 | E6: 15829
B8: Ward | C8: =SUM(C9:C14) -> 7779 | D8: =SUM(D9:D14) -> 3870 | E8: =SUM(E9:E14) -> 3909
A9: 1 | B9: No(1)(W) | C9: 1980 | D9: 944 | E9: 1036
A10: 2 | B10: No(2)(W) | C10: 1204 | D10: 564 | E10: 640
A11: 3 | B11: No(3)(W) | C11: 1827 | D11: 900 | E11: 927
A12: 4 | B12: No(4)(W) | C12: 1382 | D12: 755 | E12: 627
A13: 5 | B13: No(5)(W) | C13: 987 | D13: 504 | E13: 483
A14: 6 | B14: No(6)(W) | C14: 399 | D14: 203 | E14: 196
B15: Village Tract | C15: =SUM(C16:C20) -> 23801 | D15: =SUM(D16:D20) -> 11881 | E15: =SUM(E16:E20) -> 11920
A16: 1 | B16: Keng Lun(VT) | C16: 4518 | D16: 2117 | E16: 2401
A17: 2 | B17: Ho Pang(VT) | C17: 8552 | D17: 4427 | E17: 4125
A18: 3 | B18: Tar Kaw(VT) | C18: 4044 | D18: 2032 | E18: 2012
A19: 4 | B19: Wan Pat(VT) | C19: 6018 | D19: 2980 | E19: 3038
A20: 5 | B20: Wan Hpai (VT) | C20: 669 | D20: 325 | E20: 344

Sheet Minenaung(Sub-Tsp)
A1: Shan State, Loilem District, Minenaung(Sub-Township)
E2: 29-3-2014
A4: Sr | B4: Ward/Village Tract | C4: Population
C5: Total | D5: Male | E5: Female
B6: Total | C6: 29864 | D6: 14519 | E6: 15345
B8: Ward | C8: =SUM(C9:C13) -> 4048 | D8: =SUM(D9:D13) -> 1927 | E8: =SUM(E9:E13) -> 2121
A9: 1 | B9: No(1)(W) | C9: 1060 | D9: 500 | E9: 560
A10: 2 | B10: No(2)(W) | C10: 656 | D10: 290 | E10: 366
A11: 3 | B11: No(3)(W) | C11: 1076 | D11: 554 | E11: 522
A12: 4 | B12: No(4)(W) | C12: 788 | D12: 375 | E12: 413
A13: 5 | B13: No(5)(W) | C13: 468 | D13: 208 | E13: 260
B14: Village Tract | C14: =SUM(C15:C28) -> 25816 | D14: =SUM(D15:D28) -> 12592 | E14: =SUM(E15:E28) -> 13224
A15: 1 | B15: Nar Kan(VT) | C15: 2129 | D15: 1243 | E15: 886
A16: 2 | B16: Nawng Ae(VT) | C16: 985 | D16: 494 | E16: 491
A17: 3 | B17: Wein Kawng(VT) | C17: 1443 | D17: 785 | E17: 658
A18: 4 | B18: Tu Yar(VT) | C18: 1078 | D18: 500 | E18: 578
A19: 5 | B19: Mong Nang(VT) | C19: 2539 | D19: 1145 | E19: 1394
A20: 6 | B20: Hopong(VT) | C20: 1735 | D20: 768 | E20: 967
A21: 7 | B21: Mong Ye(VT) | C21: 2506 | D21: 1125 | E21: 1381
A22: 8 | B22: Wan Ton(VT) | C22: 539 | D22: 265 | E22: 274
A23: 9 | B23: Long Yang(VT) | C23: 1636 | D23: 765 | E23: 871
A24: 10 | B24: Wan Sein(VT) | C24: 6457 | D24: 3225 | E24: 3232
A25: 11 | B25: Mong Yang(VT) | C25: 1759 | D25: 842 | E25: 917
A26: 12 | B26: Mong Lin(VT) | C26: 1086 | D26: 544 | E26: 542
... A28: 14 | B28: Mong Hsaung(VT) | C28: 1095 | D28: 499 | E28: 596

Sheet Minesan(Monsan)(Sub-Tsp)
A1: Shan State, Loilem District, Minesan (Monsan)Sub-Township
E2: 29-3-2014
A4: Sr | B4: Ward/Village Tract | C4: Population
C5: Total | D5: Male | E5: Female
B6: Total | C6: 30057 | D6: 15879 | E6: 14178
B8: Ward | C8: =SUM(C9:C11) -> 2475 | D8: =SUM(D9:D11) -> 1331 | E8: =SUM(E9:E11) -> 1144
A9: 1 | B9: No(1)(W) | C9: 601 | D9: 318 | E9: 283
A10: 2 | B10: No(2)(W) | C10: 531 | D10: 264 | E10: 267
A11: 3 | B11: No(3)(W) | C11: 1343 | D11: 749 | E11: 594
B12: Village Tract | C12: =SUM(C13:C16) -> 27582 | D12: =SUM(D13:D16) -> 14548 | E12: =SUM(E13:E16) -> 13034
A13: 1 | B13: Mong Sam(VT) | C13: 4207 | D13: 2083 | E13: 2124
A14: 2 | B14: Ho Hseng(VT) | C14: 19367 | D14: 10475 | E14: 8892
A15: 3 | B15: Hopong(VT) | C15: 2073 | D15: 1030 | E15: 1043
A16: 4 | B16: Hway Hay(VT) | C16: 1935 | D16: 960 | E16: 975

Sheet Linkhe
A1: Shan State, Linkhe` District, Linkhe` Township
E2: 29-3-2014
A4: Sr | B4: Ward/Village Tract | C4: Population
C5: Total | D5: Male | E5: Female
B6: Total | C6: 33481 | D6: 16683 | E6: 16798
B8: Ward | C8: =SUM(C9:C16) -> 6484 | D8: =SUM(D9:D16) -> 3189 | E8: =SUM(E9:E16) -> 3295
A9: 1 | B9: Taung Ywar(W) | C9: 1736 | D9: 889 | E9: 847
A10: 2 | B10: Wan Loi(W) | C10: 1199 | D10: 598 | E10: 601
A11: 3 | B11: Zay Tan(W) | C11: 542 | D11: 244 | E11: 298
A12: 4 | B12: Ywar Ma Gyi (West)(W) | C12: 1047 | D12: 509 | E12: 538
A13: 5 | B13: Ywar Ma Gyi (East)(W) | C13: 506 | D13: 256 | E13: 250
A14: 6 | B14: Min Hone(W) | C14: 739 | D14: 334 | E14: 405
A15: 7 | B15: Wan Ma Pyin(W) | C15: 150 | D15: 74 | E15: 76
A16: 8 | B16: Pin Waon(W) | C16: 565 | D16: 285 | E16: 280
B17: Village Tract | C17: =SUM(C18:C28) -> 26997 | D17: =SUM(D18:D28) -> 13494 | E17: =SUM(E18:E28) -> 13503
A18: 1 | B18: Pong Htun(VT) | C18: 3011 | D18: 1682 | E18: 1329
A19: 2 | B19: Dar Seik(VT) | C19: 2545 | D19: 1300 | E19: 1245
A20: 3 | B20: Nawng Long(VT) | C20: 3185 | D20: 1496 | E20: 1689
A21: 4 | B21: Wan Sit(VT) | C21: 1201 | D21: 566 | E21: 635
A22: 5 | B22: Hai Kway(VT) | C22: 677 | D22: 311 | E22: 366
A23: 6 | B23: Wan Sa Lawng(VT) | C23: 1095 | D23: 546 | E23: 549
A24: 7 | B24: Loi Long(VT) | C24: 2022 | D24: 977 | E24: 1045
A25: 8 | B25: Wan Hat(VT) | C25: 2116 | D25: 1081 | E25: 1035
A26: 9 | B26: Nar Kone(VT) | C26: 6650 | D26: 3314 | E26: 3336
A27: 10 | B27: Ma Aun Lawng(VT) | C27: 1892 | D27: 943 | E27: 949
A28: 11 | B28: Wan Tein(VT) | C28: 2603 | D28: 1278 | E28: 1325

Sheet Mone
A1: Shan State, Linkhe` District, Mone Township
E2: 29-3-2014
A4: Sr | B4: Ward/Village Tract | C4: Population
C5: Total | D5: Male | E5: Female
B6: Total | C6: 28640 | D6: 14054 | E6: 14586
B8: Ward | C8: =SUM(C9:C13) -> 9767 | D8: =SUM(D9:D13) -> 4735 | E8: =SUM(E9:E13) -> 5032
A9: 1 | B9: U Yin(W) | C9: 2104 | D9: 962 | E9: 1142
A10: 2 | B10: Lwe Pyay(W) | C10: 3956 | D10: 2013 | E10: 1943
A11: 3 | B11: Pawt Mong(W) | C11: 1873 | D11: 876 | E11: 997
A12: 4 | B12: Nar Hawng(W) | C12: 952 | D12: 460 | E12: 492
A13: 5 | B13: Nawng Kyawt(W) | C13: 882 | D13: 424 | E13: 458
B14: Village Tract | C14: =SUM(C15:C25) -> 18873 | D14: =SUM(D15:D25) -> 9319 | E14: =SUM(E15:E25) -> 9554
A15: 1 | B15: Nam Maw Sum(VT) | C15: 1656 | D15: 893 | E15: 763
A16: 2 | B16: Nawng Myaing(VT) | C16: 1068 | D16: 516 | E16: 552
A17: 3 | B17: Wan Hay(VT) | C17: 262 | D17: 126 | E17: 136
A18: 4 | B18: Nawng Lai(VT) | C18: 1854 | D18: 882 | E18: 972
A19: 5 | B19: Nar Sang(VT) | C19: 3618 | D19: 1796 | E19: 1822
A20: 6 | B20: Maik Hai(VT) | C20: 4279 | D20: 2174 | E20: 2105
A21: 7 | B21: Kun Nar(VT) | C21: 1240 | D21: 577 | E21: 663
A22: 8 | B22: Wan Nar(VT) | C22: 1128 | D22: 540 | E22: 588
A23: 9 | B23: Kone Lun(VT) | C23: 1683 | D23: 728 | E23: 955
A24: 10 | B24: Pang Sein (Kar Ha)(VT) | C24: 1431 | D24: 766 | E24: 665
A25: 11 | B25: Kunlong(VT) | C25: 654 | D25: 321 | E25: 333

Sheet Maukme
A1: Shan State, Linkhe` District, Maukme Township
E2: 29-3-2014
A4: Sr | B4: Ward/Village Tract | C4: Population
C5: Total | D5: Male | E5: Female
B6: Total | C6: 33810 | D6: 16546 | E6: 17264
B8: Ward | C8: =SUM(C9:C15) -> 5222 | D8: =SUM(D9:D15) -> 2686 | E8: =SUM(E9:E15) -> 2536
A9: 1 | B9: Kun Keng(W) | C9: 342 | D9: 185 | E9: 157
A10: 2 | B10: Zay Tan(W) | C10: 1780 | D10: 903 | E10: 877
A11: 3 | B11: Mway Taw(W) | C11: 930 | D11: 467 | E11: 463
A12: 4 | B12: Taung Myo(W) | C12: 420 | D12: 221 | E12: 199
A13: 5 | B13: Si Son(W) | C13: 607 | D13: 302 | E13: 305
A14: 6 | B14: Maik Hone(W) | C14: 163 | D14: 76 | E14: 87
A15: 7 | B15: Kone Lan(W) | C15: 980 | D15: 532 | E15: 448
B16: Village Tract | C16: =SUM(C17:C24) -> 28588 | D16: =SUM(D17:D24) -> 13860 | E16: =SUM(E17:E24) -> 14728
A17: 1 | B17: Nam Lut(VT) | C17: 1927 | D17: 989 | E17: 938
A18: 2 | B18: Ho Loi(VT) | C18: 4240 | D18: 2008 | E18: 2232
A19: 3 | B19: Mong Poke(VT) | C19: 444 | D19: 208 | E19: 236
A20: 4 | B20: Sint Win(VT) | C20: 1560 | D20: 757 | E20: 803
A21: 5 | B21: Sint Hseng(VT) | C21: 932 | D21: 467 | E21: 465
A22: 6 | B22: Ho Nam(VT) | C22: 9460 | D22: 4575 | E22: 4885
A23: 7 | B23: Pang Tan(VT) | C23: 5816 | D23: 2763 | E23: 3053
A24: 8 | B24: Ka Du Gyi(VT) | C24: 4209 | D24: 2093 | E24: 2116

Sheet Minepan
A1: Shan State, Linkhe` District, Minepan Township
E2: 29-3-2014
A4: Sr | B4: Ward/Village Tract | C4: Population
C5: Total | D5: Male | E5: Female
B6: Total | C6: 25926 | D6: 13829 | E6: 12097
B8: Ward | C8: =SUM(C9:C12) -> 8972 | D8: =SUM(D9:D12) -> 4712 | E8: =SUM(E9:E12) -> 4260
A9: 1 | B9: Ywar Thit(W) | C9: 2465 | D9: 1491 | E9: 974
A10: 2 | B10: Ah Shey(W) | C10: 986 | D10: 495 | E10: 491
A11: 3 | B11: Ah Lel (W) | C11: 561 | D11: 280 | E11: 281
A12: 4 | B12: Ah Nauk(W) | C12: 4960 | D12: 2446 | E12: 2514
B13: Village Tract | C13: =SUM(C14:C23) -> 16954 | D13: =SUM(D14:D23) -> 9117 | E13: =SUM(E14:E23) -> 7837
A14: 1 | B14: Mongpan (East)(VT) | C14: 612 | D14: 343 | E14: 269
A15: 2 | B15: Kone Keng(VT) | C15: 666 | D15: 371 | E15: 295
A16: 3 | B16: Nam Tein(VT) | C16: 1398 | D16: 744 | E16: 654
A17: 4 | B17: Nawng Lum(VT) | C17: 108 | D17: 58 | E17: 50
A18: 5 | B18: Nawng Hee(VT) | C18: 351 | D18: 181 | E18: 170
A19: 6 | B19: Woe Laing(VT) | C19: 2316 | D19: 1344 | E19: 972
A20: 7 | B20: Nar Law(VT) | C20: 870 | D20: 490 | E20: 380
A21: 8 | B21: Hsar War(VT) | C21: 575 | D21: 331 | E21: 244
A22: 9 | B22: Nawng Yin(VT) | C22: 16 | D22: 13 | E22: 3
A23: 10 | B23: Nar Mun(VT) | C23: 10042 | D23: 5242 | E23: 4800

Sheet Homane (Sub-Tsp)
A1: Shan State, Linkhe` District, Homane(Sub- Township)
E2: 29-3-2014
A4: Sr | B4: Ward/Village Tract | C4: Population
C5: Total | D5: Male | E5: Female
B6: Total | C6: 6830 | D6: 3523 | E6: 3307
B8: Ward | C8: =SUM(C9:C11) -> 3446 | D8: =SUM(D9:D11) -> 1770 | E8: =SUM(E9:E11) -> 1676
A9: 1 | B9: No(1)(W) | C9: 1944 | D9: 990 | E9: 954
A10: 2 | B10: No(2)(W) | C10: 698 | D10: 362 | E10: 336
A11: 3 | B11: No(3)(W) | C11: 804 | D11: 418 | E11: 386
B12: Village Tract | C12: =SUM(C13:C15) -> 3384 | D12: =SUM(D13:D15) -> 1753 | E12: =SUM(E13:E15) -> 1631
A13: 1 | B13: Naw Aww(VT) | C13: 1305 | D13: 640 | E13: 665
A14: 2 | B14: Kho Lon(VT) | C14: 1311 | D14: 724 | E14: 587
A15: 3 | B15: Mae Aww(VT) | C15: 768 | D15: 389 | E15: 379

Sheet Kengtaung(Sub-Tsp)
A1: Shan State, Linkhe` District, Kengtaung(Sub--Township)
E2: 29-3-2014
A4: Sr | B4: Ward/Village Tract | C4: Population
C5: Total | D5: Male | E5: Female
B6: Total | C6: 10796 | D6: 5937 | E6: 4859
B8: Ward | C8: =SUM(C9:C15) -> 9991 | D8: =SUM(D9:D15) -> 5535 | E8: =SUM(E9:E15) -> 4456
A9: 1 | B9: No(1)(W) | C9: 1594 | D9: 869 | E9: 725
A10: 2 | B10: No(2)(W) | C10: 673 | D10: 337 | E10: 336
A11: 3 | B11: No(3)(W) | C11: 1087 | D11: 553 | E11: 534
A12: 4 | B12: No(4)(W) | C12: 2169 | D12: 1332 | E12: 837
A13: 5 | B13: No(5)(W) | C13: 2256 | D13: 1182 | E13: 1074
A14: 6 | B14: No(6)(W) | C14: 599 | D14: 370 | E14: 229
A15: 7 | B15: No(7)(W) | C15: 1613 | D15: 892 | E15: 721
B16: Village Tract | C16: =SUM(C17:C19) -> 805 | D16: =SUM(D17:D19) -> 402 | E16: =SUM(E17:E19) -> 403
A17: 1 | B17: Nawng Hee(VT) | C17: 277 | D17: 129 | E17: 148
A18: 2 | B18: Nar Pawt(VT) | C18: 121 | D18: 61 | E18: 60
A19: 3 | B19: Ho Ha(VT) | C19: 407 | D19: 212 | E19: 195

Sheet Lashio
A1: Shan State, Lashio District, Lashio Township
E2: 29-3-2014
A4: Sr | B4: Ward/Village Tract | C4: Population
C5: Total | D5: Male | E5: Female
B6: Total | C6: 323405 | D6: 158512 | E6: 164893
B8: Ward | C8: =SUM(C9:C20) -> 174335 | D8: =SUM(D9:D20) -> 84331 | E8: =SUM(E9:E20) -> 90004
A9: 1 | B9: No(1)/Thi Ri Ma Har(W) | C9: 28097 | D9: 13843 | E9: 14254
A10: 2 | B10: No(2)/Aung Myit Tar(W) | C10: 3689 | D10: 1750 | E10: 1939
A11: 3 | B11: No(3)/Shwe Bon Thar(W) | C11: 2167 | D11: 968 | E11: 1199
A12: 4 | B12: No(4)/Ahr Yon Taw(W) | C12: 10435 | D12: 5140 | E12: 5295
A13: 5 | B13: No(5)/Aung Min Ga Lar(W) | C13: 20667 | D13: 9643 | E13: 11024
A14: 6 | B14: No(6)/Shwe Li(W) | C14: 3361 | D14: 1504 | E14: 1857
A15: 7 | B15: No(7)/Than Lwin(W) | C15: 23076 | D15: 11087 | E15: 11989
A16: 8 | B16: No(8)/Aung Thi Dar(W) | C16: 9782 | D16: 4521 | E16: 5261
A17: 9 | B17: No(9)/Myanmar Khar Yoe Yar(W) | C17: 17080 | D17: 8507 | E17: 8573
A18: 10 | B18: No(10)/Myo Wan(W) | C18: 11309 | D18: 5319 | E18: 5990
A19: 11 | B19: No(11)/Nam Pa Hkyi(W) | C19: 4593 | D19: 2194 | E19: 2399
A20: 12 | B20: No(12)/Lashio Gyi(W) | C20: 40079 | D20: 19855 | E20: 20224
B21: Village Tract | C21: =SUM(C22:C96) -> 149070 | D21: =SUM(D22:D96) -> 74181 | E21: =SUM(E22:E96) -> 74889
A22: 1 | B22: Hu Mun(VT) | C22: 6925 | D22: 3491 | E22: 3434
A23: 2 | B23: Man Aing(VT) | C23: 4842 | D23: 2447 | E23: 2395
A24: 3 | B24: Mae Han(VT) | C24: 6568 | D24: 3299 | E24: 3269
A25: 4 | B25: Loi Tauk(VT) | C25: 1114 | D25: 584 | E25: 530
A26: 5 | B26: Nam Tun(VT) | C26: 2376 | D26: 1216 | E26: 1160
A27: 6 | B27: Wein Htang(VT) | C27: 1549 | D27: 748 | E27: 801
A28: 7 | B28: Kone Hsar(VT) | C28: 761 | D28: 362 | E28: 399
A29: 8 | B29: Tar Pong(VT) | C29: 3142 | D29: 1644 | E29: 1498
A30: 9 | B30: Ho Nam(VT) | C30: 1096 | D30: 525 | E30: 571
A31: 10 | B31: Man Kat(VT) | C31: 639 | D31: 340 | E31: 299
A32: 11 | B32: Man Pying(VT) | C32: 1046 | D32: 550 | E32: 496
A33: 12 | B33: Mak Hki Nu(VT) | C33: 770 | D33: 389 | E33: 381
... A96: 75 | B96: Nam Maw(VT) | C96: 1164 | D96: 564 | E96: 600

Sheet Theinni
A1: Shan State, Lashio District, Theinni Township
E2: 29-3-2014
A4: Sr | B4: Ward/Village Tract | C4: Population
C5: Total | D5: Male | E5: Female
B6: Total | C6: 56662 | D6: 28604 | E6: 28058
B8: Ward | C8: =SUM(C9:C12) -> 9152 | D8: =SUM(D9:D12) -> 4449 | E8: =SUM(E9:E12) -> 4703
A9: 1 | B9: No(1)(W) | C9: 1710 | D9: 803 | E9: 907
A10: 2 | B10: No(2)(W) | C10: 1321 | D10: 655 | E10: 666
A11: 3 | B11: No(3)(W) | C11: 3612 | D11: 1759 | E11: 1853
A12: 4 | B12: No(4)(W) | C12: 2509 | D12: 1232 | E12: 1277
B13: Village Tract | C13: =SUM(C14:C45) -> 47510 | D13: =SUM(D14:D45) -> 24155 | E13: =SUM(E14:E45) -> 23355
A14: 1 | B14: Hkam Tein(VT) | C14: 1807 | D14: 868 | E14: 939
A15: 2 | B15: Pang Lawt(VT) | C15: 2110 | D15: 1045 | E15: 1065
A16: 3 | B16: Kawng Haw(VT) | C16: 4449 | D16: 2370 | E16: 2079
A17: 4 | B17: U Yin Hmu(VT) | C17: 952 | D17: 442 | E17: 510
A18: 5 | B18: Pein Hsar(VT) | C18: 2916 | D18: 1556 | E18: 1360
A19: 6 | B19: Taing Yet(VT) | C19: 457 | D19: 219 | E19: 238
A20: 7 | B20: Mong Yang(VT) | C20: 496 | D20: 228 | E20: 268
A21: 8 | B21: Ho Ton(VT) | C21: 726 | D21: 369 | E21: 357
A22: 9 | B22: Ho Pang Myin(VT) | C22: 814 | D22: 432 | E22: 382
A23: 10 | B23: Nawng Kyawng(VT) | C23: 804 | D23: 404 | E23: 400
A24: 11 | B24: Mong Li(VT) | C24: 2556 | D24: 1317 | E24: 1239
A25: 12 | B25: Nar Hsawt(VT) | C25: 1425 | D25: 662 | E25: 763
... A45: 32 | B45: Man Kan(VT) | C45: 50 | D45: 27 | E45: 23

Sheet Mineye
A1: Shan State, Lashio District, Mineye` Township
E2: 29-3-2014
A4: Sr | B4: Ward/Village Tract | C4: Population
C5: Total | D5: Male | E5: Female
B6: Total | C6: 59376 | D6: 28391 | E6: 30985
B8: Ward | C8: =SUM(C9:C11) -> 7046 | D8: =SUM(D9:D11) -> 3594 | E8: =SUM(E9:E11) -> 3452
A9: 1 | B9: No(1)(W) | C9: 2466 | D9: 1257 | E9: 1209
A10: 2 | B10: No(2)(W) | C10: 1204 | D10: 559 | E10: 645
A11: 3 | B11: No(3)(W) | C11: 3376 | D11: 1778 | E11: 1598
B12: Village Tract | C12: =SUM(C13:C37) -> 52330 | D12: =SUM(D13:D37) -> 24797 | E12: =SUM(E13:E37) -> 27533
A13: 1 | B13: Nar Hpyaing(VT) | C13: 1913 | D13: 920 | E13: 993
A14: 2 | B14: Loi Hkaik(VT) | C14: 1787 | D14: 840 | E14: 947
A15: 3 | B15: Nar Hko(VT) | C15: 1257 | D15: 587 | E15: 670
A16: 4 | B16: Ho Ya Ywar Ma(VT) | C16: 2541 | D16: 1242 | E16: 1299
A17: 5 | B17: Nawng Mo(VT) | C17: 2094 | D17: 1028 | E17: 1066
A18: 6 | B18: Kawng Mawng(VT) | C18: 1788 | D18: 876 | E18: 912
A19: 7 | B19: Loi Ngin(VT) | C19: 2956 | D19: 1360 | E19: 1596
A20: 8 | B20: Man Kyawng Pang Sin(VT) | C20: 2286 | D20: 1078 | E20: 1208
A21: 9 | B21: Pong Htun(VT) | C21: 2837 | D21: 1407 | E21: 1430
A22: 10 | B22: Man Sant(VT) | C22: 3065 | D22: 1485 | E22: 1580
A23: 11 | B23: Nam Sum(VT) | C23: 1038 | D23: 494 | E23: 544
A24: 12 | B24: Kone Son(VT) | C24: 1041 | D24: 477 | E24: 564
... A37: 25 | B37: Man Kyu(VT) | C37: 4011 | D37: 1851 | E37: 2160

Sheet Tantyan
A1: Shan State, Lashio District,Tantyan Township
E2: 29-3-2014
A4: Sr | B4: Ward/Village Tract | C4: Population
C5: Total | D5: Male | E5: Female
B6: Total | C6: 172805 | D6: 84023 | E6: 88782
B8: Ward | C8: =SUM(C9:C18) -> 33603 | D8: =SUM(D9:D18) -> 16305 | E8: =SUM(E9:E18) -> 17298
A9: 1 | B9: No(1)(W) | C9: 1163 | D9: 533 | E9: 630
A10: 2 | B10: No(2)(W) | C10: 9585 | D10: 4575 | E10: 5010
A11: 3 | B11: No(3)(W) | C11: 2014 | D11: 972 | E11: 1042
A12: 4 | B12: No(4)(W) | C12: 3183 | D12: 1594 | E12: 1589
A13: 5 | B13: No(5)(W) | C13: 4009 | D13: 1881 | E13: 2128
A14: 6 | B14: Wein Lawng(W) | C14: 4827 | D14: 2375 | E14: 2452
A15: 7 | B15: Man Lwe(W) | C15: 2372 | D15: 1225 | E15: 1147
A16: 8 | B16: Nawng Mo(W) | C16: 1165 | D16: 550 | E16: 615
A17: 9 | B17: Man Hsan(W) | C17: 3114 | D17: 1420 | E17: 1694
A18: 10 | B18: Ho Nam(W) | C18: 2171 | D18: 1180 | E18: 991
B19: Village Tract | C19: =SUM(C20:C68) -> 139202 | D19: =SUM(D20:D68) -> 67718 | E19: =SUM(E20:E68) -> 71484
A20: 1 | B20: Mong Pat(VT) | C20: 4149 | D20: 1962 | E20: 2187
A21: 2 | B21: Ho Pat(VT) | C21: 1236 | D21: 580 | E21: 656
A22: 3 | B22: Kone Mon(VT) | C22: 848 | D22: 404 | E22: 444
A23: 4 | B23: Hko Yawng(VT) | C23: 2537 | D23: 1197 | E23: 1340
A24: 5 | B24: Man Kat(VT) | C24: 4014 | D24: 2061 | E24: 1953
A25: 6 | B25: Nar Ngway(VT) | C25: 1758 | D25: 815 | E25: 943
A26: 7 | B26: Ho Tar(VT) | C26: 2308 | D26: 1180 | E26: 1128
A27: 8 | B27: Long Mon(VT) | C27: 2198 | D27: 1086 | E27: 1112
A28: 9 | B28: Hway Kyein(VT) | C28: 3505 | D28: 1669 | E28: 1836
A29: 10 | B29: Ho Man(VT) | C29: 2772 | D29: 1291 | E29: 1481
A30: 11 | B30: Poke Lawng(VT) | C30: 735 | D30: 380 | E30: 355
A31: 12 | B31: Mong Keng(VT) | C31: 3040 | D31: 1381 | E31: 1659
... A68: 49 | B68: Loi Pyet(VT) | C68: 3985 | D68: 1879 | E68: 2106

Sheet Muse
A1: Shan State, MuSe District, MuSe Township
E2: 29-3-2014
A4: Sr | B4: Ward/Village Tract | C4: Population
C5: Total | D5: Male | E5: Female
B6: Total | C6: 117507 | D6: 60946 | E6: 56561
B8: Ward | C8: =SUM(C9:C17) -> 74313 | D8: =SUM(D9:D17) -> 38448 | E8: =SUM(E9:E17) -> 35865
A9: 1 | B9: Christan(W) | C9: 4316 | D9: 2137 | E9: 2179
A10: 2 | B10: Zay(W) | C10: 3981 | D10: 1978 | E10: 2003
A11: 3 | B11: Taung(W) | C11: 8388 | D11: 4231 | E11: 4157
A12: 4 | B12: Ho Mun(W) | C12: 19969 | D12: 10249 | E12: 9720
A13: 5 | B13: Myauk(W) | C13: 3770 | D13: 1928 | E13: 1842
A14: 6 | B14: Kawng Nawng(W) | C14: 3431 | D14: 1632 | E14: 1799
A15: 7 | B15: Swei Taw(W) | C15: 10739 | D15: 5648 | E15: 5091
A16: 8 | B16: Taw Ywet(W) | C16: 2619 | D16: 1314 | E16: 1305
A17: 9 | B17: Kaung Hmu Ton(W) | C17: 17100 | D17: 9331 | E17: 7769
B18: Village Tract | C18: =SUM(C19:C34) -> 43194 | D18: =SUM(D19:D34) -> 22498 | E18: =SUM(E19:E34) -> 20696
A19: 1 | B19: Nam Pang(VT) | C19: 2497 | D19: 1287 | E19: 1210
A20: 2 | B20: Se Lant(VT) | C20: 4318 | D20: 2092 | E20: 2226
A21: 3 | B21: Hpai Kyawng(VT) | C21: 575 | D21: 275 | E21: 300
A22: 4 | B22: Nawng Hseng(VT) | C22: 1134 | D22: 550 | E22: 584
A23: 5 | B23: Nawng Lawng(VT) | C23: 2983 | D23: 1422 | E23: 1561
A24: 6 | B24: Pang Hkam(VT) | C24: 2191 | D24: 1115 | E24: 1076
A25: 7 | B25: Teing Long (East)(VT) | C25: 1580 | D25: 758 | E25: 822
A26: 8 | B26: Mone Yu Tit Yar Ngar Maing(VT) | C26: 12336 | D26: 6949 | E26: 5387
A27: 9 | B27: Tont Hkan Nay(VT) | C27: 1763 | D27: 937 | E27: 826
A28: 10 | B28: Maw Tawng Ywar Ma(VT) | C28: 4230 | D28: 2174 | E28: 2056
A29: 11 | B29: Man Mai(VT) | C29: 330 | D29: 167 | E29: 163
A30: 12 | B30: Nam Aun(VT) | C30: 4020 | D30: 2121 | E30: 1899
... A34: 16 | B34: Hpar Hpeik(VT) | C34: 1110 | D34: 570 | E34: 540

Sheet Namkham
A1: Shan State, MuSe District, Namkham Township
E2: 29-3-2014
A4: Sr | B4: Ward/Village Tract | C4: Population
C5: Total | D5: Male | E5: Female
B6: Total | C6: 107034 | D6: 51315 | E6: 55719
B8: Ward | C8: =SUM(C9:C22) -> 30269 | D8: =SUM(D9:D22) -> 14171 | E8: =SUM(E9:E22) -> 16098
A9: 1 | B9: No(1)(W) | C9: 2188 | D9: 1032 | E9: 1156
A10: 2 | B10: No(2)(W) | C10: 1463 | D10: 696 | E10: 767
A11: 3 | B11: No(3)(W) | C11: 2327 | D11: 1055 | E11: 1272
A12: 4 | B12: No(4)(W) | C12: 2613 | D12: 1205 | E12: 1408
A13: 5 | B13: No(5)(W) | C13: 1892 | D13: 914 | E13: 978
A14: 6 | B14: No(6)(W) | C14: 1284 | D14: 595 | E14: 689
A15: 7 | B15: No(7)(W) | C15: 2289 | D15: 1094 | E15: 1195
A16: 8 | B16: No(8)(W) | C16: 3211 | D16: 1519 | E16: 1692
A17: 9 | B17: No(9)(W) | C17: 1853 | D17: 818 | E17: 1035
A18: 10 | B18: No(10)(W) | C18: 2411 | D18: 1067 | E18: 1344
A19: 11 | B19: No(11)(W) | C19: 1519 | D19: 660 | E19: 859
A20: 12 | B20: No(12)(W) | C20: 699 | D20: 355 | E20: 344
... A22: 14 | B22: No(14)(W) | C22: 4418 | D22: 2126 | E22: 2292
B23: Village Tract | C23: =SUM(C24:C66) -> 76765 | D23: =SUM(D24:D66) -> 37144 | E23: =SUM(E24:E66) -> 39621
A24: 1 | B24: Ho Nar(VT) | C24: 1244 | D24: 602 | E24: 642
A25: 2 | B25: Mant Nawng(VT) | C25: 683 | D25: 315 | E25: 368
A26: 3 | B26: Se Hai(VT) | C26: 2531 | D26: 1197 | E26: 1334
A27: 4 | B27: Nawng Hkan(VT) | C27: 1356 | D27: 634 | E27: 722
A28: 5 | B28: Hat Hin(VT) | C28: 1670 | D28: 792 | E28: 878
A29: 6 | B29: Kun Haing(VT) | C29: 1301 | D29: 622 | E29: 679
A30: 7 | B30: Nawng Hkam(VT) | C30: 1682 | D30: 791 | E30: 891
A31: 8 | B31: Man Sum(VT) | C31: 1979 | D31: 937 | E31: 1042
A32: 9 | B32: Man Hawng(VT) | C32: 2705 | D32: 1302 | E32: 1403
A33: 10 | B33: Kun Long(VT) | C33: 2474 | D33: 1170 | E33: 1304
A34: 11 | B34: Nam Tee(VT) | C34: 1977 | D34: 952 | E34: 1025
A35: 12 | B35: Hopong(VT) | C35: 2302 | D35: 1113 | E35: 1189
... A66: 43 | B66: Ho Pang(VT) | C66: 271 | D66: 141 | E66: 130

Sheet Kukai
A1: Shan State, MuSe District, Kukai Township
E2: 29-3-2014
A4: Sr | B4: Ward/Village Tract | C4: Population
C5: Total | D5: Male | E5: Female
B6: Total | C6: 101334 | D6: 50247 | E6: 51087
B8: Ward | C8: =SUM(C9:C16) -> 24963 | D8: =SUM(D9:D16) -> 12226 | E8: =SUM(E9:E16) -> 12737
A9: 1 | B9: No(1)(W) | C9: 4676 | D9: 2386 | E9: 2290
A10: 2 | B10: No(2)(W) | C10: 3521 | D10: 1748 | E10: 1773
A11: 3 | B11: No(3)(W) | C11: 4348 | D11: 2069 | E11: 2279
A12: 4 | B12: No(4)(W) | C12: 3595 | D12: 1735 | E12: 1860
A13: 5 | B13: No(5)(W) | C13: 3023 | D13: 1449 | E13: 1574
A14: 6 | B14: No(6)(W) | C14: 1945 | D14: 955 | E14: 990
A15: 7 | B15: No(7)(W) | C15: 1413 | D15: 701 | E15: 712
A16: 8 | B16: No(8)(W) | C16: 2442 | D16: 1183 | E16: 1259
B17: Village Tract | C17: =SUM(C18:C56) -> 76371 | D17: =SUM(D18:D56) -> 38021 | E17: =SUM(E18:E56) -> 38350
A18: 1 | B18: Hpat Yaing Pying Hoi(VT) | C18: 1969 | D18: 973 | E18: 996
A19: 2 | B19: Kawng Hkar Man Pying(VT) | C19: 1435 | D19: 693 | E19: 742
A20: 3 | B20: En Man Ho Kyan(VT) | C20: 3445 | D20: 1675 | E20: 1770
A21: 4 | B21: Man Sark(VT) | C21: 1617 | D21: 757 | E21: 860
A22: 5 | B22: Kar Lai Kone Hsar(VT) | C22: 3046 | D22: 1468 | E22: 1578
A23: 6 | B23: Loi Kan(VT) | C23: 330 | D23: 160 | E23: 170
A24: 7 | B24: Nar Nwet(VT) | C24: 759 | D24: 371 | E24: 388
A25: 8 | B25: Nar Waun(VT) | C25: 501 | D25: 220 | E25: 281
A26: 9 | B26: Nam Hpat Lun(VT) | C26: 899 | D26: 477 | E26: 422
A27: 10 | B27: Kawng Lein(VT) | C27: 1114 | D27: 574 | E27: 540
A28: 11 | B28: Ho Hpyet Man Ping(VT) | C28: 3121 | D28: 1516 | E28: 1605
A29: 12 | B29: Maw Han(VT) | C29: 4241 | D29: 2140 | E29: 2101
... A56: 39 | B56: Mong Ya Pang Hsat(VT) | C56: 792 | D56: 398 | E56: 394

Sheet Monekoe(Sub-Tsp)
A1: Shan State, MuSe District, Monekoe(Sub-Township)
E2: 29-3-2014
A4: Sr | B4: Ward/Village Tract | C4: Population
C5: Total | D5: Male | E5: Female
B6: Total | C6: 24565 | D6: 12745 | E6: 11820
B8: Ward | C8: =SUM(C9:C15) -> 8847 | D8: =SUM(D9:D15) -> 4527 | E8: =SUM(E9:E15) -> 4320
A9: 1 | B9: No(1)(W) | C9: 1355 | D9: 653 | E9: 702
A10: 2 | B10: No(2)(W) | C10: 2366 | D10: 1236 | E10: 1130
A11: 3 | B11: No(3)(W) | C11: 1136 | D11: 584 | E11: 552
A12: 4 | B12: No(4)(W) | C12: 850 | D12: 439 | E12: 411
A13: 5 | B13: No(5)(W) | C13: 797 | D13: 408 | E13: 389
A14: 6 | B14: No(6)(W) | C14: 1335 | D14: 687 | E14: 648
A15: 7 | B15: No(7)(W) | C15: 1008 | D15: 520 | E15: 488
B16: Village Tract | C16: =SUM(C17:C37) -> 15718 | D16: =SUM(D17:D37) -> 8218 | E16: =SUM(E17:E37) -> 7500
A17: 1 | B17: Ton Aw(VT) | C17: 25 | D17: 14 | E17: 11
A18: 2 | B18: Kaung Kwe(VT) | C18: 1244 | D18: 638 | E18: 606
A19: 3 | B19: Mine Lon(VT) | C19: 2150 | D19: 1106 | E19: 1044
A20: 4 | B20: Kawng Lon(VT) | C20: 488 | D20: 251 | E20: 237
A21: 5 | B21: Pang Lum(VT) | C21: 1085 | D21: 567 | E21: 518
A22: 6 | B22: Nawt Ko(VT) | C22: 271 | D22: 143 | E22: 128
A23: 7 | B23: Hpaw Maw(VT) | C23: 1080 | D23: 552 | E23: 528
A24: 8 | B24: Man Kan(Mone Koe)(VT) | C24: 64 | D24: 34 | E24: 30
A25: 9 | B25: Man Gyat(VT) | C25: 48 | D25: 28 | E25: 20
A26: 10 | B26: Pang Tawng(VT) | C26: 263 | D26: 134 | E26: 129
A27: 11 | B27: Pu Wan(VT) | C27: 1271 | D27: 685 | E27: 586
A28: 12 | B28: Man Kan(Ho Nar)(VT) | C28: 300 | D28: 150 | E28: 150
... A37: 21 | B37: Yaut Shwe Sin(Man Kan)(VT) | C37: 750 | D37: 403 | E37: 347

Sheet Manhero (Manhyo)(Sub-Tsp)
A1: Shan State, MuSe District, Manhero(Manhyo)Sub-Township
E2: 29-3-2014
A4: Sr | B4: Ward/Village Tract | C4: Population
C5: Total | D5: Male | E5: Female
B6: Total | C6: 6787 | D6: 3242 | E6: 3545
B8: Ward | C8: =SUM(C9:C11) -> 1438 | D8: =SUM(D9:D11) -> 684 | E8: =SUM(E9:E11) -> 754
A9: 1 | B9: No(1)(W) | C9: 713 | D9: 338 | E9: 375
A10: 2 | B10: No(2)(W) | C10: 362 | D10: 172 | E10: 190
A11: 3 | B11: No(3)(W) | C11: 363 | D11: 174 | E11: 189
B12: Village Tract | C12: =SUM(C13:C16) -> 5349 | D12: =SUM(D13:D16) -> 2558 | E12: =SUM(E13:E16) -> 2791
A13: 1 | B13: Nawng Hkaw(VT) | C13: 2240 | D13: 1082 | E13: 1158
A14: 2 | B14: Nawng Hin(VT) | C14: 610 | D14: 283 | E14: 327
A15: 3 | B15: Kauk Kwet(VT) | C15: 1455 | D15: 688 | E15: 767
A16: 4 | B16: Nawng Hpai (VT) | C16: 1044 | D16: 505 | E16: 539

Sheet Pansai (Kyu Kok) (Sub-Tsp)
A1: Shan State, MuSe District, Pansai(Kyu Kok) Sub-Township
E2: 29-3-2014
A4: Sr | B4: Ward/Village Tract | C4: Population
C5: Total | D5: Male | E5: Female
B6: Total | C6: 22950 | D6: 11469 | E6: 11481
B8: Ward | C8: =SUM(C9:C13) -> 9530 | D8: =SUM(D9:D13) -> 4710 | E8: =SUM(E9:E13) -> 4820
A9: 1 | B9: No(1)(W) | C9: 1341 | D9: 683 | E9: 658
A10: 2 | B10: No(2)(W) | C10: 1748 | D10: 822 | E10: 926
A11: 3 | B11: No(3)(W) | C11: 2280 | D11: 1129 | E11: 1151
A12: 4 | B12: No(4)(W) | C12: 2201 | D12: 1097 | E12: 1104
A13: 5 | B13: No(5)(W) | C13: 1960 | D13: 979 | E13: 981
B14: Village Tract | C14: =SUM(C15:C25) -> 13420 | D14: =SUM(D15:D25) -> 6759 | E14: =SUM(E15:E25) -> 6661
A15: 1 | B15: Nam Tawng(VT) | C15: 2859 | D15: 1431 | E15: 1428
A16: 2 | B16: Kyein Yang Ton(VT) | C16: 1252 | D16: 679 | E16: 573
A17: 3 | B17: Yi Hku(VT) | C17: 389 | D17: 205 | E17: 184
A18: 4 | B18: Pang Tawng(VT) | C18: 1887 | D18: 952 | E18: 935
A19: 5 | B19: Mone Paw Nam Chet (Zay)(VT) | C19: 2790 | D19: 1361 | E19: 1429
A20: 6 | B20: Mong Hpan(VT) | C20: 1552 | D20: 775 | E20: 777
A21: 7 | B21: Nam Chet Ywar Ma(VT) | C21: 2 | D21: 1 | E21: 1
A22: 8 | B22: Man Nway(VT) | C22: 119 | D22: 61 | E22: 58
A23: 9 | B23: Man Se(VT) | C23: 761 | D23: 383 | E23: 378
A24: 10 | B24: Man Pying(VT) | C24: 1235 | D24: 627 | E24: 608
A25: 11 | B25: Ho Nar(VT) | C25: 574 | D25: 284 | E25: 290

Sheet Tamoenye (Sub-Tsp)
A1: Shan State, MuSe District, Tamoenye(Sub-Township)
E2: 29-3-2014
A4: Sr | B4: Ward/Village Tract | C4: Population
C5: Total | D5: Male | E5: Female
B6: Total | C6: 73318 | D6: 37195 | E6: 36123
B8: Ward | C8: =SUM(C9:C16) -> 14675 | D8: =SUM(D9:D16) -> 7452 | E8: =SUM(E9:E16) -> 7223
A9: 1 | B9: No(1)(W) | C9: 295 | D9: 164 | E9: 131
A10: 2 | B10: No(2)(W) | C10: 1458 | D10: 757 | E10: 701
A11: 3 | B11: No(3)(W) | C11: 841 | D11: 424 | E11: 417
A12: 4 | B12: No(4)(W) | C12: 1700 | D12: 856 | E12: 844
A13: 5 | B13: No(5)(W) | C13: 1896 | D13: 955 | E13: 941
A14: 6 | B14: No(6)(W) | C14: 2826 | D14: 1473 | E14: 1353
A15: 7 | B15: No(7)(W) | C15: 2942 | D15: 1466 | E15: 1476
A16: 8 | B16: No(8)(W) | C16: 2717 | D16: 1357 | E16: 1360
B17: Village Tract | C17: =SUM(C18:C46) -> 58643 | D17: =SUM(D18:D46) -> 29743 | E17: =SUM(E18:E46) -> 28900
A18: 1 | B18: Ho Pong(VT) | C18: 626 | D18: 312 | E18: 314
A19: 2 | B19: Hko Pyin(VT) | C19: 1684 | D19: 890 | E19: 794
A20: 3 | B20: Man Kyei(VT) | C20: 3284 | D20: 1621 | E20: 1663
A21: 4 | B21: Ban Nwet(VT) | C21: 1018 | D21: 535 | E21: 483
A22: 5 | B22: Man Pying(VT) | C22: 1165 | D22: 603 | E22: 562
A23: 6 | B23: Long Waun Nam Rein(VT) | C23: 1278 | D23: 655 | E23: 623
A24: 7 | B24: Daung Naw(VT) | C24: 1260 | D24: 648 | E24: 612
A25: 8 | B25: Mong See Wein Mai(VT) | C25: 5926 | D25: 2974 | E25: 2952
A26: 9 | B26: Ho Et(VT) | C26: 1702 | D26: 843 | E26: 859
A27: 10 | B27: Nam Tawng(VT) | C27: 2843 | D27: 1479 | E27: 1364
A28: 11 | B28: Man Tet(VT) | C28: 2462 | D28: 1217 | E28: 1245
A29: 12 | B29: Mong Paw(VT) | C29: 2519 | D29: 1253 | E29: 1266
... A46: 29 | B46: Mong Hum(VT) | C46: 3577 | D46: 1820 | E46: 1757

Sheet Kyaukme
A1: Shan State, Kyaukme District, KyaukmeTownship
E2: 29-3-2014
A4: Sr | B4: Ward/Village Tract | C4: Population
C5: Total | D5: Male | E5: Female
B6: Total | C6: 127560 | D6: 61644 | E6: 65916
B8: Ward | C8: =SUM(C9:C17) -> 39930 | D8: =SUM(D9:D17) -> 19111 | E8: =SUM(E9:E17) -> 20819
A9: 1 | B9: No(1)(W) | C9: 8803 | D9: 4439 | E9: 4364
A10: 2 | B10: No(2)(W) | C10: 7672 | D10: 3671 | E10: 4001
A11: 3 | B11: No(3)(W) | C11: 2373 | D11: 1158 | E11: 1215
A12: 4 | B12: No(4)(W) | C12: 653 | D12: 300 | E12: 353
A13: 5 | B13: No(5)(W) | C13: 469 | D13: 211 | E13: 258
A14: 6 | B14: No(6)(W) | C14: 1059 | D14: 481 | E14: 578
A15: 7 | B15: No(7)(W) | C15: 5740 | D15: 2747 | E15: 2993
A16: 8 | B16: No(8)(W) | C16: 7919 | D16: 3695 | E16: 4224
A17: 9 | B17: No(9)(W) | C17: 5242 | D17: 2409 | E17: 2833
B18: Village Tract | C18: =SUM(C19:C59) -> 87630 | D18: =SUM(D19:D59) -> 42533 | E18: =SUM(E19:E59) -> 45097
A19: 1 | B19: Nam Hu Tawng(VT) | C19: 3811 | D19: 1893 | E19: 1918
A20: 2 | B20: Man Kyawng (Kywe Kone)(VT) | C20: 3643 | D20: 1781 | E20: 1862
A21: 3 | B21: Hko Mone(VT) | C21: 4496 | D21: 2126 | E21: 2370
A22: 4 | B22: Pang Lawt(VT) | C22: 2223 | D22: 1093 | E22: 1130
A23: 5 | B23: Nar Pying(VT) | C23: 2037 | D23: 945 | E23: 1092
A24: 6 | B24: Nar Hkaw(VT) | C24: 1556 | D24: 737 | E24: 819
A25: 7 | B25: Kyaukme Gyi(VT) | C25: 3709 | D25: 2054 | E25: 1655
A26: 8 | B26: Man Kyawng (Kyaukme Gyi)(VT) | C26: 1529 | D26: 751 | E26: 778
A27: 9 | B27: Pein Hne Kone(VT) | C27: 2006 | D27: 1013 | E27: 993
A28: 10 | B28: Kyu Shaw(VT) | C28: 1183 | D28: 539 | E28: 644
A29: 11 | B29: Ta Khun Taing(VT) | C29: 3398 | D29: 1640 | E29: 1758
A30: 12 | B30: Mong Tin(VT) | C30: 3804 | D30: 1836 | E30: 1968
... A59: 41 | B59: Loi Saunt(VT) | C59: 3606 | D59: 1901 | E59: 1705

Sheet  Naungkhio
A1: Shan State, Kyaukme District, Naungkhio Township
E2: 29-3-2014
A4: Sr | B4: Ward/Village Tract | C4: Population
C5: Total | D5: Male | E5: Female
B6: Total | C6: 149842 | D6: 75761 | E6: 74081
B8: Ward | C8: =SUM(C9:C14) -> 18822 | D8: =SUM(D9:D14) -> 9093 | E8: =SUM(E9:E14) -> 9729
A9: 1 | B9: Zay(W) | C9: 3737 | D9: 1709 | E9: 2028
A10: 2 | B10: Bu Tar(W) | C10: 6801 | D10: 3280 | E10: 3521
A11: 3 | B11: Taung(W) | C11: 5160 | D11: 2545 | E11: 2615
A12: 4 | B12: Pa Hat(W) | C12: 2315 | D12: 1141 | E12: 1174
A13: 5 | B13: Tha Pyay Yay(W) | C13: 584 | D13: 298 | E13: 286
A14: 6 | B14: Nar Sho(W) | C14: 225 | D14: 120 | E14: 105
B15: Village Tract | C15: =SUM(C16:C50) -> 131020 | D15: =SUM(D16:D50) -> 66668 | E15: =SUM(E16:E50) -> 64352
A16: 1 | B16: Kone Sam(VT) | C16: 2334 | D16: 1132 | E16: 1202
A17: 2 | B17: Long Yon(VT) | C17: 7057 | D17: 3955 | E17: 3102
A18: 3 | B18: Ngoke Ka Lay(VT) | C18: 2595 | D18: 1265 | E18: 1330
A19: 4 | B19: Long Wei(VT) | C19: 3048 | D19: 1485 | E19: 1563
A20: 5 | B20: Mak Hki Nu(VT) | C20: 4651 | D20: 2303 | E20: 2348
A21: 6 | B21: Nyan Taw(VT) | C21: 3840 | D21: 1883 | E21: 1957
A22: 7 | B22: Kan Gyi(VT) | C22: 4674 | D22: 2224 | E22: 2450
A23: 8 | B23: Shwe Moke Htaw(VT) | C23: 2806 | D23: 1296 | E23: 1510
A24: 9 | B24: Taung Shey(VT) | C24: 5300 | D24: 2669 | E24: 2631
A25: 10 | B25: Yae Twin Gyi(VT) | C25: 1775 | D25: 869 | E25: 906
A26: 11 | B26: Nawng Taw(VT) | C26: 4526 | D26: 2159 | E26: 2367
A27: 12 | B27: Inn Hpo(VT) | C27: 3145 | D27: 1565 | E27: 1580
... A50: 35 | B50: Ah Htet Kyu Inn(VT) | C50: 3054 | D50: 1522 | E50: 1532

Sheet Hsipaw
A1: Shan State, Kyaukme District,Hsipaw Township
E2: 29-3-2014
A4: Sr | B4: Ward/Village Tract | C4: Population
C5: Total | D5: Male | E5: Female
B6: Total | C6: 176158 | D6: 85836 | E6: 90322
B8: Ward | C8: =SUM(C9:C19) -> 20897 | D8: =SUM(D9:D19) -> 10202 | E8: =SUM(E9:E19) -> 10695
A9: 1 | B9: Myanmar(W) | C9: 2257 | D9: 1058 | E9: 1199
A10: 2 | B10: Myo Lel(W) | C10: 2227 | D10: 1067 | E10: 1160
A11: 3 | B11: Ah Nauk(W) | C11: 1571 | D11: 717 | E11: 854
A12: 4 | B12: Zay(W) | C12: 1203 | D12: 606 | E12: 597
A13: 5 | B13: Pan Tein (North)(W) | C13: 1168 | D13: 563 | E13: 605
A14: 6 | B14: Pan Tein (South)(W) | C14: 3426 | D14: 1671 | E14: 1755
A15: 7 | B15: Zat Su (W) | C15: 3857 | D15: 2048 | E15: 1809
A16: 8 | B16: Shwe Kyaung Ward(W) | C16: 1046 | D16: 451 | E16: 595
A17: 9 | B17: Oke Kyin Ward(W) | C17: 978 | D17: 487 | E17: 491
A18: 10 | B18: Taung Myo Ward(W) | C18: 2545 | D18: 1223 | E18: 1322
A19: 11 | B19: Mee Ya Htar Ward(W) | C19: 619 | D19: 311 | E19: 308
B20: Village Tract | C20: =SUM(C21:C87) -> 155261 | D20: =SUM(D21:D87) -> 75634 | E20: =SUM(E21:E87) -> 79627
A21: 1 | B21: Tein San(VT) | C21: 973 | D21: 438 | E21: 535
A22: 2 | B22: Man He(VT) | C22: 2044 | D22: 1013 | E22: 1031
A23: 3 | B23: Sam Hpeik(VT) | C23: 2422 | D23: 1217 | E23: 1205
A24: 4 | B24: Ywar Thit(VT) | C24: 2858 | D24: 1410 | E24: 1448
A25: 5 | B25: Ton Sint(VT) | C25: 2859 | D25: 1401 | E25: 1458
A26: 6 | B26: Sun Long(VT) | C26: 1544 | D26: 753 | E26: 791
A27: 7 | B27: Pang Soa Ming(VT) | C27: 1944 | D27: 1006 | E27: 938
A28: 8 | B28: Mong Lin(VT) | C28: 3839 | D28: 1904 | E28: 1935
A29: 9 | B29: Kone Thar(VT) | C29: 2360 | D29: 1146 | E29: 1214
A30: 10 | B30: Nawng An(VT) | C30: 2742 | D30: 1418 | E30: 1324
A31: 11 | B31: Pang Meik(VT) | C31: 4933 | D31: 2447 | E31: 2486
A32: 12 | B32: Kun Hkaik(VT) | C32: 3574 | D32: 1768 | E32: 1806
... A87: 67 | B87: Nar Hpwei(VT) | C87: 697 | D87: 336 | E87: 361

Sheet Namtu
A1: Shan State, Kyaukme District,Namtu Township
E2: 29-3-2014
A4: Sr | B4: Ward/Village Tract | C4: Population
C5: Total | D5: Male | E5: Female
B6: Total | C6: 50423 | D6: 24448 | E6: 25975
B8: Ward | C8: =SUM(C9:C10) -> 13298 | D8: =SUM(D9:D10) -> 6171 | E8: =SUM(E9:E10) -> 7127
A9: 1 | B9: Namtu(W) | C9: 5664 | D9: 2618 | E9: 3046
A10: 2 | B10: Pang Haik(W) | C10: 7634 | D10: 3553 | E10: 4081
B11: Village Tract | C11: =SUM(C12:C32) -> 37125 | D11: =SUM(D12:D32) -> 18277 | E11: =SUM(E12:E32) -> 18848
A12: 1 | B12: Kyu Hsawt(VT) | C12: 926 | D12: 446 | E12: 480
A13: 2 | B13: Hsaik Hkawng(VT) | C13: 1767 | D13: 849 | E13: 918
A14: 3 | B14: Hko Mo(VT) | C14: 940 | D14: 452 | E14: 488
A15: 4 | B15: Baw Twin(VT) | C15: 2856 | D15: 1326 | E15: 1530
A16: 5 | B16: Hu Hsar(VT) | C16: 914 | D16: 448 | E16: 466
A17: 6 | B17: Hin Poke(VT) | C17: 1086 | D17: 546 | E17: 540
A18: 7 | B18: Man San(VT) | C18: 3937 | D18: 1924 | E18: 2013
A19: 8 | B19: Nam Taung Kone(VT) | C19: 1359 | D19: 678 | E19: 681
A20: 9 | B20: Pang Hsawt(VT) | C20: 608 | D20: 308 | E20: 300
A21: 10 | B21: Mong Mu(VT) | C21: 2039 | D21: 961 | E21: 1078
A22: 11 | B22: Pang Long(VT) | C22: 3299 | D22: 1637 | E22: 1662
A23: 12 | B23: Shaung Hsar(VT) | C23: 1816 | D23: 930 | E23: 886
... A32: 21 | B32: Hpar Sum(VT) | C32: 1005 | D32: 490 | E32: 515

Sheet Namsan (North)
A1: Shan State, Kyaukme District, Namsan(North) Township
E2: 29-3-2014
A4: Sr | B4: Ward/Village Tract | C4: Population
C5: Total | D5: Male | E5: Female
B6: Total | C6: 72204 | D6: 32708 | E6: 39496
B8: Ward | C8: =SUM(C9:C14) -> 4138 | D8: =SUM(D9:D14) -> 1982 | E8: =SUM(E9:E14) -> 2156
A9: 1 | B9: Nam Waw(W) | C9: 826 | D9: 352 | E9: 474
A10: 2 | B10: Myo Lel(W) | C10: 826 | D10: 405 | E10: 421
A11: 3 | B11: Min Ga Lar(W) | C11: 904 | D11: 426 | E11: 478
A12: 4 | B12: Man Hkaik (W) | C12: 902 | D12: 432 | E12: 470
A13: 5 | B13: Moe Ge (W) | C13: 363 | D13: 209 | E13: 154
A14: 6 | B14: Man Mai (W) | C14: 317 | D14: 158 | E14: 159
B15: Village Tract | C15: =SUM(C16:C41) -> 68066 | D15: =SUM(D16:D41) -> 30726 | E15: =SUM(E16:E41) -> 37340
A16: 1 | B16: Ngun Hseng(VT) | C16: 1438 | D16: 674 | E16: 764
A17: 2 | B17: Man Loi(W) | C17: 3092 | D17: 1459 | E17: 1633
A18: 3 | B18: Nam Len(VT) | C18: 3798 | D18: 1800 | E18: 1998
A19: 4 | B19: Hkay Hkin(W) | C19: 1946 | D19: 894 | E19: 1052
A20: 5 | B20: Taung Kyaw(VT) | C20: 2040 | D20: 959 | E20: 1081
A21: 6 | B21: Ahr Ram(W) | C21: 2861 | D21: 1245 | E21: 1616
A22: 7 | B22: Hu Hkin(VT) | C22: 3721 | D22: 1701 | E22: 2020
A23: 8 | B23: Man Long(VT) | C23: 2472 | D23: 1143 | E23: 1329
A24: 9 | B24: Hu Man(VT) | C24: 1776 | D24: 755 | E24: 1021
A25: 10 | B25: Za Yang(VT) | C25: 3387 | D25: 1500 | E25: 1887
A26: 11 | B26: Kayah Lan(VT) | C26: 2544 | D26: 1082 | E26: 1462
A27: 12 | B27: Kayah Gyi(VT) | C27: 1969 | D27: 835 | E27: 1134
... A41: 26 | B41: Nam Tway(VT) | C41: 2759 | D41: 1061 | E41: 1698

Sheet Momeik
A1: Shan State, Kyaukme District,Momeik Township
E2: 29-3-2014
A4: Sr | B4: Ward/Village Tract | C4: Population
C5: Total | D5: Male | E5: Female
B6: Total | C6: 63330 | D6: 31545 | E6: 31785
B8: Ward | C8: =SUM(C9:C12) -> 10260 | D8: =SUM(D9:D12) -> 4778 | E8: =SUM(E9:E12) -> 5482
A9: 1 | B9: Taung Paing(W) | C9: 3049 | D9: 1426 | E9: 1623
A10: 2 | B10: Myauk Paing(W) | C10: 2836 | D10: 1389 | E10: 1447
A11: 3 | B11: Let Khoke Tan(W) | C11: 2889 | D11: 1239 | E11: 1650
A12: 4 | B12: Haw Kone (Haw Nan)(W) | C12: 1486 | D12: 724 | E12: 762
B13: Village Tract | C13: =SUM(C14:C41) -> 53070 | D13: =SUM(D14:D41) -> 26767 | E13: =SUM(E14:E41) -> 26303
A14: 1 | B14: Taung Kaing(VT) | C14: 3809 | D14: 2032 | E14: 1777
A15: 2 | B15: Let Khoke Pin(VT) | C15: 1863 | D15: 857 | E15: 1006
A16: 3 | B16: Myit Son(VT) | C16: 1574 | D16: 807 | E16: 767
A17: 4 | B17: Shwe Zar Li(VT) | C17: 5646 | D17: 2985 | E17: 2661
A18: 5 | B18: Thea Ni(VT) | C18: 1592 | D18: 794 | E18: 798
A19: 6 | B19: Lel Gyi(VT) | C19: 3216 | D19: 1576 | E19: 1640
A20: 7 | B20: Ma Gyi Pin(VT) | C20: 2898 | D20: 1400 | E20: 1498
A21: 8 | B21: Pa Thin(VT) | C21: 2658 | D21: 1344 | E21: 1314
A22: 9 | B22: Moe Hauk(VT) | C22: 4297 | D22: 2123 | E22: 2174
A23: 10 | B23: Nam Hput(VT) | C23: 1785 | D23: 961 | E23: 824
A24: 11 | B24: Thit Seint Kone(VT) | C24: 7616 | D24: 3895 | E24: 3721
A25: 12 | B25: Pa Dan(VT) | C25: 2889 | D25: 1432 | E25: 1457
... A41: 28 | B41: Yae Pone(VT) | C41: 603 | D41: 287 | E41: 316

Sheet Mabane
A1: Shan State, Kyaukme District,Mabane Township
E2: 29-3-2014
A4: Sr | B4: Ward/Village Tract | C4: Population
C5: Total | D5: Male | E5: Female
B6: Total | C6: 47398 | D6: 24494 | E6: 22904
B8: Ward | C8: =SUM(C9:C11) -> 3241 | D8: =SUM(D9:D11) -> 1619 | E8: =SUM(E9:E11) -> 1622
A9: 1 | B9: Myo Ma(W) | C9: 717 | D9: 365 | E9: 352
A10: 2 | B10: Taik Kone(W) | C10: 950 | D10: 441 | E10: 509
A11: 3 | B11: Kone Hkar (W) | C11: 1574 | D11: 813 | E11: 761
B12: Village Tract | C12: =SUM(C13:C28) -> 44157 | D12: =SUM(D13:D28) -> 22875 | E12: =SUM(E13:E28) -> 21282
A13: 1 | B13: Hko Tar(VT) | C13: 2653 | D13: 1304 | E13: 1349
A14: 2 | B14: Ma Hlaing Kone(VT) | C14: 1436 | D14: 748 | E14: 688
A15: 3 | B15: Ba He(VT) | C15: 2763 | D15: 1416 | E15: 1347
A16: 4 | B16: Nam Pong Pong(VT) | C16: 2230 | D16: 1143 | E16: 1087
A17: 5 | B17: La War(VT) | C17: 1386 | D17: 726 | E17: 660
A18: 6 | B18: Si Ping(VT) | C18: 1839 | D18: 965 | E18: 874
A19: 7 | B19: Ton Kwar(VT) | C19: 1493 | D19: 772 | E19: 721
A20: 8 | B20: Ma Au Kone(VT) | C20: 2308 | D20: 1326 | E20: 982
A21: 9 | B21: Me Sa Li(VT) | C21: 1479 | D21: 836 | E21: 643
A22: 10 | B22: Yan Bo(VT) | C22: 1984 | D22: 1019 | E22: 965
A23: 11 | B23: Kun Chaung(VT) | C23: 2300 | D23: 1191 | E23: 1109
A24: 12 | B24: Moe Lone(VT) | C24: 1480 | D24: 822 | E24: 658
... A28: 16 | B28: Ngoet Sin(VT) | C28: 2921 | D28: 1419 | E28: 1502

Sheet Manton
A1: Shan State, Kyaukme District, Manton Township
E2: 29-3-2014
A4: Sr | B4: Ward/Village Tract | C4: Population
C5: Total | D5: Male | E5: Female
B6: Total | C6: 38601 | D6: 18562 | E6: 20039
B8: Ward | C8: =SUM(C9:C11) -> 4102 | D8: =SUM(D9:D11) -> 2090 | E8: =SUM(E9:E11) -> 2012
A9: 1 | B9: Myo Ma(W) | C9: 2494 | D9: 1306 | E9: 1188
A10: 2 | B10: No(1)(W) | C10: 948 | D10: 448 | E10: 500
A11: 3 | B11: No(2)(W) | C11: 660 | D11: 336 | E11: 324
B12: Village Tract | C12: =SUM(C13:C40) -> 34499 | D12: =SUM(D13:D40) -> 16472 | E12: =SUM(E13:E40) -> 18027
A13: 1 | B13: Nam Hai(VT) | C13: 1766 | D13: 886 | E13: 880
A14: 2 | B14: Nawng Sang(VT) | C14: 504 | D14: 268 | E14: 236
A15: 3 | B15: Kone Nyaung(VT) | C15: 1170 | D15: 546 | E15: 624
A16: 4 | B16: Mong Yoke(VT) | C16: 1175 | D16: 603 | E16: 572
A17: 5 | B17: Tun Hsay(VT) | C17: 337 | D17: 182 | E17: 155
A18: 6 | B18: Pang Nang(VT) | C18: 107 | D18: 51 | E18: 56
A19: 7 | B19: Loi Kyu(VT) | C19: 1641 | D19: 784 | E19: 857
A20: 8 | B20: Tawng Hson(VT) | C20: 786 | D20: 359 | E20: 427
A21: 9 | B21: Hawng Kan(VT) | C21: 902 | D21: 445 | E21: 457
A22: 10 | B22: Pang Hsan(a)Nam Hu Hseng Hkawng(VT) | C22: 313 | D22: 160 | E22: 153
A23: 11 | B23: Hseng Hkawng(VT) | C23: 169 | D23: 94 | E23: 75
A24: 12 | B24: Nam Nat(VT) | C24: 254 | D24: 135 | E24: 119
... A40: 28 | B40: Mone Hka(VT) | C40: 1587 | D40: 735 | E40: 852

Sheet Minengaw(Sub-Tsp)
A1: Shan State, Kyaukme District, Minengaw(Sub-Township)
E2: 29-3-2014
A4: Sr | B4: Ward/Village Tract | C4: Population
C5: Total | D5: Male | E5: Female
B6: Total | C6: 18901 | D6: 8833 | E6: 10068
B8: Ward | C8: =SUM(C9:C13) -> 2433 | D8: =SUM(D9:D13) -> 1220 | E8: =SUM(E9:E13) -> 1213
A9: 1 | B9: Mong Ngawt Zay(W) | C9: 674 | D9: 328 | E9: 346
A10: 2 | B10: Pang Long(W) | C10: 911 | D10: 460 | E10: 451
A11: 3 | B11: Tar Long(W) | C11: 422 | D11: 207 | E11: 215
A12: 4 | B12: Pang Hpat Hpar(W) | C12: 107 | D12: 52 | E12: 55
A13: 5 | B13: Man Kawng(W) | C13: 319 | D13: 173 | E13: 146
B14: Village Tract | C14: =SUM(C15:C25) -> 16468 | D14: =SUM(D15:D25) -> 7613 | E14: =SUM(E15:E25) -> 8855
A15: 1 | B15: Loi Kyu(VT) | C15: 637 | D15: 326 | E15: 311
A16: 2 | B16: Kun Kauk(VT) | C16: 1049 | D16: 518 | E16: 531
A17: 3 | B17: Man Hkauk(VT) | C17: 3538 | D17: 1673 | E17: 1865
A18: 4 | B18: Kawng Ka Law(VT) | C18: 2257 | D18: 1039 | E18: 1218
A19: 5 | B19: He Hkam(VT) | C19: 621 | D19: 304 | E19: 317
A20: 6 | B20: Pong Long(VT) | C20: 2187 | D20: 1032 | E20: 1155
A21: 7 | B21: Chone(VT) | C21: 1957 | D21: 898 | E21: 1059
A22: 8 | B22: Kun Sa Lan(VT) | C22: 1947 | D22: 781 | E22: 1166
A23: 9 | B23: Hkun Hkwa(VT) | C23: 1009 | D23: 462 | E23: 547
A24: 10 | B24: Pang Kwe(VT) | C24: 965 | D24: 430 | E24: 535
A25: 11 | B25: Kyauk Lone Gyi(VT) | C25: 301 | D25: 150 | E25: 151

Sheet Minelon(Sub-Tsp)
A1: Shan State, Kyaukme District, Minelon (Sub-Township)
E2: 29-3-2014
A4: Sr | B4: Ward/Village Tract | C4: Population
C5: Total | D5: Male | E5: Female
B6: Total | C6: 25648 | D6: 12272 | E6: 13376
B8: Ward | C8: =SUM(C9:C14) -> 2348 | D8: =SUM(D9:D14) -> 1170 | E8: =SUM(E9:E14) -> 1178
A9: 1 | B9: Ah Htet Pine(W) | C9: 493 | D9: 249 | E9: 244
A10: 2 | B10: Ah Lal Pine(W) | C10: 223 | D10: 112 | E10: 111
A11: 3 | B11: Auk Pine(W) | C11: 413 | D11: 214 | E11: 199
A12: 4 | B12: Hkan Ti(W) | C12: 382 | D12: 180 | E12: 202
A13: 5 | B13: Zay(W) | C13: 180 | D13: 78 | E13: 102
A14: 6 | B14: Namt Paing(W) | C14: 657 | D14: 337 | E14: 320
B15: Village Tract | C15: =SUM(C16:C34) -> 23300 | D15: =SUM(D16:D34) -> 11102 | E15: =SUM(E16:E34) -> 12198
A16: 1 | B16: Kaw Pawng(VT) | C16: 951 | D16: 464 | E16: 487
A17: 2 | B17: Tawt Sang(VT) | C17: 2698 | D17: 1244 | E17: 1454
A18: 3 | B18: Nyaung Maung(VT) | C18: 1222 | D18: 554 | E18: 668
A19: 4 | B19: Pang Hu(VT) | C19: 627 | D19: 303 | E19: 324
A20: 5 | B20: Mone Pyin(VT) | C20: 1915 | D20: 976 | E20: 939
A21: 6 | B21: Myo Haung(VT) | C21: 1094 | D21: 539 | E21: 555
A22: 7 | B22: Taung Ni(Mong Long Sub-Township)(VT) | C22: 2236 | D22: 1107 | E22: 1129
A23: 8 | B23: Man Sin (a) Pa Zi(VT) | C23: 1368 | D23: 680 | E23: 688
A24: 9 | B24: Pang Woe(VT) | C24: 1761 | D24: 856 | E24: 905
A25: 10 | B25: Min Kone(VT) | C25: 1390 | D25: 643 | E25: 747
A26: 11 | B26: Par Hlaing(VT) | C26: 757 | D26: 323 | E26: 434
A27: 12 | B27: Nam Hkun(VT) | C27: 972 | D27: 474 | E27: 498
... A34: 19 | B34: Man Maw(VT) | C34: 391 | D34: 203 | E34: 188

Sheet Kunlon
A1: Shan State, Kunlon District, Kunlon Township
E2: 29-3-2014
A4: Sr | B4: Ward/Village Tract | C4: Population
C5: Total | D5: Male | E5: Female
B6: Total | C6: 58774 | D6: 30900 | E6: 27874
B8: Ward | C8: =SUM(C9:C15) -> 5549 | D8: =SUM(D9:D15) -> 2756 | E8: =SUM(E9:E15) -> 2793
A9: 1 | B9: Hko Long(a)Myo Ma (W) | C9: 1167 | D9: 575 | E9: 592
A10: 2 | B10: Nyar Na Theik Pan(W) | C10: 1049 | D10: 552 | E10: 497
A11: 3 | B11: Shan Ywar Ma(W) | C11: 805 | D11: 395 | E11: 410
A12: 4 | B12: Baw Ga(W) | C12: 154 | D12: 74 | E12: 80
A13: 5 | B13: Wun Htan(W) | C13: 1304 | D13: 643 | E13: 661
A14: 6 | B14: Kan Thar Yar(W) | C14: 642 | D14: 322 | E14: 320
A15: 7 | B15: Aung Mingalar New(W) | C15: 428 | D15: 195 | E15: 233
B16: Village Tract | C16: =SUM(C17:C41) -> 53225 | D16: =SUM(D17:D41) -> 28144 | E16: =SUM(E17:E41) -> 25081
A17: 1 | B17: Pang Sang Nam(VT) | C17: 3009 | D17: 1815 | E17: 1194
A18: 2 | B18: Ton Kyet(VT) | C18: 1653 | D18: 886 | E18: 767
A19: 3 | B19: Nam Hu(VT) | C19: 2304 | D19: 1172 | E19: 1132
A20: 4 | B20: Kawng Kye(VT) | C20: 2114 | D20: 1063 | E20: 1051
A21: 5 | B21: Kone Nyaung(VT) | C21: 1990 | D21: 1024 | E21: 966
A22: 6 | B22: San Pya(VT) | C22: 2290 | D22: 1192 | E22: 1098
A23: 7 | B23: Mant Hkar(VT) | C23: 819 | D23: 430 | E23: 389
A24: 8 | B24: Shaung Ti Lin(VT) | C24: 1572 | D24: 849 | E24: 723
A25: 9 | B25: Tar Hon Ma Shu(VT) | C25: 1387 | D25: 756 | E25: 631
A26: 10 | B26: Wawt Chone(VT) | C26: 2649 | D26: 1438 | E26: 1211
A27: 11 | B27: Nam Sun(VT) | C27: 2546 | D27: 1352 | E27: 1194
A28: 12 | B28: Tar Pawng Pawng(VT) | C28: 3252 | D28: 1693 | E28: 1559
... A41: 25 | B41: Hpar Hpein(VT) | C41: 1526 | D41: 818 | E41: 708

Sheet Laukine
A1: Shan State, LaukineDistrict, Laukine Township
E2: 29-3-2014
A4: Sr | B4: Ward/Village Tract | C4: Population
C5: Total | D5: Male | E5: Female
B6: Total | C6: 89961 | D6: 47395 | E6: 42566
B8: Ward | C8: =SUM(C9:C11) -> 23435 | D8: =SUM(D9:D11) -> 12125 | E8: =SUM(E9:E11) -> 11310
A9: 1 | B9: No(1)(W) | C9: 7277 | D9: 3770 | E9: 3507
A10: 2 | B10: No(2)(W) | C10: 8078 | D10: 4025 | E10: 4053
A11: 3 | B11: No(3)(W) | C11: 8080 | D11: 4330 | E11: 3750
B12: Village Tract | C12: =SUM(C13:C19) -> 66526 | D12: =SUM(D13:D19) -> 35270 | E12: =SUM(E13:E19) -> 31256
A13: 1 | B13: Tauk Shwe(VT) | C13: 3698 | D13: 1993 | E13: 1705
A14: 2 | B14: Htin Par Keng(VT) | C14: 18039 | D14: 9585 | E14: 8454
A15: 3 | B15: Shwe Yin See(VT) | C15: 15405 | D15: 8087 | E15: 7318
A16: 4 | B16: Man Ton Par(VT) | C16: 8563 | D16: 4533 | E16: 4030
A17: 5 | B17: Tar Shwe Htan(VT) | C17: 10300 | D17: 5526 | E17: 4774
A18: 6 | B18: Kyar Zi Shu(VT) | C18: 5601 | D18: 2955 | E18: 2646
A19: 7 | B19: Man Law(VT) | C19: 4920 | D19: 2591 | E19: 2329

Sheet Kongyan
A1: Shan State, LaukineDistrict, Kongyan Township
E2: 29-3-2014
A4: Sr | B4: Ward/Village Tract | C4: Population
C5: Total | D5: Male | E5: Female
B6: Total | C6: 33772 | D6: 17472 | E6: 16300
B8: Ward | C8: =SUM(C9:C11) -> 1186 | D8: =SUM(D9:D11) -> 664 | E8: =SUM(E9:E11) -> 522
A9: 1 | B9: No(1)(W) | C9: 426 | D9: 235 | E9: 191
A10: 2 | B10: No(2)(W) | C10: 292 | D10: 148 | E10: 144
A11: 3 | B11: No(3)(W) | C11: 468 | D11: 281 | E11: 187
B12: Village Tract | C12: =SUM(C13:C16) -> 32586 | D12: =SUM(D13:D16) -> 16808 | E12: =SUM(E13:E16) -> 15778
A13: 1 | B13: Tar Kon Kyan(VT) | C13: 11642 | D13: 5988 | E13: 5654
A14: 2 | B14: Kyum Htaik (Lan Hpyi Lin)(VT) | C14: 6496 | D14: 3275 | E14: 3221
A15: 3 | B15: Shauk Kai(VT) | C15: 6644 | D15: 3445 | E15: 3199
A16: 4 | B16: Shin Hwar (Shin Hpyin Kai)(VT) | C16: 7804 | D16: 4100 | E16: 3704

Sheet Chinshwehaw(Sub-Tsp)
A1: Shan State, Laukine District, Chinshwehaw(Sub- Township)
E2: 29-3-2014
A4: Sr | B4: Ward/Village Tract | C4: Population
C5: Total | D5: Male | E5: Female
B6: Total | C6: 4889 | D6: 2638 | E6: 2251
B8: Ward | C8: =SUM(C9:C11) -> 3138 | D8: =SUM(D9:D11) -> 1731 | E8: =SUM(E9:E11) -> 1407
A9: 1 | B9: No(1)(W) | C9: 783 | D9: 369 | E9: 414
A10: 2 | B10: No(2)(W) | C10: 1377 | D10: 752 | E10: 625
A11: 3 | B11: No(3)(W) | C11: 978 | D11: 610 | E11: 368
B12: Village Tract | C12: =SUM(C13) -> 1751 | D12: =SUM(D13) -> 907 | E12: =SUM(E13) -> 844
A13: 1 | B13: Long Htan(VT) | C13: 1751 | D13: 907 | E13: 844

Sheet Mawhtike (Sub-Tsp)
A1: Shan State, Laukine District, Mawhtike (Sub- Township)
E2: 29-3-2014
A4: Sr | B4: Ward/Village Tract | C4: Population
C5: Total | D5: Male | E5: Female
B6: Total | C6: 26290 | D6: 13599 | E6: 12691
B8: Ward | C8: =SUM(C9:C11) -> 424 | D8: =SUM(D9:D11) -> 220 | E8: =SUM(E9:E11) -> 204
A9: 1 | B9: No(1)(W) | C9: 180 | D9: 87 | E9: 93
A10: 2 | B10: No(2)(W) | C10: 125 | D10: 58 | E10: 67
A11: 3 | B11: No(3)(W) | C11: 119 | D11: 75 | E11: 44
B12: Village Tract | C12: =SUM(C13:C16) -> 25866 | D12: =SUM(D13:D16) -> 13379 | E12: =SUM(E13:E16) -> 12487
A13: 1 | B13: Sone Kan(VT) | C13: 6789 | D13: 3529 | E13: 3260
A14: 2 | B14: Min Hwar Lin(VT) | C14: 5208 | D14: 2762 | E14: 2446
A15: 3 | B15: Hon Aik(VT) | C15: 5884 | D15: 2903 | E15: 2981
A16: 4 | B16: Shin Htan(VT) | C16: 7985 | D16: 4185 | E16: 3800

Sheet Hopan
A1: Shan State, Hopan District, Hopan Township
E2: 29-3-2014
A4: Sr | B4: Ward/Village Tract | C4: Population
C5: Total | D5: Male | E5: Female
B6: Total | C6: 54894 | D6: 28269 | E6: 26625
B7: Ward | C7: 16893 | D7: 8640 | E7: 8253
B8: Village Tract | C8: 38001 | D8: 19629 | E8: 18372
B9: Hopan | C9: 7809 | D9: 4001 | E9: 3808
B10: ward
A11: 1 | B11: Hopang (w) | C11: 738 | D11: 456 | E11: 282
A12: 2 | B12: Kawng Hone(w) | C12: 786 | D12: 393 | E12: 393
A13: 3 | B13: Man Khun(W) | C13: 218 | D13: 105 | E13: 113
A14: 4 | B14: Zay(W) | C14: 1186 | D14: 564 | E14: 622
A15: 5 | B15: Pang Long Lan(w) | C15: 1702 | D15: 829 | E15: 873
A16: 6 | B16: Yone Kone(w) | C16: 1246 | D16: 690 | E16: 556
A17: 7 | B17: Mein Pan(W) | C17: 611 | D17: 312 | E17: 299
A18: 8 | B18: Nam Hlan(W) | C18: 152 | D18: 75 | E18: 77
A19: 9 | B19: Man Mai(w) | C19: 403 | D19: 194 | E19: 209
A20: 10 | B20: Mong Pan (Lwe La)(W) | C20: 767 | D20: 383 | E20: 384
B21: Village Tract | C21: 27199 | D21: 14125 | E21: 13074
B22: Namtik
B23: Ward | C23: 9084 | D23: 4639 | E23: 4445
B24: Village Tract | C24: 10802 | D24: 5504 | E24: 5298

Sheet Minemaw
A1: Shan State, Hopan District, Minemaw Township
E2: 29-3-2014
A4: Sr | B4: Ward/Village Tract | C4: Population
C5: Total | D5: Male | E5: Female
B6: Total | C6: =C7+C8 -> 70683 | D6: =D7+D8 -> 36313 | E6: =E7+E8 -> 34370
A7: 1 | B7: Ward | C7: 5655 | D7: 2895 | E7: 2760
A8: 2 | B8: Village Tract | C8: 65028 | D8: 33418 | E8: 31610

Sheet Panwine
A1: Shan State, Hopan District, Panwine Township
E2: 29-3-2014
A4: Sr | B4: Ward/Village Tract | C4: Population
C5: Total | D5: Male | E5: Female
B6: Total | C6: =C7+C8 -> 97097 | D6: =D7+D8 -> 48791 | E6: =E7+E8 -> 48306
A7: 1 | B7: Ward | C7: 3436 | D7: 1757 | E7: 1679
A8: 2 | B8: Village Tract | C8: 93661 | D8: 47034 | E8: 46627

Sheet Panlon(Sub-Tsp)
A1: Shan State, Hopan District, Panlon(Sub- Township)
E2: 29-3-2014
A4: Sr | B4: Ward/Village Tract | C4: Population
C5: Total | D5: Male | E5: Female
B6: Total | C6: 6206 | D6: 3200 | E6: 3006
B7: Ward | C7: 3569 | D7: 1805 | E7: 1764
A8: 1 | B8: No(1)(W) | C8: 492 | D8: 269 | E8: 223
A9: 2 | B9: No(2)(W) | C9: 516 | D9: 286 | E9: 230
A10: 3 | B10: No(3)(W) | C10: 383 | D10: 189 | E10: 194
A11: 4 | B11: No(4)(W) | C11: 323 | D11: 164 | E11: 159
A12: 5 | B12: No(5)(W) | C12: 243 | D12: 115 | E12: 128
A13: 6 | B13: No(6)(W) | C13: 246 | D13: 123 | E13: 123
A14: 7 | B14: No(7)(W) | C14: 473 | D14: 226 | E14: 247
A15: 8 | B15: No(8)(W) | C15: 893 | D15: 433 | E15: 460
B16: Village Tract | C16: 2637 | D16: 1395 | E16: 1242

Sheet Makman
A1: Shan State, Makman District, Makman Township
E2: 29-3-2014
A4: Sr | B4: Ward/Village Tract | C4: Population
C5: Total | D5: Male | E5: Female
B6: Total | C6: =C7+C10 -> 19732 | D6: =D7+D10 -> 10068 | E6: =E7+E10 -> 9664
B7: Ward | C7: =SUM(C8:C9) -> 292 | D7: =SUM(D8:D9) -> 170 | E7: =SUM(E8:E9) -> 122
A8: 1 | B8: No(1)(W) | C8: 126 | D8: 69 | E8: 57
A9: 2 | B9: No(2)(W) | C9: 166 | D9: 101 | E9: 65
B10: Village Tract | C10: =SUM(C11:C21) -> 19440 | D10: =SUM(D11:D21) -> 9898 | E10: =SUM(E11:E21) -> 9542
A11: 1 | B11: Aye kyant(VT) | C11: 2924 | D11: 1512 | E11: 1412
A12: 2 | B12: Kawng Lan(VT) | C12: 535 | D12: 249 | E12: 286
A13: 3 | B13: Hnget Yawng | C13: 1748 | D13: 878 | E13: 870
A14: 4 | B14: Nam Taw(VT) | C14: 738 | D14: 382 | E14: 356
A15: 5 | B15: Hsut Woe(VT) | C15: 2324 | D15: 1193 | E15: 1131
A16: 6 | B16: Man Wein(VT) | C16: 1725 | D16: 838 | E16: 887
A17: 7 | B17: Yawng Au(VT) | C17: 687 | D17: 351 | E17: 336
A18: 8 | B18: Tar Kaw Lay(VT) | C18: 303 | D18: 167 | E18: 136
A19: 9 | B19: Wein Nawng(VT) | C19: 2690 | D19: 1393 | E19: 1297
A20: 10 | B20: Min Yan Aung(VT) | C20: 1370 | D20: 712 | E20: 658
A21: 11 | B21: Wan Sa Lawng(VT) | C21: 4396 | D21: 2223 | E21: 2173

Sheet Pan San(Pan Kham)
A1: Shan State, Makman District, Pan San (Pan Kham) Township
E2: 29-3-2014
A4: Sr | B4: Ward/Village Tract | C4: Population
C5: Total | D5: Male | E5: Female
B6: Total | C6: =C7+C8 -> 104329 | D6: =D7+D8 -> 54201 | E6: =E7+E8 -> 50128
A7: 1 | B7: Ward | C7: 15936 | D7: 8061 | E7: 7875
A8: 2 | B8: Village Tract | C8: 88393 | D8: 46140 | E8: 42253

Sheet Naphang
A1: Shan State, Makman District, Naphang Township
E2: 29-3-2014
A3: Sr | B3: Ward/Village Tract | C3: Population
C4: Total | D4: Male | E4: Female
B5: Total | C5: =C6+C7 -> 116180 | D5: =D6+D7 -> 59369 | E5: =E6+E7 -> 56811
A6: 1 | B6: Ward | C6: 970 | D6: 497 | E6: 473
A7: 2 | B7: Village Tract | C7: 115210 | D7: 58872 | E7: 56338

Sheet ManKan(Sub-Tsp)
A1: Shan State, Makman District, Mankan(Sub-Township)
E2: 29-3-2014
A4: Sr | B4: Ward/Village Tract | C4: Population
C5: Total | D5: Male | E5: Female
B6: Total | C6: 1643 | D6: 840 | E6: 803
A7: 1 | B7: Ward | C7: 419 | D7: 232 | E7: 187
A8: 2 | B8: Village Tract | C8: 1224 | D8: 608 | E8: 616

Sheet Kengtung
A1: Shan State, Kengtung District, Kengtung Township
E2: 29-3-2014
A4: Sr | B4: Ward/Village Tract | C4: Population
C5: Total | D5: Male | E5: Female
B6: Total | C6: 171620 | D6: 87779 | E6: 83841
B8: Ward | C8: =SUM(C9:C13) -> 44289 | D8: =SUM(D9:D13) -> 22212 | E8: =SUM(E9:E13) -> 22077
A9: 1 | B9: No(1)(W) | C9: 13864 | D9: 6937 | E9: 6927
A10: 2 | B10: No(2)(W) | C10: 6193 | D10: 3126 | E10: 3067
A11: 3 | B11: No(3)(W) | C11: 7581 | D11: 3744 | E11: 3837
A12: 4 | B12: No(4)(W) | C12: 9328 | D12: 4505 | E12: 4823
A13: 5 | B13: No(5)(W) | C13: 7323 | D13: 3900 | E13: 3423
B14: Village Tract | C14: =SUM(C15:C45) -> 127331 | D14: =SUM(D15:D45) -> 65567 | E14: =SUM(E15:E45) -> 61764
A15: 1 | B15: Yang Law(VT) | C15: 7559 | D15: 3830 | E15: 3729
A16: 2 | B16: Nawng Kon(VT) | C16: 4000 | D16: 2131 | E16: 1869
A17: 3 | B17: Loi Long(VT) | C17: 3640 | D17: 1859 | E17: 1781
A18: 4 | B18: Kat Htaik(VT) | C18: 7256 | D18: 3655 | E18: 3601
A19: 5 | B19: Pang Mat(VT) | C19: 3392 | D19: 1717 | E19: 1675
A20: 6 | B20: Mong Pang (Middle)(VT) | C20: 4592 | D20: 2367 | E20: 2225
A21: 7 | B21: Pang Kyu(VT) | C21: 5695 | D21: 2985 | E21: 2710
A22: 8 | B22: Nam Hkat(VT) | C22: 3024 | D22: 1541 | E22: 1483
A23: 9 | B23: Mong Inn(VT) | C23: 2813 | D23: 1419 | E23: 1394
A24: 10 | B24: Nawng Tawng(VT) | C24: 1857 | D24: 940 | E24: 917
A25: 11 | B25: Nam Inn(VT) | C25: 2361 | D25: 1239 | E25: 1122
A26: 12 | B26: Nar Paw(VT) | C26: 1760 | D26: 892 | E26: 868
... A45: 31 | B45: Tar Lay(VT) | C45: 330 | D45: 174 | E45: 156

Sheet Minekat
A1: Shan State, Kengtung District, Minekat Township
E2: 29-3-2014
A4: Sr | B4: Ward/Village Tract | C4: Population
C5: Total | D5: Male | E5: Female
B6: Total | C6: 44528 | D6: 22873 | E6: 21655
B8: Ward | C8: =SUM(C9:C10) -> 2827 | D8: =SUM(D9:D10) -> 1642 | E8: =SUM(E9:E10) -> 1185
A9: 1 | B9: No(1)(W) | C9: 2034 | D9: 1143 | E9: 891
A10: 2 | B10: No(2)(W) | C10: 793 | D10: 499 | E10: 294
B12: Village Tract | C12: 41701 | D12: 21231 | E12: 20470

Sheet Mineyan
A1: Shan State, Kengtung District, Mineyan Township
E2: 29-3-2014
A4: Sr | B4: Ward/Village Tract | C4: Population
C5: Total | D5: Male | E5: Female
B6: Total | C6: 52591 | D6: 26980 | E6: 25611
B8: Ward | C8: =SUM(C9:C19) -> 4966 | D8: =SUM(D9:D19) -> 2761 | E8: =SUM(E9:E19) -> 2205
A9: 1 | B9: Mun Ke(W) | C9: 445 | D9: 229 | E9: 216
A10: 2 | B10: Haw Ke(W) | C10: 470 | D10: 240 | E10: 230
A11: 3 | B11: Haw Haik(W) | C11: 155 | D11: 86 | E11: 69
A12: 4 | B12: Zay Tan(W) | C12: 811 | D12: 454 | E12: 357
A13: 5 | B13: Ping Leik(W) | C13: 529 | D13: 313 | E13: 216
A14: 6 | B14: Ho Kat(W) | C14: 233 | D14: 117 | E14: 116
A15: 7 | B15: Kyein Hin(W) | C15: 1075 | D15: 677 | E15: 398
A16: 8 | B16: Mauk Mai(W) | C16: 171 | D16: 87 | E16: 84
A17: 9 | B17: Par Mai(W) | C17: 799 | D17: 422 | E17: 377
A18: 10 | B18: Mong Ping(W) | C18: 156 | D18: 79 | E18: 77
A19: 11 | B19: Par Nwan(W) | C19: 122 | D19: 57 | E19: 65
B20: Village Tract | C20: 47625 | D20: 24219 | E20: 23406

Sheet Minelar
A1: Shan State, Kengtung District, Minelar Township
E2: 29-3-2014
A4: Sr | B4: Ward/Village Tract | C4: Population
C5: Total | D5: Male | E5: Female
B6: Total | C6: 43068 | D6: 22266 | E6: 20802
B8: Ward | C8: =SUM(C9:C10) -> 20453 | D8: =SUM(D9:D10) -> 11028 | E8: =SUM(E9:E10) -> 9425
A9: 1 | B9: Mine Lar Myo Paw 1(W) | C9: 18982 | D9: 10254 | E9: 8728
A10: 2 | B10: Mine Lar Myo Paw 2(W) | C10: 1471 | D10: 774 | E10: 697
B12: Village Tract | C12: 22615 | D12: 11238 | E12: 11377

Sheet Minw Pauk(Sub-Tsp)
A1: Shan State, Kengtung District, Mine Pauk(Sub-Township)
E2: 29-3-2014
A4: Sr | B4: Ward/Village Tract | C4: Population
C5: Total | D5: Male | E5: Female
B6: Total | C6: 55054 | D6: 28095 | E6: 26959

Sheet Minesat
A1: Shan State, Minesat District, Minesat Township
E2: 29-3-2014
A4: Sr | B4: Ward/Village Tract | C4: Population
C5: Total | D5: Male | E5: Female
B6: Total | C6: 86553 | D6: 45731 | E6: 40822
B8: Ward | C8: =SUM(C9:C11) -> 8004 | D8: =SUM(D9:D11) -> 4449 | E8: =SUM(E9:E11) -> 3555
A9: 1 | B9: Mae Swei (North)(W) | C9: 3508 | D9: 1779 | E9: 1729
A10: 2 | B10: Mae Swei (South)(W) | C10: 3238 | D10: 1927 | E10: 1311
A11: 3 | B11: Myo Thit(W) | C11: 1258 | D11: 743 | E11: 515
B12: Village Tract | C12: =SUM(C13:C35) -> 78549 | D12: =SUM(D13:D35) -> 41282 | E12: =SUM(E13:E35) -> 37267
A13: 1 | B13: Mae Nin(VT) | C13: 1975 | D13: 1003 | E13: 972
A14: 2 | B14: Kya Dei(VT) | C14: 7113 | D14: 3802 | E14: 3311
A15: 3 | B15: Mae Hsat(VT) | C15: 2104 | D15: 1110 | E15: 994
A16: 4 | B16: Wein Nay(VT) | C16: 1820 | D16: 1020 | E16: 800
A17: 5 | B17: Ho Nar(VT) | C17: 462 | D17: 220 | E17: 242
A18: 6 | B18: Hsaik Hkawng(VT) | C18: 1324 | D18: 663 | E18: 661
A19: 7 | B19: Kawng Hmu Kan(VT) | C19: 623 | D19: 348 | E19: 275
A20: 8 | B20: Hsan Kan(VT) | C20: 1935 | D20: 1033 | E20: 902
A21: 9 | B21: Mae Pu Long(VT) | C21: 1258 | D21: 670 | E21: 588
A22: 10 | B22: Mong Tun (Taung Paw)(VT) | C22: 7453 | D22: 3921 | E22: 3532
A23: 11 | B23: Sa Tone(VT) | C23: 2017 | D23: 1050 | E23: 967
A24: 12 | B24: Ma Oht(VT) | C24: 1193 | D24: 678 | E24: 515
... A35: 23 | B35: Mong Yun(Tar Ku)(VT) | C35: 18216 | D35: 9359 | E35: 8857

Sheet Minepyin
A1: Shan State, Minesat District, Minepyin Township
E2: 29-3-2014
A4: Sr | B4: Ward/Village Tract | C4: Population
C5: Total | D5: Male | E5: Female
B6: Total | C6: 54149 | D6: 27430 | E6: 26719
B8: Ward | C8: =SUM(C9:C11) -> 6841 | D8: =SUM(D9:D11) -> 3596 | E8: =SUM(E9:E11) -> 3245
A9: 1 | B9: Ping Sang(W) | C9: 3331 | D9: 1723 | E9: 1608
A10: 2 | B10: Auk Zay Tan(W) | C10: 2314 | D10: 1283 | E10: 1031
A11: 3 | B11: Ah Lel Paing(W) | C11: 1196 | D11: 590 | E11: 606
B12: Village Tract | C12: =SUM(C13:C29) -> 47308 | D12: =SUM(D13:D29) -> 23834 | E12: =SUM(E13:E29) -> 23474
A13: 1 | B13: Mongping(VT) | C13: 3352 | D13: 1675 | E13: 1677
A14: 2 | B14: Hawng Kan(VT) | C14: 2033 | D14: 1031 | E14: 1002
A15: 3 | B15: Wan Hpyit(VT) | C15: 695 | D15: 355 | E15: 340
A16: 4 | B16: Yang Hkam(VT) | C16: 2034 | D16: 985 | E16: 1049
A17: 5 | B17: Mong Pu Aun(VT) | C17: 2575 | D17: 1269 | E17: 1306
A18: 6 | B18: Mong Man(VT) | C18: 4662 | D18: 2388 | E18: 2274
A19: 7 | B19: Mong Hlan(VT) | C19: 1930 | D19: 988 | E19: 942
A20: 8 | B20: Wan Tar Hket(VT) | C20: 1823 | D20: 884 | E20: 939
A21: 9 | B21: Hpar Hkam(VT) | C21: 2248 | D21: 1137 | E21: 1111
A22: 10 | B22: Nawng Khit(VT) | C22: 1293 | D22: 683 | E22: 610
A23: 11 | B23: Hsin Mawng(VT) | C23: 2544 | D23: 1322 | E23: 1222
A24: 12 | B24: Tar Kaw(VT) | C24: 5325 | D24: 2670 | E24: 2655
... A29: 17 | B29: War Ton (Wan Ton)(VT) | C29: 2986 | D29: 1477 | E29: 1509

Sheet Minetung
A1: Shan State, Minesat District, Minetung Township
E2: 29-3-2014
A4: Sr | B4: Ward/Village Tract | C4: Population
C5: Total | D5: Male | E5: Female
B6: Total | C6: 21994 | D6: 12018 | E6: 9976
B8: Ward | C8: =SUM(C9:C11) -> 5819 | D8: =SUM(D9:D11) -> 3240 | E8: =SUM(E9:E11) -> 2579
A9: 1 | B9: Nawng Pa Yin(W) | C9: 2344 | D9: 1302 | E9: 1042
A10: 2 | B10: Myo Ma(W) | C10: 2721 | D10: 1486 | E10: 1235
A11: 3 | B11: Wan Mai(W) | C11: 754 | D11: 452 | E11: 302
B12: Village Tract | C12: 16175 | D12: 8778 | E12: 7397

Sheet Minekoke(Sub-Tsp)
A1: Shan State, Minesat District, Minekoke(Sub-Township)
E2: 29-3-2014
A4: Sr | B4: Ward/Village Tract | C4: Population
C5: Total | D5: Male | E5: Female
B6: Total | C6: 18096 | D6: 9543 | E6: 8553
B8: Ward | C8: =SUM(C9:C11) -> 1441 | D8: =SUM(D9:D11) -> 790 | E8: =SUM(E9:E11) -> 651
A9: 1 | B9: No(1)(W) | C9: 450 | D9: 242 | E9: 208
A10: 2 | B10: No(2)(W) | C10: 672 | D10: 359 | E10: 313
A11: 3 | B11: No(3)(W) | C11: 319 | D11: 189 | E11: 130
B12: Village Tract | C12: =SUM(C13:C19) -> 16655 | D12: =SUM(D13:D19) -> 8753 | E12: =SUM(E13:E19) -> 7902
A13: 1 | B13: Tant Hseng(VT) | C13: 3086 | D13: 1608 | E13: 1478
A14: 2 | B14: Loi Hsawng(VT) | C14: 2780 | D14: 1427 | E14: 1353
A15: 3 | B15: Mong Nin(VT) | C15: 3178 | D15: 1620 | E15: 1558
A16: 4 | B16: Hpan Hpu(VT) | C16: 1828 | D16: 971 | E16: 857
A17: 5 | B17: Nang Mun(VT) | C17: 842 | D17: 441 | E17: 401
A18: 6 | B18: Wan Kawng(VT) | C18: 3318 | D18: 1837 | E18: 1481
A19: 7 | B19: Mong Long(VT) | C19: 1623 | D19: 849 | E19: 774

Sheet Tontar (Sub-Tsp)
A1: Shan State, Minesat District, Tontar(Sub-Township)
E2: 29-3-2014
A4: Sr | B4: Ward/Village Tract | C4: Population
C5: Total | D5: Male | E5: Female
B6: Total | C6: 14684 | D6: 7562 | E6: 7122
B8: Ward | C8: =SUM(C9:C12) -> 2065 | D8: =SUM(D9:D12) -> 1073 | E8: =SUM(E9:E12) -> 992
A9: 1 | B9: No(1)(W) | C9: 207 | D9: 103 | E9: 104
A10: 2 | B10: No(2)(W) | C10: 560 | D10: 286 | E10: 274
A11: 3 | B11: No(3)(W) | C11: 1020 | D11: 555 | E11: 465
A12: 4 | B12: No(4)(W) | C12: 278 | D12: 129 | E12: 149
B13: Village Tract | C13: =SUM(C14:C20) -> 12619 | D13: =SUM(D14:D20) -> 6489 | E13: =SUM(E14:E20) -> 6130
A14: 1 | B14: Mong Shan(VT) | C14: 1563 | D14: 782 | E14: 781
A15: 2 | B15: Wan Mat Long(VT) | C15: 867 | D15: 440 | E15: 427
A16: 3 | B16: Hpar Waw(VT) | C16: 2591 | D16: 1334 | E16: 1257
A17: 4 | B17: Nam Sho(VT) | C17: 2769 | D17: 1430 | E17: 1339
A18: 5 | B18: Pang Nawng Long (Thit)(VT) | C18: 1942 | D18: 1031 | E18: 911
A19: 6 | B19: Nawng Kwe(VT) | C19: 1308 | D19: 662 | E19: 646
A20: 7 | B20: Pangwaun(VT) | C20: 1579 | D20: 810 | E20: 769

Sheet Ponparkyin(Sub-Tsp)
A1: Shan State, Minesat District, Ponparkyin(Sub- Township)
E2: 29-3-2014
A4: Sr | B4: Ward/Village Tract | C4: Population
C5: Total | D5: Male | E5: Female
B6: Total | C6: 43819 | D6: 23806 | E6: 20013
B8: Ward | C8: =SUM(C9:C13) -> 3201 | D8: =SUM(D9:D13) -> 1708 | E8: =SUM(E9:E13) -> 1493
A9: 1 | B9: No(1)(W) | C9: 718 | D9: 381 | E9: 337
A10: 2 | B10: No(2)(W) | C10: 465 | D10: 236 | E10: 229
A11: 3 | B11: No(3)(W) | C11: 1145 | D11: 653 | E11: 492
A12: 4 | B12: No(4)(W) | C12: 323 | D12: 163 | E12: 160
A13: 5 | B13: No(5)(W) | C13: 550 | D13: 275 | E13: 275
B14: Village Tract | C14: 40618 | D14: 22098 | E14: 18520

Sheet Monehta (Subn-Tsp)
A1: Shan State, Minesat District, Monehta(Sub- Township)
E2: 29-3-2014
A4: Sr | B4: Ward/Village Tract | C4: Population
C5: Total | D5: Male | E5: Female
B6: Total | C6: 4276 | D6: 2500 | E6: 1776
B8: Ward | C8: =SUM(C9:C11) -> 404 | D8: =SUM(D9:D11) -> 279 | E8: =SUM(E9:E11) -> 125
A9: 1 | B9: No(1)(W) | C9: 39 | D9: 21 | E9: 18
A10: 2 | B10: No(2)(W) | C10: 93 | D10: 88 | E10: 5
A11: 3 | B11: No(3)(W) | C11: 272 | D11: 170 | E11: 102
B12: Village Tract | C12: 3872 | D12: 2221 | E12: 1651

Sheet Tachileik
A1: Shan State, Tachileik District, Tachileik Township
E2: 29-3-2014
A4: Sr | B4: Ward/Village Tract | C4: Population
C5: Total | D5: Male | E5: Female
B6: Total | C6: 148021 | D6: 74827 | E6: 73194
B8: Ward | C8: =SUM(C9:C14) -> 51553 | D8: =SUM(D9:D14) -> 25146 | E8: =SUM(E9:E14) -> 26407
A9: 1 | B9: Pone Tun(W) | C9: 9048 | D9: 4439 | E9: 4609
A10: 2 | B10: Tar Lawt(W) | C10: 1537 | D10: 668 | E10: 869
A11: 3 | B11: Wan Kaung(W) | C11: 9998 | D11: 5113 | E11: 4885
A12: 4 | B12: Ma Ka Ho Hkam(W) | C12: 7937 | D12: 3788 | E12: 4149
A13: 5 | B13: Sang Hseng(W) | C13: 16787 | D13: 8030 | E13: 8757
A14: 6 | B14: Mae Khawng(W) | C14: 6246 | D14: 3108 | E14: 3138
B15: Village Tract | C15: =SUM(C16:C22) -> 96468 | D15: =SUM(D16:D22) -> 49681 | E15: =SUM(E16:E22) -> 46787
A16: 1 | B16: Loi Taw Hkam(VT) | C16: 9802 | D16: 5217 | E16: 4585
A17: 2 | B17: Hawng Leik(VT) | C17: 33339 | D17: 17205 | E17: 16134
A18: 3 | B18: Mong He(VT) | C18: 5462 | D18: 2897 | E18: 2565
A19: 4 | B19: Mong Koe(VT) | C19: 20037 | D19: 10308 | E19: 9729
A20: 5 | B20: Hpan Min(VT) | C20: 9713 | D20: 4914 | E20: 4799
A21: 6 | B21: Mong Hpone (Ka)(VT) | C21: 8511 | D21: 4342 | E21: 4169
A22: 7 | B22: Mong Hpone (Kha)(VT) | C22: 9604 | D22: 4798 | E22: 4806

Sheet Talay (Sub-Tsp)
A1: Shan State, Tachileik District, Talay(Sub- Township)
E2: 29-3-2014
A4: Sr | B4: Ward/Village Tract | C4: Population
C5: Total | D5: Male | E5: Female
B6: Total | C6: 18248 | D6: 9503 | E6: 8745
B8: Ward | C8: =SUM(C9:C12) -> 3969 | D8: =SUM(D9:D12) -> 2066 | E8: =SUM(E9:E12) -> 1903
A9: 1 | B9: No(1)(W) | C9: 919 | D9: 459 | E9: 460
A10: 2 | B10: No(2)(W) | C10: 784 | D10: 415 | E10: 369
A11: 3 | B11: No(3)(W) | C11: 1222 | D11: 592 | E11: 630
A12: 4 | B12: No(4)(W) | C12: 1044 | D12: 600 | E12: 444
B13: Village Tract | C13: =SUM(C14:C16) -> 14279 | D13: =SUM(D14:D16) -> 7437 | E13: =SUM(E14:E16) -> 6842
A14: 1 | B14: Nar Yawng(VT) | C14: 8222 | D14: 4298 | E14: 3924
A15: 2 | B15: Mong Lin(West)(VT) | C15: 3404 | D15: 1764 | E15: 1640
A16: 3 | B16: Mong Lin(East)(VT) | C16: 2653 | D16: 1375 | E16: 1278

Sheet Kenglat(Sub-Tsp)
A1: Shan State, Tachileik District, Kenglat(Sub-Township)
E2: 29-3-2014
A4: Sr | B4: Ward/Village Tract | C4: Population
C5: Total | D5: Male | E5: Female
B6: Total | C6: 11044 | D6: 5794 | E6: 5250
B8: Ward | C8: =SUM(C9:C11) -> 3245 | D8: =SUM(D9:D11) -> 1762 | E8: =SUM(E9:E11) -> 1483
A9: 1 | B9: No(1)(W) | C9: 1018 | D9: 534 | E9: 484
A10: 2 | B10: No(2)(W) | C10: 292 | D10: 160 | E10: 132
A11: 3 | B11: No(3)(W) | C11: 1935 | D11: 1068 | E11: 867
B12: Village Tract | C12: =SUM(C13:C15) -> 7799 | D12: =SUM(D13:D15) -> 4032 | E12: =SUM(E13:E15) -> 3767
A13: 1 | B13: Nam Hkin(VT) | C13: 3548 | D13: 1842 | E13: 1706
A14: 2 | B14: Mong Pa Hlyo(VT) | C14: 3042 | D14: 1561 | E14: 1481
A15: 3 | B15: Kyar Hkam Kyauk(VT) | C15: 1209 | D15: 629 | E15: 580

Sheet Minephyat
A1: Shan State, Minephyat District, Minephyat Township
E2: 29-3-2014
A4: Sr | B4: Ward/Village Tract | C4: Population
C5: Total | D5: Male | E5: Female
B6: Total | C6: 30556 | D6: 16209 | E6: 14347
B8: Ward | C8: =SUM(C9:C11) -> 6074 | D8: =SUM(D9:D11) -> 3251 | E8: =SUM(E9:E11) -> 2823
A9: 1 | B9: Wan Mai(W) | C9: 1773 | D9: 1005 | E9: 768
A10: 2 | B10: Zay Tan(W) | C10: 3458 | D10: 1830 | E10: 1628
A11: 3 | B11: Wan Whay(W) | C11: 843 | D11: 416 | E11: 427
B12: Village Tract | C12: =SUM(C13:C33) -> 24482 | D12: =SUM(D13:D33) -> 12958 | E12: =SUM(E13:E33) -> 11524
A13: 1 | B13: Mong Hpyat(VT) | C13: 3206 | D13: 1689 | E13: 1517
A14: 2 | B14: Wan Long(VT) | C14: 2420 | D14: 1427 | E14: 993
A15: 3 | B15: Nam Kone(VT) | C15: 1387 | D15: 718 | E15: 669
A16: 4 | B16: Nam Lauk(VT) | C16: 1368 | D16: 715 | E16: 653
A17: 5 | B17: Nam Nang(VT) | C17: 970 | D17: 509 | E17: 461
A18: 6 | B18: Mun Kar Kyawng(VT) | C18: 1144 | D18: 611 | E18: 533
A19: 7 | B19: Hsi Mun(VT) | C19: 137 | D19: 68 | E19: 69
A20: 8 | B20: Wan Pong(VT) | C20: 810 | D20: 408 | E20: 402
A21: 9 | B21: Aik Long(VT) | C21: 253 | D21: 143 | E21: 110
A22: 10 | B22: Hsar Lu(VT) | C22: 379 | D22: 212 | E22: 167
A23: 11 | B23: Aik Ngu(VT) | C23: 366 | D23: 191 | E23: 175
A24: 12 | B24: Hway Sho(VT) | C24: 239 | D24: 118 | E24: 121
... A33: 21 | B33: Nam Pang(VT) | C33: 4193 | D33: 2210 | E33: 1983

Sheet Mineyaung
A1: Shan State, Minephyat District, Mineyaung Township
E2: 29-3-2014
A4: Sr | B4: Ward/Village Tract | C4: Population
C5: Total | D5: Male | E5: Female
B6: Total | C6: 27559 | D6: 14410 | E6: 13149
B8: Ward | C8: =SUM(C9:C17) -> 4880 | D8: =SUM(D9:D17) -> 2483 | E8: =SUM(E9:E17) -> 2397
A9: 1 | B9: No(1)(W) | C9: 640 | D9: 304 | E9: 336
A10: 2 | B10: No(2)(W) | C10: 992 | D10: 512 | E10: 480
A11: 3 | B11: No(3)(W) | C11: 392 | D11: 193 | E11: 199
A12: 4 | B12: No(4)(W) | C12: 543 | D12: 277 | E12: 266
A13: 5 | B13: No(5)(W) | C13: 424 | D13: 215 | E13: 209
A14: 6 | B14: No(6)(W) | C14: 215 | D14: 112 | E14: 103
A15: 7 | B15: No(7)(W) | C15: 558 | D15: 285 | E15: 273
A16: 8 | B16: No(8)(W) | C16: 784 | D16: 397 | E16: 387
A17: 9 | B17: No(9)(W) | C17: 332 | D17: 188 | E17: 144
B18: Village Tract | C18: =SUM(C19:C27) -> 22679 | D18: =SUM(D19:D27) -> 11927 | E18: =SUM(E19:E27) -> 10752
A19: 1 | B19: Wan Boe(VT) | C19: 4045 | D19: 2067 | E19: 1978
A20: 2 | B20: Hawng Kyant(VT) | C20: 4006 | D20: 2085 | E20: 1921
A21: 3 | B21: Wan Kawng(VT) | C21: 1958 | D21: 1001 | E21: 957
A22: 4 | B22: Mong Laik(VT) | C22: 4350 | D22: 2371 | E22: 1979
A23: 5 | B23: Wan Tat(VT) | C23: 4136 | D23: 2172 | E23: 1964
A24: 6 | B24: Wan Man(VT) | C24: 2808 | D24: 1459 | E24: 1349
A25: 7 | B25: Wan Par Hoke(VT) | C25: 651 | D25: 354 | E25: 297
A26: 8 | B26: Hway Hpa(VT) | C26: 658 | D26: 378 | E26: 280
A27: 9 | B27: Wan Inn(VT) | C27: 67 | D27: 40 | E27: 27

Sheet Mineyu(Sub-Tsp)
A1: Shan State, Minephyat District, Mineyu(Sub- Township)
E2: 29-3-2014
A4: Sr | B4: Ward/Village Tract | C4: Population
C5: Total | D5: Male | E5: Female
B6: Total | C6: 52331 | D6: 27464 | E6: 24867
B8: Ward | C8: =SUM(C9) -> 972 | D8: =SUM(D9) -> 514 | E8: =SUM(E9) -> 458
A9: 1 | B9: Mongyu Myoma(W) | C9: 972 | D9: 514 | E9: 458
B11: Village Tract | C11: =SUM(C12:C25) -> 51359 | D11: =SUM(D12:D25) -> 26950 | E11: =SUM(E12:E25) -> 24409
A12: 1 | B12: Wan Htan Kyant(VT) | C12: 1954 | D12: 1117 | E12: 837
A13: 2 | B13: Wan Tun Nwet(VT) | C13: 350 | D13: 181 | E13: 169
A14: 3 | B14: Mong Lway(VT) | C14: 610 | D14: 322 | E14: 288
A15: 4 | B15: Wan Maing Phar Kyan(VT) | C15: 7803 | D15: 4110 | E15: 3693
A16: 5 | B16: Me Kaung(VT) | C16: 4180 | D16: 2190 | E16: 1990
A17: 6 | B17: Wan Kho(VT) | C17: 889 | D17: 489 | E17: 400
A18: 7 | B18: Maing khan(VT) | C18: 3430 | D18: 1793 | E18: 1637
A19: 8 | B19: Keng Htam(VT) | C19: 7634 | D19: 3882 | E19: 3752
A20: 9 | B20: WeinLone(VT) | C20: 4300 | D20: 2258 | E20: 2042
A21: 10 | B21: WanMaiLone(VT) | C21: 2226 | D21: 1166 | E21: 1060
A22: 11 | B22: Mong Hsaw(VT) | C22: 6123 | D22: 3218 | E22: 2905
A23: 12 | B23: DiShee(VT) | C23: 4380 | D23: 2280 | E23: 2100
... A25: 14 | B25: GyoWai(VT) | C25: 3253 | D25: 1758 | E25: 1495

Sheet Sheet2

Sheet Sheet3
