Workbook

Sheet List of Township
A1: List of Township
A2: 1 | B2: =Kangyidaunt!A1 -> Ayeyawady Region,Pathein District, Kangyidaunt Township
A3: 2 | B3: =Kyaungon!A1 -> Ayeyawady Region, Pathein District, Kyaungon Township
A4: 3 | B4: =Kyonpyaw!A1 -> Ayeyawady Region, Pathein District, Kyonpyaw Township
A5: 4 | B5: =Ngaputaw!A1 -> Ayeyawady Region, Pathein District, Ngaputaw Township
A6: 5 | B6: =Pathein!A1 -> Ayeyawady Region, Pathein District, Pathein Township
A7: 6 | B7: =Yekyi!A1 -> Ayeyawady Region, Pathein District, Yekyi Township
A8: 7 | B8: =Thapaung!A1 -> Ayeyawady Region, Pathein District,Thapaung Township
A9: 8 | B9: ='Ngayokaung(Sub-Tsp)'!A1 -> Ayeyawady Region,Pathein District,Ngayokaung (Sub-Township)
A10: 9 | B10: ='Hainggyikyun(Sub-Tsp)'!A1 -> Ayeyawady Region, Pathein District, Hainggyikyun (Sub-Township)
A11: 10 | B11: ='Shwethaungyan(Sub-Tsp)'!A1 -> Ayeyawady Region, Pathein District, Shwethaungyan (Sub-Township)
A12: 11 | B12: ='Ngwehsaung(Sub-Tsp)'!A1 -> Ayeyawady Region, Pathein District, Ngwehsaung(Sub-Township)
A13: 12 | B13: ='Ngathaingchaung(Sub-Tsp)'!A1 -> Ayeyawady Region, Pathein District,Ngathaingchaung(Sub-Township)
A14: 13 | B14: =Kyaiklatt!A1 -> Ayeyawady Region, Phyapon District, Kyaiklatt Township
A15: 14 | B15: =Daydaye!A1 -> Ayeyawady Region, Phyapon District, Daydaye Township
A16: 15 | B16: =Phyapon!A1 -> Ayeyawady Region, Phyapon District,Phyapon Township
A17: 16 | B17: =Bogale!A1 -> Ayeyawady Region, Phyapon District, Bogale Township
A18: 17 | B18: ='Ahmar(Sub-Tsp)'!A1 -> Ayeyawady Region, Phyapon District, Ahmar (Sub- Township)
A19: 18 | B19: =Nyaungdon!A1 -> Ayeyawady Region, Maubin District, Nyaungdon Township
A20: 19 | B20: =Danubyu!A1 -> Ayeyawady Region, Maubin District, Danubyu Township
A21: 20 | B21: =Pantanaw!A1 -> Ayeyawady Region, Maubin District, Pantanaw Township
A22: 21 | B22: =Maubin!A1 -> Ayeyawady Region, Maubin District, Maubin Township
A23: 22 | B23: =Myaungmya!A1 -> Ayeyawady Region, Myaungmya District, Myaungmya Township
A24: 23 | B24: =Wakema!A1 -> Ayeyawady Region, Myaungmya District, Wakema Township
A25: 24 | B25: =Einme!A1 -> Ayeyawady Region, Myaungmya District, Einme Township
A26: 25 | B26: =Mawlaminegyun!A1 -> Ayeyawady Region, Labutta District, Mawlamyinegyun Township
A27: 26 | B27: =Labutta!A1 -> Ayeyawady Region, Labutta District, Labutta Township
A28: 27 | B28: ='Pyinsalu(Sub-Tsp)'!A1 -> Ayeyawady Region, Labutta District, Pyinsalu (Sub- Township)
A29: 28 | B29: =Kyangin!A1 -> Ayeyawady Region, Hinthada District, Kyangin Township
A30: 29 | B30: =Zalun!A1 -> Ayeyawady Region, Hinthada District, Zalun Township
A31: 30 | B31: =Myanaung!A1 -> Ayeyawady Region, Hinthada District, Myanaung Township
A32: 31 | B32: =Laymyethna!A1 -> Ayeyawady Region, Hinthada District, Laymyethna Township
A33: 32 | B33: =Hinthada!A1 -> Ayeyawady Region, Hinthada District, Hinthada Township
A34: 33 | B34: =Ingapu!A1 -> Ayeyawady Region, Hinthada District, Ingapu Township

Sheet Kangyidaunt
A1: Ayeyawady Region,Pathein District, Kangyidaunt Township
E2: 29-3-2014
A4: Sr | B4: Ward/Village Tract | C4: Population
C5: Total | D5: Male | E5: Female
B6: Total | C6: =C8+C17 -> 177990 | D6: =D8+D17 -> 86897 | E6: =E8+E17 -> 91093
B8: Ward | C8: =SUM(C9:C15) -> 11092 | D8: =SUM(D9:D15) -> 5421 | E8: =SUM(E9:E15) -> 5671
A9: 1 | B9: No (1)(W) | C9: 5743 | D9: 2835 | E9: 2908
A10: 2 | B10: No (2)(W) | C10: 806 | D10: 368 | E10: 438
A11: 3 | B11: No (3)(W) | C11: 971 | D11: 507 | E11: 464
A12: 4 | B12: No (4)(W) | C12: 944 | D12: 446 | E12: 498
A13: 5 | B13: No (5)(W) | C13: 943 | D13: 441 | E13: 502
A14: 6 | B14: No (6)(W) | C14: 969 | D14: 480 | E14: 489
A15: 7 | B15: No (7)(W) | C15: 716 | D15: 344 | E15: 372
B17: Village Tract | C17: =SUM(C18:C90) -> 166898 | D17: =SUM(D18:D90) -> 81476 | E17: =SUM(E18:E90) -> 85422
A18: 1 | B18: Kyaik Lat(VT) | C18: 2012 | D18: 958 | E18: 1054
A19: 2 | B19: Ta Kone Gyi(VT) | C19: 3481 | D19: 1659 | E19: 1822
A20: 3 | B20: Khu Chaung(VT) | C20: 1965 | D20: 980 | E20: 985
A21: 4 | B21: Kyee Taw(VT) | C21: 988 | D21: 501 | E21: 487
A22: 5 | B22: Kyun Hlyar Shey(VT) | C22: 2902 | D22: 1466 | E22: 1436
A23: 6 | B23: Na Nwin Ga Yet(VT) | C23: 3679 | D23: 1787 | E23: 1892
A24: 7 | B24: Hpa Yar Chaung(VT) | C24: 2405 | D24: 1206 | E24: 1199
A25: 8 | B25: Kwin Yar (East)(VT) | C25: 1910 | D25: 904 | E25: 1006
A26: 9 | B26: Yway(VT) | C26: 834 | D26: 387 | E26: 447
A27: 10 | B27: Kyon Yat(VT) | C27: 2069 | D27: 1011 | E27: 1058
A28: 11 | B28: Ah Su Gyi(VT) | C28: 2127 | D28: 1037 | E28: 1090
A29: 12 | B29: Yae Twin Kone Lay(VT) | C29: 949 | D29: 454 | E29: 495
... A90: 73 | B90: Dee Doke(VT) | C90: 2053 | D90: 1043 | E90: 1010

Sheet Kyaungon
A1: Ayeyawady Region, Pathein District, Kyaungon Township
E2: 29-3-2014
A4: Sr | B4: Ward/Village Tract | C4: Population
C5: Total | D5: Male | E5: Female
B6: Total | C6: 163035 | D6: 78755 | E6: 84280
B8: Ward | C8: =SUM(C9:C11) -> 16052 | D8: =SUM(D9:D11) -> 7496 | E8: =SUM(E9:E11) -> 8556
A9: 1 | B9: Myauk Paing(W) | C9: 5141 | D9: 2428 | E9: 2713
A10: 2 | B10: Taung Paing(W) | C10: 6274 | D10: 2911 | E10: 3363
A11: 3 | B11: Ta Loke Kone(W) | C11: 4637 | D11: 2157 | E11: 2480
B13: Village Tract | C13: =SUM(C14:C78) -> 146983 | D13: =SUM(D14:D78) -> 71259 | E13: =SUM(E14:E78) -> 75724
A14: 1 | B14: Ka Nyin Thone Sint(VT) | C14: 3503 | D14: 1775 | E14: 1728
A15: 2 | B15: Kwin Gyi(VT) | C15: 5574 | D15: 2711 | E15: 2863
A16: 3 | B16: Ah Su Gyi(VT) | C16: 5261 | D16: 2556 | E16: 2705
A17: 4 | B17: Wet Chaung(VT) | C17: 2266 | D17: 1084 | E17: 1182
A18: 5 | B18: Kyaung Aing(VT) | C18: 2331 | D18: 1122 | E18: 1209
A19: 6 | B19: Moe Ma Kha(VT) | C19: 1601 | D19: 776 | E19: 825
A20: 7 | B20: Ywar Thar Kone(VT) | C20: 3910 | D20: 1909 | E20: 2001
A21: 8 | B21: Thit Seint Kone(VT) | C21: 4539 | D21: 2195 | E21: 2344
A22: 9 | B22: Kaing Tar(VT) | C22: 3047 | D22: 1492 | E22: 1555
A23: 10 | B23: Ta Khun Taing(VT) | C23: 2238 | D23: 1067 | E23: 1171
A24: 11 | B24: Za Yat Kwin(VT) | C24: 4267 | D24: 2165 | E24: 2102
A25: 12 | B25: Byaik(VT) | C25: 3500 | D25: 1700 | E25: 1800
... A78: 65 | B78: Hle Seik(VT) | C78: 4996 | D78: 2380 | E78: 2616

Sheet Kyonpyaw
A1: Ayeyawady Region, Pathein District, Kyonpyaw Township
E2: 29-3-2014
A4: Sr | B4: Ward/Village Tract | C4: Population
C5: Total | D5: Male | E5: Female
B6: Total | C6: 235727 | D6: 113738 | E6: 121989
B8: Ward | C8: =SUM(C9:C16) -> 23966 | D8: =SUM(D9:D16) -> 11315 | E8: =SUM(E9:E16) -> 12651
A9: 1 | B9: Tay Za(W) | C9: 2947 | D9: 1325 | E9: 1622
A10: 2 | B10: Mya Wa Di(W) | C10: 1948 | D10: 935 | E10: 1013
A11: 3 | B11: Pin Lon(W) | C11: 4295 | D11: 2101 | E11: 2194
A12: 4 | B12: Aung San(W) | C12: 7355 | D12: 3450 | E12: 3905
A13: 5 | B13: No (1)(W) | C13: 1719 | D13: 828 | E13: 891
A14: 6 | B14: No (2)(W) | C14: 2267 | D14: 1090 | E14: 1177
A15: 7 | B15: No (3)(W) | C15: 1709 | D15: 770 | E15: 939
A16: 8 | B16: No (4)(W) | C16: 1726 | D16: 816 | E16: 910
B18: Village Tract | C18: =SUM(C19:C107) -> 211761 | D18: =SUM(D19:D107) -> 102423 | E18: =SUM(E19:E107) -> 109338
A19: 1 | B19: Thaung(VT) | C19: 2474 | D19: 1182 | E19: 1292
A20: 2 | B20: Pyin Cha Seik(VT) | C20: 2204 | D20: 1044 | E20: 1160
A21: 3 | B21: Than Hlyet Sun(VT) | C21: 2638 | D21: 1322 | E21: 1316
A22: 4 | B22: La Har Paing(VT) | C22: 663 | D22: 326 | E22: 337
A23: 5 | B23: Htein Ngu Gyi(VT) | C23: 929 | D23: 441 | E23: 488
A24: 6 | B24: Kwin Thar(VT) | C24: 2475 | D24: 1178 | E24: 1297
A25: 7 | B25: Nyaung Pin Seik(VT) | C25: 2572 | D25: 1294 | E25: 1278
A26: 8 | B26: Za Yit Yoe(VT) | C26: 2338 | D26: 1122 | E26: 1216
A27: 9 | B27: Taw Chaung(VT) | C27: 3053 | D27: 1454 | E27: 1599
A28: 10 | B28: Kyee Aing(VT) | C28: 4581 | D28: 2214 | E28: 2367
A29: 11 | B29: Kone Thar Gyi(VT) | C29: 1976 | D29: 980 | E29: 996
A30: 12 | B30: Inn Hpyar(VT) | C30: 1619 | D30: 777 | E30: 842
... A107: 89 | B107: Thae Phyu Alel(VT) | C107: 5344 | D107: 2610 | E107: 2734

Sheet Ngaputaw
A1: Ayeyawady Region, Pathein District, Ngaputaw Township
E2: 29-3-2014
A4: Sr | B4: Ward/Village Tract | C4: Population
C5: Total | D5: Male | E5: Female
B6: Total | C6: 168776 | D6: 84182 | E6: 84594
B8: Ward | C8: =SUM(C9:C10) -> 10682 | D8: =SUM(D9:D10) -> 5072 | E8: =SUM(E9:E10) -> 5610
A9: 1 | B9: Myauk Paing(W) | C9: 6610 | D9: 3159 | E9: 3451
A10: 2 | B10: Taung Paing(W) | C10: 4072 | D10: 1913 | E10: 2159
B12: Village Tract | C12: =SUM(C13:C62) -> 158094 | D12: =SUM(D13:D62) -> 79110 | E12: =SUM(E13:E62) -> 78984
A13: 1 | B13: Ohn Pin Su(VT) | C13: 2584 | D13: 1268 | E13: 1316
A14: 2 | B14: Sin Oe Bo(VT) | C14: 1653 | D14: 812 | E14: 841
A15: 3 | B15: Thet Kei Chaung(VT) | C15: 1008 | D15: 505 | E15: 503
A16: 4 | B16: Wet Su(VT) | C16: 1188 | D16: 573 | E16: 615
A17: 5 | B17: Hpyan Yae Kyaw(VT) | C17: 1646 | D17: 836 | E17: 810
A18: 6 | B18: Leik Chaung(VT) | C18: 1371 | D18: 686 | E18: 685
A19: 7 | B19: Ok Pon Yae Kyaw(VT) | C19: 2517 | D19: 1174 | E19: 1343
A20: 8 | B20: Ah Wa Beik(VT) | C20: 5438 | D20: 2789 | E20: 2649
A21: 9 | B21: Hin Oe Chaung(VT) | C21: 2821 | D21: 1355 | E21: 1466
A22: 10 | B22: Ahr Kar(VT) | C22: 4986 | D22: 2609 | E22: 2377
A23: 11 | B23: Sin Ku Gyi(VT) | C23: 5954 | D23: 3024 | E23: 2930
A24: 12 | B24: Gon Nyin Tan(VT) | C24: 2267 | D24: 1186 | E24: 1081
... A62: 50 | B62: Thit Poke Hteik(VT) | C62: 1489 | D62: 743 | E62: 746

Sheet Pathein
A1: Ayeyawady Region, Pathein District, Pathein Township
E2: 29-3-2014
A4: Sr | B4: Ward/Village Tract | C4: Population
C5: Total | D5: Male | E5: Female
B6: Total | C6: 287071 | D6: 137663 | E6: 149408
B8: Ward | C8: =SUM(C9:C23) -> 169773 | D8: =SUM(D9:D23) -> 79524 | E8: =SUM(E9:E23) -> 90249
A9: 1 | B9: No (1)(W) | C9: 21263 | D9: 9734 | E9: 11529
A10: 2 | B10: No (2)(W) | C10: 13104 | D10: 5962 | E10: 7142
A11: 3 | B11: No (3)(W) | C11: 18412 | D11: 8407 | E11: 10005
A12: 4 | B12: No (4)(W) | C12: 9954 | D12: 4401 | E12: 5553
A13: 5 | B13: No (5)(W) | C13: 12304 | D13: 5682 | E13: 6622
A14: 6 | B14: No (6)(W) | C14: 12157 | D14: 5559 | E14: 6598
A15: 7 | B15: No (7)(W) | C15: 15910 | D15: 7489 | E15: 8421
A16: 8 | B16: No (8)(W) | C16: 16437 | D16: 7908 | E16: 8529
A17: 9 | B17: No (9)(W) | C17: 10621 | D17: 5083 | E17: 5538
A18: 10 | B18: No (10)(W) | C18: 6098 | D18: 2960 | E18: 3138
A19: 11 | B19: No (11)(W) | C19: 5970 | D19: 3230 | E19: 2740
A20: 12 | B20: No (12)(W) | C20: 4140 | D20: 1981 | E20: 2159
... A23: 15 | B23: No (15)(W) | C23: 6566 | D23: 3310 | E23: 3256
B25: Village Tract | C25: =SUM(C26:C65) -> 117298 | D25: =SUM(D26:D65) -> 58139 | E25: =SUM(E26:E65) -> 59159
A26: 1 | B26: Shan Kwin(VT) | C26: 2231 | D26: 1130 | E26: 1101
A27: 2 | B27: Shaw Pyar(VT) | C27: 6210 | D27: 3219 | E27: 2991
A28: 3 | B28: Ywar Thit(VT) | C28: 1538 | D28: 754 | E28: 784
A29: 4 | B29: Htan Kant Lant(VT) | C29: 2112 | D29: 1031 | E29: 1081
A30: 5 | B30: Kyauk Chaung Gyi(VT) | C30: 1914 | D30: 926 | E30: 988
A31: 6 | B31: Min Kone(VT) | C31: 1268 | D31: 653 | E31: 615
A32: 7 | B32: Ah Nan Kone(VT) | C32: 2859 | D32: 1445 | E32: 1414
A33: 8 | B33: Kan Ni(VT) | C33: 3083 | D33: 1555 | E33: 1528
A34: 9 | B34: Kyaung Pan Kone(VT) | C34: 1992 | D34: 991 | E34: 1001
A35: 10 | B35: Lin Win Gyi(VT) | C35: 3300 | D35: 1574 | E35: 1726
A36: 11 | B36: Kwin Kauk Gyi(VT) | C36: 1049 | D36: 516 | E36: 533
A37: 12 | B37: Pan Pin Seik(VT) | C37: 1789 | D37: 879 | E37: 910
... A65: 40 | B65: Forest EA | C65: 1322 | D65: 669 | E65: 653

Sheet Yekyi
A1: Ayeyawady Region, Pathein District, Yekyi Township
E2: 29-3-2014
A4: Sr | B4: Ward/Village Tract | C4: Population
C5: Total | D5: Male | E5: Female
B6: Total | C6: 105070 | D6: 49807 | E6: 55263
B8: Ward | C8: =SUM(C9:C13) -> 10627 | D8: =SUM(D9:D13) -> 4834 | E8: =SUM(E9:E13) -> 5793
A9: 1 | B9: Nay Win(W) | C9: 2384 | D9: 1088 | E9: 1296
A10: 2 | B10: Sa Yar San(W) | C10: 2014 | D10: 945 | E10: 1069
A11: 3 | B11: Aung San(W) | C11: 1764 | D11: 761 | E11: 1003
A12: 4 | B12: Ba Htu(W) | C12: 2902 | D12: 1324 | E12: 1578
A13: 5 | B13: Myo Ma(W) | C13: 1563 | D13: 716 | E13: 847
B15: Village Tract | C15: =SUM(C16:C71) -> 94443 | D15: =SUM(D16:D71) -> 44973 | E15: =SUM(E16:E71) -> 49470
A16: 1 | B16: Si Son Kone(VT) | C16: 219 | D16: 95 | E16: 124
A17: 2 | B17: Thin Gan Daunt(VT) | C17: 3123 | D17: 1421 | E17: 1702
A18: 3 | B18: Kyon Pa Doke(VT) | C18: 653 | D18: 305 | E18: 348
A19: 4 | B19: Ka Nyin Gwa(VT) | C19: 843 | D19: 408 | E19: 435
A20: 5 | B20: Pa Dauk Chaung(VT) | C20: 1096 | D20: 535 | E20: 561
A21: 6 | B21: Ma Yin Ku(VT) | C21: 919 | D21: 422 | E21: 497
A22: 7 | B22: Za Yat Hla(VT) | C22: 1565 | D22: 723 | E22: 842
A23: 8 | B23: Kyon Ma Yan(VT) | C23: 1591 | D23: 784 | E23: 807
A24: 9 | B24: Taung La Har(VT) | C24: 600 | D24: 282 | E24: 318
A25: 10 | B25: Nat Sin Ngu(VT) | C25: 1523 | D25: 742 | E25: 781
A26: 11 | B26: Kaing Ngu(VT) | C26: 1210 | D26: 565 | E26: 645
A27: 12 | B27: Hnget Thaik(VT) | C27: 1297 | D27: 609 | E27: 688
... A71: 56 | B71: Ah Thoke(VT) | C71: 11608 | D71: 5349 | E71: 6259

Sheet Thapaung
A1: Ayeyawady Region, Pathein District,Thapaung Township
E2: 29-3-2014
A4: Sr | B4: Ward/Village Tract | C4: Population
C5: Total | D5: Male | E5: Female
B6: Total | C6: 154400 | D6: 75663 | E6: 78737
B8: Ward | C8: =SUM(C9:C11) -> 7300 | D8: =SUM(D9:D11) -> 3423 | E8: =SUM(E9:E11) -> 3877
A9: 1 | B9: No (1)(W) | C9: 2163 | D9: 1009 | E9: 1154 | XEX9: =SUM(A9:XEW9) -> 4327
A10: 2 | B10: No (2)(W) | C10: 3240 | D10: 1520 | E10: 1720
A11: 3 | B11: No (3)(W) | C11: 1897 | D11: 894 | E11: 1003
B13: Village Tract | C13: =SUM(C14:C80) -> 147100 | D13: =SUM(D14:D80) -> 72240 | E13: =SUM(E14:E80) -> 74860
A14: 1 | B14: Kwet Pyin(VT) | C14: 2808 | D14: 1450 | E14: 1358
A15: 2 | B15: Kin Tat(VT) | C15: 2366 | D15: 1127 | E15: 1239
A16: 3 | B16: Khat Ti Ya(VT) | C16: 3017 | D16: 1457 | E16: 1560
A17: 4 | B17: Shwe Taung Kyun(VT) | C17: 1274 | D17: 596 | E17: 678
A18: 5 | B18: Ngawan Daunt Gyi(VT) | C18: 1594 | D18: 796 | E18: 798
A19: 6 | B19: Dar Ka Nyaung Kone(VT) | C19: 1016 | D19: 521 | E19: 495
A20: 7 | B20: Shwe Nyaung Pin(VT) | C20: 1456 | D20: 699 | E20: 757
A21: 8 | B21: Tha Min Kone(VT) | C21: 2194 | D21: 1095 | E21: 1099
A22: 9 | B22: Ein Soe Chaung(VT) | C22: 1497 | D22: 717 | E22: 780
A23: 10 | B23: Ka Nyin Pin(VT) | C23: 1441 | D23: 713 | E23: 728
A24: 11 | B24: Htan Zin Hla Kyoet Kone(VT) | C24: 1757 | D24: 857 | E24: 900
A25: 12 | B25: Dei Kone(VT) | C25: 2586 | D25: 1283 | E25: 1303
... A80: 67 | B80: Thit Hpyu(VT) | C80: 1387 | D80: 726 | E80: 661

Sheet Ngayokaung(Sub-Tsp)
A1: Ayeyawady Region,Pathein District,Ngayokaung (Sub-Township)
E2: 29-3-2014
A4: Sr | B4: Ward/Village Tract | C4: Population
C5: Total | D5: Male | E5: Female
B6: Total | C6: 41194 | D6: 20915 | E6: 20279
B8: Ward | C8: =SUM(C9:C10) -> 3256 | D8: =SUM(D9:D10) -> 1568 | E8: =SUM(E9:E10) -> 1688
A9: 1 | B9: No (1)(W) | C9: 1343 | D9: 635 | E9: 708
A10: 2 | B10: No (2)(W) | C10: 1913 | D10: 933 | E10: 980
B12: Village Tract | C12: =SUM(C13:C23) -> 37938 | D12: =SUM(D13:D23) -> 19347 | E12: =SUM(E13:E23) -> 18591
A13: 1 | B13: Tin Chaung(VT) | C13: 9430 | D13: 5014 | E13: 4416
A14: 2 | B14: Nan Thar Pu(VT) | C14: 2360 | D14: 1227 | E14: 1133
A15: 3 | B15: Nat Hmaw(VT) | C15: 2046 | D15: 1015 | E15: 1031
A16: 4 | B16: Thit Yaung(VT) | C16: 5005 | D16: 2555 | E16: 2450
A17: 5 | B17: Yae Kyaw(VT) | C17: 2328 | D17: 1175 | E17: 1153
A18: 6 | B18: Pan Hmaw(VT) | C18: 1912 | D18: 933 | E18: 979
A19: 7 | B19: Sa Par Gyi(VT) | C19: 3206 | D19: 1622 | E19: 1584
A20: 8 | B20: Kwin Bet(VT) | C20: 3203 | D20: 1578 | E20: 1625
A21: 9 | B21: Kyway Chaing(VT) | C21: 1362 | D21: 707 | E21: 655
A22: 10 | B22: Thea Hpy (VT) | C22: 2689 | D22: 1328 | E22: 1361
A23: 11 | B23: Moe Tein Pyin(VT) | C23: 4397 | D23: 2193 | E23: 2204

Sheet Hainggyikyun(Sub-Tsp)
A1: Ayeyawady Region, Pathein District, Hainggyikyun (Sub-Township)
E2: 29-3-2014
A4: Sr | B4: Ward/Village Tract | C4: Population
C5: Total | D5: Male | E5: Female
B6: Total | C6: 114509 | D6: 57915 | E6: 56594
B8: Ward | C8: =SUM(C9:C11) -> 14794 | D8: =SUM(D9:D11) -> 7765 | E8: =SUM(E9:E11) -> 7029
A9: 1 | B9: No (1)(W) | C9: 4849 | D9: 2366 | E9: 2483
A10: 2 | B10: No (2)(W) | C10: 2406 | D10: 1473 | E10: 933
A11: 3 | B11: No (3)(W) | C11: 7539 | D11: 3926 | E11: 3613
B13: Village Tract | C13: =SUM(C14:C35) -> 99715 | D13: =SUM(D14:D35) -> 50150 | E13: =SUM(E14:E35) -> 49565
A14: 1 | B14: Thea Kone Gyi(VT) | C14: 2199 | D14: 1044 | E14: 1155
A15: 2 | B15: Nga Pyay Ma(VT) | C15: 2819 | D15: 1427 | E15: 1392
A16: 3 | B16: Me Kha Ye(VT) | C16: 3431 | D16: 1735 | E16: 1696
A17: 4 | B17: Myo Thit(VT) | C17: 6040 | D17: 3029 | E17: 3011
A18: 5 | B18: Dee Du Kone(VT) | C18: 10122 | D18: 5154 | E18: 4968
A19: 6 | B19: Kyon Ku(VT) | C19: 4043 | D19: 1952 | E19: 2091
A20: 7 | B20: Hpa Yar Hla(VT) | C20: 3021 | D20: 1487 | E20: 1534
A21: 8 | B21: Nyaung Waing(VT) | C21: 2777 | D21: 1452 | E21: 1325
A22: 9 | B22: Ye Khaung Gyi(VT) | C22: 1200 | D22: 611 | E22: 589
A23: 10 | B23: Yae Kyaw Auk(VT) | C23: 2512 | D23: 1245 | E23: 1267
A24: 11 | B24: War Kone(VT) | C24: 3234 | D24: 1631 | E24: 1603
A25: 12 | B25: Pyin Kha Yaing(VT) | C25: 7815 | D25: 3771 | E25: 4044
... A35: 22 | B35: Chaung Wa(VT) | C35: 5169 | D35: 2578 | E35: 2591

Sheet Shwethaungyan(Sub-Tsp)
A1: Ayeyawady Region, Pathein District, Shwethaungyan (Sub-Township)
E2: 29-3-2014
A4: Sr | B4: Ward/Village Tract | C4: Population
C5: Total | D5: Male | E5: Female
B6: Total | C6: 49538 | D6: 24490 | E6: 25048
B8: Ward | C8: =SUM(C9:C11) -> 3180 | D8: =SUM(D9:D11) -> 1599 | E8: =SUM(E9:E11) -> 1581
A9: 1 | B9: No (1)(W) | C9: 920 | D9: 455 | E9: 465
A10: 2 | B10: No (2)(W) | C10: 1743 | D10: 866 | E10: 877
A11: 3 | B11: No (3)(W) | C11: 517 | D11: 278 | E11: 239
B13: Village Tract | C13: =SUM(C14:C18) -> 46358 | D13: =SUM(D14:D18) -> 22891 | E13: =SUM(E14:E18) -> 23467
A14: 1 | B14: Chaung Thar(VT) | C14: 29721 | D14: 14533 | E14: 15188
A15: 2 | B15: Thea Kone(VT) | C15: 4529 | D15: 2246 | E15: 2283
A16: 3 | B16: Tha Bawt Kan(VT) | C16: 2735 | D16: 1443 | E16: 1292
A17: 4 | B17: Baw Mi(VT) | C17: 4073 | D17: 2007 | E17: 2066
A18: 5 | B18: Ma Gyi Zin(VT) | C18: 5300 | D18: 2662 | E18: 2638

Sheet Ngwehsaung(Sub-Tsp)
A1: Ayeyawady Region, Pathein District, Ngwehsaung(Sub-Township)
E2: 29-3-2014
A4: Sr | B4: Ward/Village Tract | C4: Population
C5: Total | D5: Male | E5: Female
B6: Total | C6: 44376 | D6: 22651 | E6: 21725
B8: Ward | C8: =SUM(C9:C12) -> 14489 | D8: =SUM(D9:D12) -> 7596 | E8: =SUM(E9:E12) -> 6893
A9: 1 | B9: No (1)(W) | C9: 2328 | D9: 1172 | E9: 1156
A10: 2 | B10: No (2)(W) | C10: 3217 | D10: 1611 | E10: 1606
A11: 3 | B11: No (3)(W) | C11: 4702 | D11: 2498 | E11: 2204
A12: 4 | B12: No (4)(W) | C12: 4242 | D12: 2315 | E12: 1927
B14: Village Tract | C14: =SUM(C15:C23) -> 29887 | D14: =SUM(D15:D23) -> 15055 | E14: =SUM(E15:E23) -> 14832
A15: 1 | B15: Nga Kwa(VT) | C15: 4487 | D15: 2244 | E15: 2243
A16: 2 | B16: Kyet Tu Yway(VT) | C16: 2136 | D16: 1081 | E16: 1055
A17: 3 | B17: Ah Lel/Ah Lel Kone(VT) | C17: 3092 | D17: 1519 | E17: 1573
A18: 4 | B18: Tha Lat Khwar(VT) | C18: 2880 | D18: 1416 | E18: 1464
A19: 5 | B19: Ma Tawt Kone(VT) | C19: 4156 | D19: 2143 | E19: 2013
A20: 6 | B20: Lay Myet Hnar Kone(VT) | C20: 1060 | D20: 542 | E20: 518
A21: 7 | B21: Ta Zin(VT) | C21: 6553 | D21: 3319 | E21: 3234
A22: 8 | B22: Sin Ma(VT) | C22: 3295 | D22: 1655 | E22: 1640
A23: 9 | B23: Kyauk Hpyar(VT) | C23: 2228 | D23: 1136 | E23: 1092

Sheet Ngathaingchaung(Sub-Tsp)
A1: Ayeyawady Region, Pathein District,Ngathaingchaung(Sub-Township)
E2: 29-3-2014
A4: Sr | B4: Ward/Village Tract | C4: Population
C5: Total | D5: Male | E5: Female
B6: Total | C6: 89030 | D6: 42580 | E6: 46450
B8: Ward | C8: =SUM(C9:C14) -> 18743 | D8: =SUM(D9:D14) -> 8696 | E8: =SUM(E9:E14) -> 10047
A9: 1 | B9: Shey Saung(W) | C9: 2423 | D9: 1136 | E9: 1287
A10: 2 | B10: Myo Ma(W) | C10: 2159 | D10: 947 | E10: 1212
A11: 3 | B11: Nga Wun(W) | C11: 2556 | D11: 1178 | E11: 1378
A12: 4 | B12: Thaung Tan (Aung San)(W) | C12: 2854 | D12: 1304 | E12: 1550
A13: 5 | B13: Myo Thit(W) | C13: 4971 | D13: 2336 | E13: 2635
A14: 6 | B14: Shwe Bo(W) | C14: 3780 | D14: 1795 | E14: 1985
B16: Village Tract | C16: =SUM(C17:C48) -> 70287 | D16: =SUM(D17:D48) -> 33884 | E16: =SUM(E17:E48) -> 36403
A17: 1 | B17: Myet To(VT) | C17: 1235 | D17: 584 | E17: 651
A18: 2 | B18: Kone Pyin(VT) | C18: 4263 | D18: 2022 | E18: 2241
A19: 3 | B19: Meik Tha Lin(VT) | C19: 1667 | D19: 815 | E19: 852
A20: 4 | B20: Gway Tauk(VT) | C20: 3511 | D20: 1778 | E20: 1733
A21: 5 | B21: Thaung Gyi(VT) | C21: 5613 | D21: 2647 | E21: 2966
A22: 6 | B22: Myit Se(VT) | C22: 1500 | D22: 695 | E22: 805
A23: 7 | B23: Ma Au Kone(VT) | C23: 2675 | D23: 1256 | E23: 1419
A24: 8 | B24: Daunt Gyi Bet (VT) | C24: 2575 | D24: 1180 | E24: 1395
A25: 9 | B25: Tha Yet Chaung(VT) | C25: 3871 | D25: 1850 | E25: 2021
A26: 10 | B26: Kwin Chaung(VT) | C26: 2289 | D26: 1139 | E26: 1150
A27: 11 | B27: Hpan Khar Pin(VT) | C27: 1471 | D27: 708 | E27: 763
A28: 12 | B28: Nyaung Pin Thar(VT) | C28: 1214 | D28: 624 | E28: 590
... A48: 32 | B48: Kyat Kwin(VT) | C48: 1226 | D48: 545 | E48: 681

Sheet Kyaiklatt
A1: Ayeyawady Region, Phyapon District, Kyaiklatt Township
E2: 29-3-2014
A4: Sr | B4: Ward/Village Tract | C4: Population
C5: Total | D5: Male | E5: Female
B6: Total | C6: 193340 | D6: 94837 | E6: 98503
B8: Ward | C8: =SUM(C9:C14) -> 24479 | D8: =SUM(D9:D14) -> 11719 | E8: =SUM(E9:E14) -> 12760
A9: 1 | B9: No (1)(W) | C9: 4460 | D9: 2159 | E9: 2301
A10: 2 | B10: No (2)(W) | C10: 3114 | D10: 1437 | E10: 1677
A11: 3 | B11: No (3)(W) | C11: 2514 | D11: 1198 | E11: 1316
A12: 4 | B12: No (4)(W) | C12: 3780 | D12: 1776 | E12: 2004
A13: 5 | B13: No (5)(W) | C13: 7180 | D13: 3452 | E13: 3728
A14: 6 | B14: No (6)(W) | C14: 3431 | D14: 1697 | E14: 1734
B16: Village Tract | C16: =SUM(C17:C103) -> 168861 | D16: =SUM(D17:D103) -> 83118 | E16: =SUM(E17:E103) -> 85743
A17: 1 | B17: Kywe Ku Kha Yar Yoe(VT) | C17: 2800 | D17: 1334 | E17: 1466
A18: 2 | B18: Hlaing Tar(VT) | C18: 4069 | D18: 1935 | E18: 2134
A19: 3 | B19: Hpaung Yoe Chaung(VT) | C19: 2457 | D19: 1176 | E19: 1281
A20: 4 | B20: Lay Ein Tan(VT) | C20: 1940 | D20: 923 | E20: 1017
A21: 5 | B21: Ka Taik(VT) | C21: 3210 | D21: 1614 | E21: 1596
A22: 6 | B22: Sin Tar(VT) | C22: 2415 | D22: 1195 | E22: 1220
A23: 7 | B23: Yone Daunt(VT) | C23: 4200 | D23: 1976 | E23: 2224
A24: 8 | B24: Taung Boet Gyi(VT) | C24: 1553 | D24: 776 | E24: 777
A25: 9 | B25: Kyaung Su(VT) | C25: 2140 | D25: 1099 | E25: 1041
A26: 10 | B26: Kyon Kyaik(VT) | C26: 2896 | D26: 1426 | E26: 1470
A27: 11 | B27: Ein Yar Gyi(VT) | C27: 4016 | D27: 1972 | E27: 2044
A28: 12 | B28: Ta Nyi(VT) | C28: 2949 | D28: 1396 | E28: 1553
... A103: 87 | B103: Kaing Chaung(VT) | C103: 1567 | D103: 774 | E103: 793

Sheet Daydaye
A1: Ayeyawady Region, Phyapon District, Daydaye Township
E2: 29-3-2014
A4: Sr | B4: Ward/Village Tract | C4: Population
C5: Total | D5: Male | E5: Female
B6: Total | C6: 202926 | D6: 99614 | E6: 103312
B8: Ward | C8: =SUM(C9:C11) -> 15320 | D8: =SUM(D9:D11) -> 7231 | E8: =SUM(E9:E11) -> 8089
A9: 1 | B9: No (1)(W) | C9: 3841 | D9: 1788 | E9: 2053
A10: 2 | B10: No (2)(W) | C10: 7292 | D10: 3479 | E10: 3813
A11: 3 | B11: No (3)(W) | C11: 4187 | D11: 1964 | E11: 2223
B13: Village Tract | C13: =SUM(C14:C103) -> 187606 | D13: =SUM(D14:D103) -> 92383 | E13: =SUM(E14:E103) -> 95223
A14: 1 | B14: Hpa Yar Ka Lay(VT) | C14: 2481 | D14: 1248 | E14: 1233
A15: 2 | B15: Da None Chaung(VT) | C15: 1960 | D15: 930 | E15: 1030
A16: 3 | B16: Dar Ma Thein(VT) | C16: 1524 | D16: 713 | E16: 811
A17: 4 | B17: Gon Min Kwin(VT) | C17: 2424 | D17: 1152 | E17: 1272
A18: 5 | B18: Hpa Yar Chaung(VT) | C18: 1495 | D18: 743 | E18: 752
A19: 6 | B19: Thet Kei Chaung(VT) | C19: 2473 | D19: 1224 | E19: 1249
A20: 7 | B20: Kyon Thin(VT) | C20: 2929 | D20: 1461 | E20: 1468
A21: 8 | B21: Boe Toke(VT) | C21: 1439 | D21: 701 | E21: 738
A22: 9 | B22: Yae Pu Wa(VT) | C22: 1687 | D22: 842 | E22: 845
A23: 10 | B23: War Ka Mei(VT) | C23: 1890 | D23: 969 | E23: 921
A24: 11 | B24: Kyon Boke(VT) | C24: 2561 | D24: 1293 | E24: 1268
A25: 12 | B25: Chaung Hpyar(VT) | C25: 1706 | D25: 812 | E25: 894
... A103: 90 | B103: Ta Mawt Wa(VT) | C103: 1671 | D103: 792 | E103: 879

Sheet Phyapon
A1: Ayeyawady Region, Phyapon District,Phyapon Township
E2: 29-3-2014
A4: Sr | B4: Ward/Village Tract | C4: Population
C5: Total | D5: Male | E5: Female
B6: Total | C6: 187343 | D6: 91912 | E6: 95431
B8: Ward | C8: =SUM(C9:C27) -> 49128 | D8: =SUM(D9:D27) -> 23992 | E8: =SUM(E9:E27) -> 25136
A9: 1 | B9: No (1) (Da Ni Taw)(W) | C9: 3041 | D9: 1515 | E9: 1526
A10: 2 | B10: No (2) (Zay Paing)(W) | C10: 1056 | D10: 464 | E10: 592
A11: 3 | B11: No (3) (Myo U )(W) | C11: 2959 | D11: 1360 | E11: 1599
A12: 4 | B12: No (4) (Ma Gyi Tan)(W) | C12: 1812 | D12: 915 | E12: 897
A13: 5 | B13: No (5) (Ywa Lel Hpa Yar)(W) | C13: 1146 | D13: 578 | E13: 568
A14: 6 | B14: No (6) (Thin Baw Seik)(W) | C14: 1268 | D14: 592 | E14: 676
A15: 7 | B15: No (7) (Shwe Gu Chaung)(W) | C15: 2862 | D15: 1366 | E15: 1496
A16: 8 | B16: No (8) (Ah Pyaung )(W) | C16: 1226 | D16: 569 | E16: 657
A17: 9 | B17: No (9) (Kwet Thit (North) )(W) | C17: 1100 | D17: 540 | E17: 560
A18: 10 | B18: No (10) Kwet Thit (Middle) (W) | C18: 1239 | D18: 571 | E18: 668
A19: 11 | B19: No (11) (Kwet Thit (South) )(W) | C19: 1533 | D19: 758 | E19: 775
A20: 12 | B20: No (12) (Sit Tan)(W) | C20: 2627 | D20: 1417 | E20: 1210
... A27: 19 | B27: No (19) Ward (Tu Myaung )(W) | C27: 2903 | D27: 1434 | E27: 1469
B29: Village Tract | C29: =SUM(C30:C72) -> 138215 | D29: =SUM(D30:D72) -> 67920 | E29: =SUM(E30:E72) -> 70295
A30: 1 | B30: Kyon Tar Shan Kwin(VT) | C30: 4163 | D30: 2021 | E30: 2142
A31: 2 | B31: Tha Leik Gyi(VT) | C31: 4204 | D31: 2084 | E31: 2120
A32: 3 | B32: Gyo War Kyauk Ye Su(VT) | C32: 2325 | D32: 1118 | E32: 1207
A33: 4 | B33: Kyon Soke Gon Hnyin Tan(VT) | C33: 1510 | D33: 720 | E33: 790
A34: 5 | B34: Min Hla Su(VT) | C34: 765 | D34: 386 | E34: 379
A35: 6 | B35: Gyo War Kyan Khin Su | C35: 3725 | D35: 1872 | E35: 1853
A36: 7 | B36: Chaung Twin(VT) | C36: 7445 | D36: 3702 | E36: 3743
A37: 8 | B37: Kyon Ku(VT) | C37: 8674 | D37: 4267 | E37: 4407
A38: 9 | B38: Ah Pyaung(VT) | C38: 5758 | D38: 2793 | E38: 2965
A39: 10 | B39: Auk Kwin Gyi(VT) | C39: 5090 | D39: 2585 | E39: 2505
A40: 11 | B40: Hmaw Bi(VT) | C40: 2384 | D40: 1199 | E40: 1185
A41: 12 | B41: Ah Char Ah Htet (Aung Thar Yar)(VT) | C41: 2106 | D41: 1015 | E41: 1091
... A72: 43 | B72: Ah See Ka Lay(VT) | C72: 1824 | D72: 876 | E72: 948

Sheet Bogale
A1: Ayeyawady Region, Phyapon District, Bogale Township
E2: 29-3-2014
A4: Sr | B4: Ward/Village Tract | C4: Population
C5: Total | D5: Male | E5: Female
B6: Total | C6: 322665 | D6: 159296 | E6: 163369
B8: Ward | C8: =SUM(C9:C18) -> 43224 | D8: =SUM(D9:D18) -> 20530 | E8: =SUM(E9:E18) -> 22694
A9: 1 | B9: No (1)(W) | C9: 2325 | D9: 1100 | E9: 1225
A10: 2 | B10: No (2)(W) | C10: 3313 | D10: 1527 | E10: 1786
A11: 3 | B11: No (3)(W) | C11: 2876 | D11: 1339 | E11: 1537
A12: 4 | B12: No (4)(W) | C12: 3746 | D12: 1702 | E12: 2044
A13: 5 | B13: No (5)(W) | C13: 2676 | D13: 1311 | E13: 1365
A14: 6 | B14: No (6)(W) | C14: 7591 | D14: 3635 | E14: 3956
A15: 7 | B15: No (7)(W) | C15: 6018 | D15: 2854 | E15: 3164
A16: 8 | B16: No (8)(W) | C16: 4982 | D16: 2286 | E16: 2696
A17: 9 | B17: No (9) (W) | C17: 5133 | D17: 2529 | E17: 2604
A18: 10 | B18: No (10)(W) | C18: 4564 | D18: 2247 | E18: 2317
B20: Village Tract | C20: =SUM(C21:C91) -> 279441 | D20: =SUM(D21:D91) -> 138766 | E20: =SUM(E21:E91) -> 140675
A21: 1 | B21: Lin Taing(VT) | C21: 1974 | D21: 972 | E21: 1002
A22: 2 | B22: Kan Su (East)(VT) | C22: 1802 | D22: 890 | E22: 912
A23: 3 | B23: Yoke Saing(VT) | C23: 1389 | D23: 686 | E23: 703
A24: 4 | B24: Kan Gyi(VT) | C24: 1197 | D24: 587 | E24: 610
A25: 5 | B25: Ma Yeit Ywar Thit(VT) | C25: 2461 | D25: 1191 | E25: 1270
A26: 6 | B26: Kun Pin(VT) | C26: 699 | D26: 331 | E26: 368
A27: 7 | B27: Hlwa Htaung Su(VT) | C27: 1742 | D27: 829 | E27: 913
A28: 8 | B28: Pan Be Su(VT) | C28: 2233 | D28: 1091 | E28: 1142
A29: 9 | B29: Pyin Ma Kone(VT) | C29: 1625 | D29: 810 | E29: 815
A30: 10 | B30: Kyon Sa Lu(VT) | C30: 2246 | D30: 1087 | E30: 1159
A31: 11 | B31: Auk Hle Seik(VT) | C31: 2761 | D31: 1320 | E31: 1441
A32: 12 | B32: Sein Haing(VT) | C32: 2164 | D32: 1063 | E32: 1101
... A91: 71 | B91: Ka Don Ka Ni(VT) | C91: 14715 | D91: 7213 | E91: 7502

Sheet Ahmar(Sub-Tsp)
A1: Ayeyawady Region, Phyapon District, Ahmar (Sub- Township)
E2: 29-3-2014
A4: Sr | B4: Ward/Village Tract | C4: Population
C5: Total | D5: Male | E5: Female
B6: Total | C6: 126779 | D6: 63694 | E6: 63085
B8: Ward | C8: =SUM(C9:C12) -> 3358 | D8: =SUM(D9:D12) -> 1673 | E8: =SUM(E9:E12) -> 1685
A9: 1 | B9: No (1)(W) | C9: 1379 | D9: 687 | E9: 692
A10: 2 | B10: No (2)(W) | C10: 826 | D10: 395 | E10: 431
A11: 3 | B11: No (3)(W) | C11: 651 | D11: 335 | E11: 316
A12: 4 | B12: No (4)(W) | C12: 502 | D12: 256 | E12: 246
B14: Village Tract | C14: =SUM(C15:C23) -> 123421 | D14: =SUM(D15:D23) -> 62021 | E14: =SUM(E15:E23) -> 61400
A15: 1 | B15: Day Da Lu(VT) | C15: 23165 | D15: 11717 | E15: 11448
A16: 2 | B16: Daw Nyein(VT) | C16: 26061 | D16: 13077 | E16: 12984
A17: 3 | B17: Myo Kone(VT) | C17: 6428 | D17: 3155 | E17: 3273
A18: 4 | B18: Ba Wa Thit | C18: 22518 | D18: 11199 | E18: 11319
A19: 5 | B19: Tei Pin Seik(VT) | C19: 17415 | D19: 8800 | E19: 8615
A20: 6 | B20: Boe Ba Kone(VT) | C20: 3598 | D20: 1760 | E20: 1838
A21: 7 | B21: Kyaung Kone(VT) | C21: 3119 | D21: 1540 | E21: 1579
A22: 8 | B22: Seik Ma(VT) | C22: 6665 | D22: 3291 | E22: 3374
A23: 9 | B23: Nauk Mee(VT) | C23: 14452 | D23: 7482 | E23: 6970

Sheet Nyaungdon
A1: Ayeyawady Region, Maubin District, Nyaungdon Township
E2: 29-3-2014
A4: Sr | B4: Ward/Village Tract | C4: Population
C5: Total | D5: Male | E5: Female
B6: Total | C6: 215906 | D6: 105713 | E6: 110193
B8: Ward | C8: =SUM(C9:C18) -> 24455 | D8: =SUM(D9:D18) -> 11566 | E8: =SUM(E9:E18) -> 12889
A9: 1 | B9: No (1)(W) | C9: 1721 | D9: 817 | E9: 904
A10: 2 | B10: No (2)(W) | C10: 1208 | D10: 591 | E10: 617
A11: 3 | B11: No (3)(W) | C11: 1753 | D11: 812 | E11: 941
A12: 4 | B12: No (4)(W) | C12: 2077 | D12: 967 | E12: 1110
A13: 5 | B13: No (5)(W) | C13: 1442 | D13: 669 | E13: 773
A14: 6 | B14: No (6)(W) | C14: 3507 | D14: 1693 | E14: 1814
A15: 7 | B15: No (7)(W) | C15: 3637 | D15: 1766 | E15: 1871
A16: 8 | B16: No (8)(W) | C16: 3707 | D16: 1668 | E16: 2039
A17: 9 | B17: No (9)(W) | C17: 3179 | D17: 1505 | E17: 1674
A18: 10 | B18: No (10)(W) | C18: 2224 | D18: 1078 | E18: 1146
B20: Village Tract | C20: =SUM(C21:C64) -> 191451 | D20: =SUM(D21:D64) -> 94147 | E20: =SUM(E21:E64) -> 97304
A21: 1 | B21: Ah Lel Chaung(VT) | C21: 2304 | D21: 1088 | E21: 1216
A22: 2 | B22: Auk Se(VT) | C22: 4546 | D22: 2250 | E22: 2296
A23: 3 | B23: Ah Ywea(VT) | C23: 2136 | D23: 1056 | E23: 1080
A24: 4 | B24: Byaw Tha Lan(VT) | C24: 2305 | D24: 1183 | E24: 1122
A25: 5 | B25: Chaung Gyi(VT) | C25: 4353 | D25: 2154 | E25: 2199
A26: 6 | B26: Gon Min Seik(VT) | C26: 2601 | D26: 1193 | E26: 1408
A27: 7 | B27: Gan Chaung(VT) | C27: 3394 | D27: 1668 | E27: 1726
A28: 8 | B28: Hnget Pyaw Kyun(VT) | C28: 6905 | D28: 3387 | E28: 3518
A29: 9 | B29: Inn Ma(VT) | C29: 2547 | D29: 1268 | E29: 1279
A30: 10 | B30: Ka Toke Ka Ma(VT) | C30: 1946 | D30: 1002 | E30: 944
A31: 11 | B31: Kun Thee Pin(VT) | C31: 3619 | D31: 1718 | E31: 1901
A32: 12 | B32: Kyaung Su(VT) | C32: 3449 | D32: 1751 | E32: 1698
... A64: 44 | B64: Par Hleit (Upper)(VT) | C64: 4048 | D64: 1931 | E64: 2117

Sheet Danubyu
A1: Ayeyawady Region, Maubin District, Danubyu Township
E2: 29-3-2014
A4: Sr | B4: Ward/Village Tract | C4: Population
C5: Total | D5: Male | E5: Female
B6: Total | C6: 179353 | D6: 85775 | E6: 93578
B8: Ward | C8: =SUM(C9:C26) -> 21762 | D8: =SUM(D9:D26) -> 9977 | E8: =SUM(E9:E26) -> 11785
A9: 1 | B9: No(1)(W) | C9: 1372 | D9: 632 | E9: 740
A10: 2 | B10: No(2)(W) | C10: 1099 | D10: 508 | E10: 591
A11: 3 | B11: No(3)(W) | C11: 499 | D11: 236 | E11: 263
A12: 4 | B12: No(4)(W) | C12: 523 | D12: 257 | E12: 266
A13: 5 | B13: No(5)(W) | C13: 419 | D13: 184 | E13: 235
A14: 6 | B14: No(6)(W) | C14: 451 | D14: 200 | E14: 251
A15: 7 | B15: No(7)(W) | C15: 546 | D15: 229 | E15: 317
A16: 8 | B16: No(8)(W) | C16: 562 | D16: 223 | E16: 339
A17: 9 | B17: No(9)(W) | C17: 772 | D17: 315 | E17: 457
A18: 10 | B18: No(10)(W) | C18: 2599 | D18: 1202 | E18: 1397
A19: 11 | B19: No(11)(W) | C19: 1585 | D19: 751 | E19: 834
A20: 12 | B20: No(12)(W) | C20: 1819 | D20: 844 | E20: 975
... A26: 18 | B26: No(18)(W) | C26: 2114 | D26: 971 | E26: 1143
B28: Village Tract | C28: =SUM(C29:C91) -> 157591 | D28: =SUM(D29:D91) -> 75798 | E28: =SUM(E29:E91) -> 81793
A29: 1 | B29: Ah Kyaw(VT) | C29: 3080 | D29: 1480 | E29: 1600
A30: 2 | B30: Ah La Myo(VT) | C30: 1762 | D30: 813 | E30: 949
A31: 3 | B31: Byin Bwe(VT) | C31: 1147 | D31: 563 | E31: 584
A32: 4 | B32: Byin Nyar (Middle)(VT) | C32: 2924 | D32: 1374 | E32: 1550
A33: 5 | B33: Byin Nyar (West)(VT) | C33: 2471 | D33: 1206 | E33: 1265
A34: 6 | B34: Kyaung Su(VT) | C34: 2578 | D34: 1269 | E34: 1309
A35: 7 | B35: Set Tu Chaung Ka Lay(VT) | C35: 1737 | D35: 817 | E35: 920
A36: 8 | B36: Chaung Zauk(VT) | C36: 1595 | D36: 745 | E36: 850
A37: 9 | B37: Hne Kyoe(VT) | C37: 3758 | D37: 1826 | E37: 1932
A38: 10 | B38: Inn Yat(VT) | C38: 2353 | D38: 1173 | E38: 1180
A39: 11 | B39: Ka Zun Kwin(VT) | C39: 2738 | D39: 1377 | E39: 1361
A40: 12 | B40: Ka Nu Ka Lay(VT) | C40: 2454 | D40: 1140 | E40: 1314
... A91: 63 | B91: Inn Ga Lar(VT) | C91: 2034 | D91: 958 | E91: 1076

Sheet Pantanaw
A1: Ayeyawady Region, Maubin District, Pantanaw Township
E2: 29-3-2014
A4: Sr | B4: Ward/Village Tract | C4: Population
C5: Total | D5: Male | E5: Female
B6: Total | C6: 264596 | D6: 128122 | E6: 136474
B8: Ward | C8: =SUM(C9:C12) -> 19820 | D8: =SUM(D9:D12) -> 9385 | E8: =SUM(E9:E12) -> 10435
A9: 1 | B9: Ah Shey Paing(W) | C9: 5714 | D9: 2677 | E9: 3037
A10: 2 | B10: Ah Lel Paing(W) | C10: 3714 | D10: 1750 | E10: 1964
A11: 3 | B11: Ah Nauk Paing(W) | C11: 6223 | D11: 2912 | E11: 3311
A12: 4 | B12: Myo Thit(W) | C12: 4169 | D12: 2046 | E12: 2123
B14: Village Tract | C14: =SUM(C15:C66) -> 244776 | D14: =SUM(D15:D66) -> 118737 | E14: =SUM(E15:E66) -> 126039
A15: 1 | B15: Ka Nyin Ngu(VT) | C15: 4324 | D15: 2162 | E15: 2162
A16: 2 | B16: Ba Waing(VT) | C16: 7149 | D16: 3551 | E16: 3598
A17: 3 | B17: Chaung Ka Lay(VT) | C17: 5049 | D17: 2456 | E17: 2593
A18: 4 | B18: Daw War(VT) | C18: 4667 | D18: 2295 | E18: 2372
A19: 5 | B19: Da Naw(VT) | C19: 3978 | D19: 1906 | E19: 2072
A20: 6 | B20: Inn Ma(VT) | C20: 4821 | D20: 2334 | E20: 2487
A21: 7 | B21: Inn Ta Kaw(VT) | C21: 4345 | D21: 2105 | E21: 2240
A22: 8 | B22: Ka Paing(VT) | C22: 2646 | D22: 1304 | E22: 1342
A23: 9 | B23: Ka Tauk Sat(VT) | C23: 1524 | D23: 743 | E23: 781
A24: 10 | B24: Kha Nwet Ka Bo(VT) | C24: 4519 | D24: 2205 | E24: 2314
A25: 11 | B25: Ka Nyin Kone(VT) | C25: 3878 | D25: 1900 | E25: 1978
A26: 12 | B26: Kat Tha Win(VT) | C26: 16498 | D26: 7951 | E26: 8547
... A66: 52 | B66: Pay Pin Myauk(VT) | C66: 2941 | D66: 1407 | E66: 1534

Sheet Maubin
A1: Ayeyawady Region, Maubin District, Maubin Township
E2: 29-3-2014
A4: Sr | B4: Ward/Village Tract | C4: Population
C5: Total | D5: Male | E5: Female
B6: Total | C6: 314093 | D6: 152940 | E6: 161153
B8: Ward | C8: =SUM(C9:C20) -> 43111 | D8: =SUM(D9:D20) -> 20277 | E8: =SUM(E9:E20) -> 22834
A9: 1 | B9: Sar Yay Kone(W) | C9: 5432 | D9: 2506 | E9: 2926
A10: 2 | B10: Baw Lone Kwin(W) | C10: 4990 | D10: 2370 | E10: 2620
A11: 3 | B11: Zay(W) | C11: 2532 | D11: 1247 | E11: 1285
A12: 4 | B12: Myo Lel Kyaung(W) | C12: 1687 | D12: 751 | E12: 936
A13: 5 | B13: Say Yon(W) | C13: 2518 | D13: 1138 | E13: 1380
A14: 6 | B14: Ah Hta Ka (1)Kyaung (W) | C14: 4490 | D14: 2076 | E14: 2414
A15: 7 | B15: Hlay Seik Myauk Paing(W) | C15: 3291 | D15: 1527 | E15: 1764
A16: 8 | B16: Hlay Seik Taung Paing(W) | C16: 3581 | D16: 1729 | E16: 1852
A17: 9 | B17: Aung Myay Thar Zi(W) | C17: 3798 | D17: 1847 | E17: 1951
A18: 10 | B18: Ma Har Baw Di Ward(W) | C18: 2647 | D18: 1238 | E18: 1409
A19: 11 | B19: Ah Hta Ka (2) Kyaung(W) | C19: 4261 | D19: 1998 | E19: 2263
A20: 12 | B20: Paw Taw Mu(W) | C20: 3884 | D20: 1850 | E20: 2034
B22: Village Tract | C22: =SUM(C23:C98) -> 270982 | D22: =SUM(D23:D98) -> 132663 | E22: =SUM(E23:E98) -> 138319
A23: 1 | B23: Auk Htone(VT) | C23: 5683 | D23: 2678 | E23: 3005
A24: 2 | B24: Aung Bon(VT) | C24: 4947 | D24: 2499 | E24: 2448
A25: 3 | B25: Ah Lan(VT) | C25: 3474 | D25: 1700 | E25: 1774
A26: 4 | B26: Aung Heik(VT) | C26: 3567 | D26: 1777 | E26: 1790
A27: 5 | B27: Aing Waing(VT) | C27: 3410 | D27: 1668 | E27: 1742
A28: 6 | B28: Ah Lan Gyi(VT) | C28: 1427 | D28: 701 | E28: 726
A29: 7 | B29: Ah Chan(VT) | C29: 2610 | D29: 1304 | E29: 1306
A30: 8 | B30: Ah Gar(VT) | C30: 4130 | D30: 2121 | E30: 2009
A31: 9 | B31: Bee Lin(VT) | C31: 483 | D31: 232 | E31: 251
A32: 10 | B32: Chauk(VT) | C32: 2967 | D32: 1438 | E32: 1529
A33: 11 | B33: Ein Yar Gyi(VT) | C33: 1318 | D33: 672 | E33: 646
A34: 12 | B34: Hman Pin(VT) | C34: 1223 | D34: 561 | E34: 662
... A98: 76 | B98: Shwe Taung Hmaw(VT) | C98: 7615 | D98: 3639 | E98: 3976

Sheet Myaungmya
A1: Ayeyawady Region, Myaungmya District, Myaungmya Township
E2: 29-3-2014
A4: Sr | B4: Ward/Village Tract | C4: Population
C5: Total | D5: Male | E5: Female
B6: Total | C6: 298637 | D6: 145972 | E6: 152665
B8: Ward | C8: =SUM(C9:C24) -> 58698 | D8: =SUM(D9:D24) -> 27626 | E8: =SUM(E9:E24) -> 31072
A9: 1 | B9: No (1)(W) | C9: 2760 | D9: 1318 | E9: 1442
A10: 2 | B10: No (2)(W) | C10: 2182 | D10: 984 | E10: 1198
A11: 3 | B11: No (3)(W) | C11: 3782 | D11: 1830 | E11: 1952
A12: 4 | B12: No (4)(W) | C12: 2738 | D12: 1344 | E12: 1394
A13: 5 | B13: No (5)(W) | C13: 1686 | D13: 667 | E13: 1019
A14: 6 | B14: No (6)(W) | C14: 1689 | D14: 745 | E14: 944
A15: 7 | B15: No (7)(W) | C15: 2455 | D15: 1129 | E15: 1326
A16: 8 | B16: No (8)(W) | C16: 3128 | D16: 1536 | E16: 1592
A17: 9 | B17: No (9)(W) | C17: 2356 | D17: 1106 | E17: 1250
A18: 10 | B18: No (10)(W) | C18: 2683 | D18: 1253 | E18: 1430
A19: 11 | B19: Kan Taw Myaing(W) | C19: 5390 | D19: 2497 | E19: 2893
A20: 12 | B20: Ma Yan Gone(W) | C20: 7840 | D20: 3699 | E20: 4141
... A24: 16 | B24: Mya Yadanar(W) | C24: 5928 | D24: 2863 | E24: 3065
B26: Village Tract | C26: =SUM(C27:C124) -> 239939 | D26: =SUM(D27:D124) -> 118346 | E26: =SUM(E27:E124) -> 121593
A27: 1 | B27: Kwei Lwei(VT) | C27: 780 | D27: 377 | E27: 403
A28: 2 | B28: Kone Thar(VT) | C28: 5231 | D28: 2565 | E28: 2666
A29: 3 | B29: Kan Gyi(VT) | C29: 3268 | D29: 1629 | E29: 1639
A30: 4 | B30: Taung Ka Lay(VT) | C30: 3828 | D30: 1824 | E30: 2004
A31: 5 | B31: Hpa Yar Chaung(VT) | C31: 2738 | D31: 1382 | E31: 1356
A32: 6 | B32: Kan Chaung (Tha Yaw Bone)(VT) | C32: 1831 | D32: 928 | E32: 903
A33: 7 | B33: Hnget Pyaw Taw(VT) | C33: 1409 | D33: 699 | E33: 710
A34: 8 | B34: Htaw Ka Loet(VT) | C34: 1316 | D34: 661 | E34: 655
A35: 9 | B35: Ta Zin Kone Gyi(VT) | C35: 5097 | D35: 2621 | E35: 2476
A36: 10 | B36: Ka Nyin Ge(VT) | C36: 2376 | D36: 1179 | E36: 1197
A37: 11 | B37: Ka Nyut Kwin(VT) | C37: 1824 | D37: 906 | E37: 918
A38: 12 | B38: Htone Bo (Byaing Hpyu)(VT) | C38: 1963 | D38: 943 | E38: 1020
... A124: 98 | B124: Put Kha Yaing(VT) | C124: 2955 | D124: 1477 | E124: 1478

Sheet Wakema
A1: Ayeyawady Region, Myaungmya District, Wakema Township
E2: 29-3-2014
A4: Sr | B4: Ward/Village Tract | C4: Population
C5: Total | D5: Male | E5: Female
B6: Total | C6: 289106 | D6: 140698 | E6: 148408
B8: Ward | C8: =SUM(C9:C22) -> 22181 | D8: =SUM(D9:D22) -> 10455 | E8: =SUM(E9:E22) -> 11726
A9: 1 | B9: Thaw Ka(W) | C9: 1121 | D9: 546 | E9: 575
A10: 2 | B10: Ta Yoke Tan(W) | C10: 1321 | D10: 642 | E10: 679
A11: 3 | B11: Hlay Kyin Kone(W) | C11: 2774 | D11: 1285 | E11: 1489
A12: 4 | B12: Ywar Lel(W) | C12: 1867 | D12: 943 | E12: 924
A13: 5 | B13: Ye Kyaw(W) | C13: 2140 | D13: 997 | E13: 1143
A14: 6 | B14: Pa Da Myar(W) | C14: 443 | D14: 205 | E14: 238
A15: 7 | B15: Sar Yay Kone(W) | C15: 1976 | D15: 909 | E15: 1067
A16: 8 | B16: Ywar Thit(W) | C16: 1435 | D16: 676 | E16: 759
A17: 9 | B17: Htaw Ka Nwut(W) | C17: 846 | D17: 411 | E17: 435
A18: 10 | B18: Mya Thein Tan(W) | C18: 2907 | D18: 1413 | E18: 1494
A19: 11 | B19: Say Yon(W) | C19: 1289 | D19: 568 | E19: 721
A20: 12 | B20: Zay(W) | C20: 449 | D20: 190 | E20: 259
... A22: 14 | B22: Than Kyoe Taing(W) | C22: 2880 | D22: 1325 | E22: 1555
B24: Village Tract | C24: =SUM(C25:C150) -> 266925 | D24: =SUM(D25:D150) -> 130243 | E24: =SUM(E25:E150) -> 136682
A25: 1 | B25: Kyon Hta Yeik(VT) | C25: 3060 | D25: 1488 | E25: 1572
A26: 2 | B26: Pauk Tein(VT) | C26: 2970 | D26: 1464 | E26: 1506
A27: 3 | B27: Kyon Ka Pyin(VT) | C27: 1950 | D27: 942 | E27: 1008
A28: 4 | B28: Wea Gyi(VT) | C28: 1993 | D28: 960 | E28: 1033
A29: 5 | B29: Moe Ma Kha Kone(VT) | C29: 1413 | D29: 697 | E29: 716
A30: 6 | B30: Thet Kei(VT) | C30: 1414 | D30: 674 | E30: 740
A31: 7 | B31: Kan Kwin(VT) | C31: 2366 | D31: 1112 | E31: 1254
A32: 8 | B32: Au Kyun(VT) | C32: 2460 | D32: 1136 | E32: 1324
A33: 9 | B33: Ka La(VT) | C33: 960 | D33: 482 | E33: 478
A34: 10 | B34: Kyar Hpyu(VT) | C34: 1681 | D34: 796 | E34: 885
A35: 11 | B35: Ah La Man Kyaung Su(VT) | C35: 1494 | D35: 729 | E35: 765
A36: 12 | B36: Tu Chaung(VT) | C36: 3166 | D36: 1726 | E36: 1440
... A150: 126 | B150: Kyon Pa Di Kyon Pa Taw(VT) | C150: 1726 | D150: 870 | E150: 856

Sheet Einme
A1: Ayeyawady Region, Myaungmya District, Einme Township
E2: 29-3-2014
A4: Sr | B4: Ward/Village Tract | C4: Population
C5: Total | D5: Male | E5: Female
B6: Total | C6: 194101 | D6: 94629 | E6: 99472
B8: Ward | C8: =SUM(C9:C13) -> 13554 | D8: =SUM(D9:D13) -> 6395 | E8: =SUM(E9:E13) -> 7159
A9: 1 | B9: Chaung Wa Paing(W) | C9: 3350 | D9: 1638 | E9: 1712
A10: 2 | B10: Ah Htet Paing(W) | C10: 4666 | D10: 2154 | E10: 2512
A11: 3 | B11: Ein Me Gyi Paing(W) | C11: 1805 | D11: 829 | E11: 976
A12: 4 | B12: Lel Paw Paing(W) | C12: 1839 | D12: 829 | E12: 1010
A13: 5 | B13: Sar Chun Khan Paing(W) | C13: 1894 | D13: 945 | E13: 949
B15: Village Tract | C15: =SUM(C16:C112) -> 180547 | D15: =SUM(D16:D112) -> 88234 | E15: =SUM(E16:E112) -> 92313
A16: 1 | B16: Tha Yut Gyi(VT) | C16: 853 | D16: 437 | E16: 416
A17: 2 | B17: Thone Se(VT) | C17: 2955 | D17: 1495 | E17: 1460
A18: 3 | B18: Tha Yet Kone(VT) | C18: 2001 | D18: 982 | E18: 1019
A19: 4 | B19: Kyaung Su(VT) | C19: 2632 | D19: 1298 | E19: 1334
A20: 5 | B20: Ni Sat Gyi(VT) | C20: 1016 | D20: 493 | E20: 523
A21: 6 | B21: Kun Sa Khan(VT) | C21: 987 | D21: 497 | E21: 490
A22: 7 | B22: Yae Ngan Kwin(VT) | C22: 939 | D22: 445 | E22: 494
A23: 8 | B23: Kyon La Har(VT) | C23: 952 | D23: 459 | E23: 493
A24: 9 | B24: Hle Seik(VT) | C24: 1806 | D24: 925 | E24: 881
A25: 10 | B25: Za Yat Seik(VT) | C25: 2011 | D25: 991 | E25: 1020
A26: 11 | B26: Boe Hlaw Yoe(VT) | C26: 1116 | D26: 558 | E26: 558
A27: 12 | B27: Inn Ma(VT) | C27: 1869 | D27: 916 | E27: 953
... A112: 97 | B112: Kyar Tan(VT) | C112: 2340 | D112: 1124 | E112: 1216

Sheet Mawlaminegyun
A1: Ayeyawady Region, Labutta District, Mawlamyinegyun Township
E2: 29-3-2014
A4: Sr | B4: Ward/Village Tract | C4: Population
C5: Total | D5: Male | E5: Female
B6: Total | C6: 311340 | D6: 153127 | E6: 158213
B8: Ward | C8: =SUM(C9:C21) -> 32915 | D8: =SUM(D9:D21) -> 15800 | E8: =SUM(E9:E21) -> 17115
A9: 1 | B9: No (1)(W) | C9: 1294 | D9: 628 | E9: 666
A10: 2 | B10: No (2)(W) | C10: 1797 | D10: 831 | E10: 966
A11: 3 | B11: No (3)(W) | C11: 958 | D11: 397 | E11: 561
A12: 4 | B12: No (4)(W) | C12: 1227 | D12: 613 | E12: 614
A13: 5 | B13: No (5)(W) | C13: 729 | D13: 353 | E13: 376
A14: 6 | B14: No (6)(W) | C14: 1147 | D14: 530 | E14: 617
A15: 7 | B15: No (7)(W) | C15: 1157 | D15: 521 | E15: 636
A16: 8 | B16: No (8)(W) | C16: 4580 | D16: 2240 | E16: 2340
A17: 9 | B17: No (9)(W) | C17: 5346 | D17: 2597 | E17: 2749
A18: 10 | B18: No (10)(W) | C18: 3250 | D18: 1577 | E18: 1673
A19: 11 | B19: No (11)(W) | C19: 3856 | D19: 1840 | E19: 2016
A20: 12 | B20: No (12)(W) | C20: 3490 | D20: 1668 | E20: 1822
A21: 13 | B21: Chan Myae Thar Yar(W) | C21: 4084 | D21: 2005 | E21: 2079
B23: Village Tract | C23: =SUM(C24:C131) -> 278425 | D23: =SUM(D24:D131) -> 137327 | E23: =SUM(E24:E131) -> 141098
A24: 1 | B24: Kyun Ka Lay(VT) | C24: 1600 | D24: 779 | E24: 821
A25: 2 | B25: Hti To Lo(VT) | C25: 1263 | D25: 624 | E25: 639
A26: 3 | B26: Sin Chaung(VT) | C26: 1625 | D26: 798 | E26: 827
A27: 4 | B27: Thone Gwa(VT) | C27: 622 | D27: 300 | E27: 322
A28: 5 | B28: Hti Seik Ywar Ma(VT) | C28: 1518 | D28: 748 | E28: 770
A29: 6 | B29: Hti Seik Hpa Yar Su(VT) | C29: 965 | D29: 466 | E29: 499
A30: 7 | B30: Lat Put Ta Loke Ka Lay(VT) | C30: 2029 | D30: 994 | E30: 1035
A31: 8 | B31: Bagan Pon(VT) | C31: 3159 | D31: 1541 | E31: 1618
A32: 9 | B32: Kat Kho(VT) | C32: 4237 | D32: 2080 | E32: 2157
A33: 10 | B33: Lat Put Ta Loke Gyi(VT) | C33: 2506 | D33: 1213 | E33: 1293
A34: 11 | B34: Kat Tha Hmyin Hti Seik Yae Kyaw(VT) | C34: 1718 | D34: 833 | E34: 885
A35: 12 | B35: Hti Par Lel(VT) | C35: 2008 | D35: 997 | E35: 1011
... A131: 108 | B131: Hlaing Bone(VT) | C131: 8688 | D131: 4475 | E131: 4213

Sheet Labutta
A1: Ayeyawady Region, Labutta District, Labutta Township
E2: 29-3-2014
A4: Sr | B4: Ward/Village Tract | C4: Population
C5: Total | D5: Male | E5: Female
B6: Total | C6: 229929 | D6: 114746 | E6: 115183
B8: Ward | C8: =SUM(C9:C18) -> 31174 | D8: =SUM(D9:D18) -> 14987 | E8: =SUM(E9:E18) -> 16187
A9: 1 | B9: No (1)(W) | C9: 5351 | D9: 2566 | E9: 2785
A10: 2 | B10: No (2)(W) | C10: 3540 | D10: 1703 | E10: 1837
A11: 3 | B11: No (3)(W) | C11: 2251 | D11: 1101 | E11: 1150
A12: 4 | B12: No (4)(W) | C12: 1449 | D12: 674 | E12: 775
A13: 5 | B13: No (5)(W) | C13: 2809 | D13: 1341 | E13: 1468
A14: 6 | B14: No (6)(W) | C14: 1769 | D14: 834 | E14: 935
A15: 7 | B15: No (7)(W) | C15: 4101 | D15: 1985 | E15: 2116
A16: 8 | B16: No (8)(W) | C16: 2120 | D16: 1050 | E16: 1070
A17: 9 | B17: No (9)(W) | C17: 5123 | D17: 2497 | E17: 2626
A18: 10 | B18: No (10)(W) | C18: 2661 | D18: 1236 | E18: 1425
B20: Village Tract | C20: =SUM(C21:C70) -> 198755 | D20: =SUM(D21:D70) -> 99759 | E20: =SUM(E21:E70) -> 98996
A21: 1 | B21: Kyauk Hmaw(VT) | C21: 5880 | D21: 2888 | E21: 2992
A22: 2 | B22: Nyaung Lein(VT) | C22: 3801 | D22: 1872 | E22: 1929
A23: 3 | B23: La Put Ta Loke (North)(VT) | C23: 2712 | D23: 1385 | E23: 1327
A24: 4 | B24: La Put Ta Loke (South)(VT) | C24: 3015 | D24: 1468 | E24: 1547
A25: 5 | B25: Sar Kyin(VT) | C25: 5540 | D25: 2722 | E25: 2818
A26: 6 | B26: Ka Nyin Kone(VT) | C26: 3354 | D26: 1719 | E26: 1635
A27: 7 | B27: Ah Mat(VT) | C27: 3456 | D27: 1743 | E27: 1713
A28: 8 | B28: Tha Nat Hpet(VT) | C28: 2355 | D28: 1180 | E28: 1175
A29: 9 | B29: Aung Phone(Ohn Ta Pin)(VT) | C29: 2948 | D29: 1399 | E29: 1549
A30: 10 | B30: Htin Pon Kwin(VT) | C30: 4934 | D30: 2488 | E30: 2446
A31: 11 | B31: Kan Bet(VT) | C31: 8049 | D31: 4086 | E31: 3963
A32: 12 | B32: Kyein Kwin(VT) | C32: 4434 | D32: 2207 | E32: 2227
... A70: 50 | B70: Thin Gan Gyi(VT) | C70: 3201 | D70: 1689 | E70: 1512

Sheet Pyinsalu(Sub-Tsp)
A1: Ayeyawady Region, Labutta District, Pyinsalu (Sub- Township)
E2: 29-3-2014
A4: Sr | B4: Ward/Village Tract | C4: Population
C5: Total | D5: Male | E5: Female
B6: Total | C6: 85289 | D6: 44166 | E6: 41123
B8: Ward | C8: =SUM(C9:C11) -> 2229 | D8: =SUM(D9:D11) -> 1186 | E8: =SUM(E9:E11) -> 1043
A9: 1 | B9: No (1)(W) | C9: 940 | D9: 500 | E9: 440
A10: 2 | B10: No (2)(W) | C10: 514 | D10: 255 | E10: 259
A11: 3 | B11: No (3)(W) | C11: 775 | D11: 431 | E11: 344
B13: Village Tract | C13: =SUM(C14:C25) -> 83060 | D13: =SUM(D14:D25) -> 42980 | E13: =SUM(E14:E25) -> 40080
A14: 1 | B14: Yway(VT) | C14: 2194 | D14: 1179 | E14: 1015
A15: 2 | B15: Sa Lu Seik(VT) | C15: 6396 | D15: 3414 | E15: 2982
A16: 3 | B16: Kone Gyi(VT) | C16: 5672 | D16: 2845 | E16: 2827
A17: 4 | B17: Tei Pin Kaing(VT) | C17: 2608 | D17: 1437 | E17: 1171
A18: 5 | B18: Hlwa Zar(VT) | C18: 6583 | D18: 3402 | E18: 3181
A19: 6 | B19: Koke Ko(VT) | C19: 5065 | D19: 2632 | E19: 2433
A20: 7 | B20: Baing Daunt Chaung(VT) | C20: 9628 | D20: 4978 | E20: 4650
A21: 8 | B21: Sar Chet(VT) | C21: 9482 | D21: 4910 | E21: 4572
A22: 9 | B22: Yae Twin Seik(VT) | C22: 6446 | D22: 3440 | E22: 3006
A23: 10 | B23: Da Ni Seik(VT) | C23: 6868 | D23: 3611 | E23: 3257
A24: 11 | B24: Pyin Ah Lan(VT) | C24: 9364 | D24: 4746 | E24: 4618
A25: 12 | B25: Thit Pote(VT) | C25: 12754 | D25: 6386 | E25: 6368

Sheet Kyangin
A1: Ayeyawady Region, Hinthada District, Kyangin Township
E2: 29-3-2014
A4: Sr | B4: Ward/Village Tract | C4: Population
C5: Total | D5: Male | E5: Female
B6: Total | C6: 96083 | D6: 45623 | E6: 50460
B8: Ward | C8: =SUM(C9:C13) -> 19495 | D8: =SUM(D9:D13) -> 9123 | E8: =SUM(E9:E13) -> 10372
A9: 1 | B9: Myo Ma(W) | C9: 6154 | D9: 2847 | E9: 3307
A10: 2 | B10: Ywar Thit(W) | C10: 6082 | D10: 2859 | E10: 3223
A11: 3 | B11: Shwe Taung Su(W) | C11: 3495 | D11: 1636 | E11: 1859
A12: 4 | B12: No (1)(W) | C12: 2093 | D12: 1005 | E12: 1088
A13: 5 | B13: No (2)(W) | C13: 1671 | D13: 776 | E13: 895
B15: Village Tract | C15: =SUM(C16:C45) -> 76588 | D15: =SUM(D16:D45) -> 36500 | E15: =SUM(E16:E45) -> 40088
A16: 1 | B16: Ta Laing Kwin(VT) | C16: 2330 | D16: 1114 | E16: 1216
A17: 2 | B17: Kwayt Ma(VT) | C17: 1840 | D17: 842 | E17: 998
A18: 3 | B18: Ka Loet Kwin(VT) | C18: 4357 | D18: 2068 | E18: 2289
A19: 4 | B19: Thea Hpyu(VT) | C19: 1073 | D19: 511 | E19: 562
A20: 5 | B20: Shwe Pan Taw(VT) | C20: 1912 | D20: 910 | E20: 1002
A21: 6 | B21: Chin Myaung(VT) | C21: 950 | D21: 475 | E21: 475
A22: 7 | B22: Kyan Taw(VT) | C22: 3278 | D22: 1465 | E22: 1813
A23: 8 | B23: Pet Ma Khan(VT) | C23: 1510 | D23: 693 | E23: 817
A24: 9 | B24: Thauk Kyar Du(VT) | C24: 2469 | D24: 1178 | E24: 1291
A25: 10 | B25: Yae Lel Kyun(VT) | C25: 1512 | D25: 684 | E25: 828
A26: 11 | B26: Htan Ta Pin(VT) | C26: 3966 | D26: 1933 | E26: 2033
A27: 12 | B27: Son Le(VT) | C27: 6162 | D27: 2902 | E27: 3260
... A45: 30 | B45: Kyoet Pin Su(VT) | C45: 3300 | D45: 1632 | E45: 1668

Sheet Zalun
A1: Ayeyawady Region, Hinthada District, Zalun Township
E2: 29-3-2014
A4: Sr | B4: Ward/Village Tract | C4: Population
C5: Total | D5: Male | E5: Female
B6: Total | C6: 168203 | D6: 79653 | E6: 88550
B8: Ward | C8: =SUM(C9:C13) -> 21254 | D8: =SUM(D9:D13) -> 9969 | E8: =SUM(E9:E13) -> 11285
A9: 1 | B9: Kan Nar(W) | C9: 1289 | D9: 635 | E9: 654
A10: 2 | B10: Lan Ma Taw (North)(W) | C10: 4829 | D10: 2168 | E10: 2661
A11: 3 | B11: Lan Ma Taw (South)(W) | C11: 3469 | D11: 1582 | E11: 1887
A12: 4 | B12: San Tan(W) | C12: 3143 | D12: 1570 | E12: 1573
A13: 5 | B13: Nyaung Pin Zay(W) | C13: 8524 | D13: 4014 | E13: 4510
B15: Village Tract | C15: =SUM(C16:C81) -> 146949 | D15: =SUM(D16:D81) -> 69684 | E15: =SUM(E16:E81) -> 77265
A16: 1 | B16: La Maing(VT) | C16: 1526 | D16: 738 | E16: 788
A17: 2 | B17: Tha Hpan Kone(VT) | C17: 1976 | D17: 926 | E17: 1050
A18: 3 | B18: Ma Yoe Kha(VT) | C18: 1694 | D18: 776 | E18: 918
A19: 4 | B19: Nyaung Pin Thar(VT) | C19: 2165 | D19: 997 | E19: 1168
A20: 5 | B20: Pa Kwe(VT) | C20: 3121 | D20: 1459 | E20: 1662
A21: 6 | B21: Pa Kwe Yae Le(VT) | C21: 1463 | D21: 685 | E21: 778
A22: 7 | B22: Yae Le(VT) | C22: 6252 | D22: 3012 | E22: 3240
A23: 8 | B23: Kywa Man(VT) | C23: 337 | D23: 166 | E23: 171
A24: 9 | B24: Myit Wa(VT) | C24: 2808 | D24: 1388 | E24: 1420
A25: 10 | B25: Nan Taw Kyun(VT) | C25: 4008 | D25: 1894 | E25: 2114
A26: 11 | B26: Yae Twin Kone(VT) | C26: 1760 | D26: 851 | E26: 909
A27: 12 | B27: Lay Tu (East)(VT) | C27: 1541 | D27: 712 | E27: 829
... A81: 66 | B81: Taung Boet Ta Yar(VT) | C81: 7238 | D81: 3410 | E81: 3828

Sheet Myanaung
A1: Ayeyawady Region, Hinthada District, Myanaung Township
E2: 29-3-2014
A4: Sr | B4: Ward/Village Tract | C4: Population
C5: Total | D5: Male | E5: Female
B6: Total | C6: 218581 | D6: 102303 | E6: 116278
B8: Ward | C8: =SUM(C9:C19) -> 22550 | D8: =SUM(D9:D19) -> 10120 | E8: =SUM(E9:E19) -> 12430
A9: 1 | B9: No (1)(W) | C9: 3669 | D9: 1713 | E9: 1956
A10: 2 | B10: No (2)(W) | C10: 2593 | D10: 1072 | E10: 1521
A11: 3 | B11: No (3)(W) | C11: 2241 | D11: 968 | E11: 1273
A12: 4 | B12: No (4)(W) | C12: 5066 | D12: 2260 | E12: 2806
A13: 5 | B13: No (5)(W) | C13: 2539 | D13: 1077 | E13: 1462
A14: 6 | B14: No (6)(W) | C14: 3183 | D14: 1476 | E14: 1707
A15: 7 | B15: Myauk Paing(W) | C15: 584 | D15: 294 | E15: 290
A16: 8 | B16: Ah Lei Paing(W) | C16: 405 | D16: 201 | E16: 204
A17: 9 | B17: Zay Paing(W) | C17: 451 | D17: 206 | E17: 245
A18: 10 | B18: Myo Ma(W) | C18: 666 | D18: 306 | E18: 360
A19: 11 | B19: Yaik Su(W) | C19: 1153 | D19: 547 | E19: 606
B21: Village Tract | C21: =SUM(C22:C79) -> 196031 | D21: =SUM(D22:D79) -> 92183 | E21: =SUM(E22:E79) -> 103848
A22: 1 | B22: In Pin(VT) | C22: 10262 | D22: 4806 | E22: 5456
A23: 2 | B23: Tha Pyay Kone (1)(VT) | C23: 1542 | D23: 698 | E23: 844
A24: 3 | B24: Kwin Gyi Daunt(VT) | C24: 1594 | D24: 723 | E24: 871
A25: 4 | B25: Myit Kyoe(VT) | C25: 2133 | D25: 1049 | E25: 1084
A26: 5 | B26: Nat Pa Tee(VT) | C26: 1415 | D26: 627 | E26: 788
A27: 6 | B27: Myo Ma Te Gyi Kone(VT) | C27: 2407 | D27: 1089 | E27: 1318
A28: 7 | B28: Nyaung Myit Swea(VT) | C28: 4096 | D28: 1890 | E28: 2206
A29: 8 | B29: Se(VT) | C29: 3776 | D29: 1764 | E29: 2012
A30: 9 | B30: San Ni Chaung(VT) | C30: 1740 | D30: 781 | E30: 959
A31: 10 | B31: Tar Gwa Te Gyi Kone(VT) | C31: 4516 | D31: 2078 | E31: 2438
A32: 11 | B32: Kun Taw(VT) | C32: 2179 | D32: 1060 | E32: 1119
A33: 12 | B33: Ka Zun Khon(VT) | C33: 2780 | D33: 1309 | E33: 1471
... A79: 58 | B79: Myin War Taung(VT) | C79: 4100 | D79: 2025 | E79: 2075

Sheet Laymyethna
A1: Ayeyawady Region, Hinthada District, Laymyethna Township
E2: 29-3-2014
A4: Sr | B4: Ward/Village Tract | C4: Population
C5: Total | D5: Male | E5: Female
B6: Total | C6: 103024 | D6: 49661 | E6: 53363
B8: Ward | C8: =SUM(C9:C13) -> 2857 | D8: =SUM(D9:D13) -> 1338 | E8: =SUM(E9:E13) -> 1519
A9: 1 | B9: No (1)(W) | C9: 439 | D9: 202 | E9: 237
A10: 2 | B10: No (2)(W) | C10: 448 | D10: 211 | E10: 237
A11: 3 | B11: No (3)(W) | C11: 716 | D11: 331 | E11: 385
A12: 4 | B12: No (4)(W) | C12: 647 | D12: 314 | E12: 333
A13: 5 | B13: No (5)(W) | C13: 607 | D13: 280 | E13: 327
B15: Village Tract | C15: =SUM(C16:C56) -> 100167 | D15: =SUM(D16:D56) -> 48323 | E15: =SUM(E16:E56) -> 51844
A16: 1 | B16: Htein Ngu(VT) | C16: 1014 | D16: 475 | E16: 539
A17: 2 | B17: Nyaung Pin Wea(VT) | C17: 1165 | D17: 565 | E17: 600
A18: 3 | B18: Ka Tet Kone(VT) | C18: 1255 | D18: 608 | E18: 647
A19: 4 | B19: Thone Set(VT) | C19: 389 | D19: 185 | E19: 204
A20: 5 | B20: Tha Khut Chaung(VT) | C20: 1863 | D20: 921 | E20: 942
A21: 6 | B21: Sar Yay Kwin(VT) | C21: 1326 | D21: 631 | E21: 695
A22: 7 | B22: Daunt Gyi(VT) | C22: 3211 | D22: 1497 | E22: 1714
A23: 8 | B23: Thein Kone(VT) | C23: 2039 | D23: 951 | E23: 1088
A24: 9 | B24: La Har Gyi(VT) | C24: 2270 | D24: 1079 | E24: 1191
A25: 10 | B25: War Yon Chaung(VT) | C25: 1943 | D25: 905 | E25: 1038
A26: 11 | B26: Pein Inn(VT) | C26: 4882 | D26: 2353 | E26: 2529
A27: 12 | B27: Shar Hpyu Kyin(VT) | C27: 1470 | D27: 693 | E27: 777
... A56: 41 | B56: Chin Lel(VT) | C56: 1945 | D56: 988 | E56: 957

Sheet Hinthada
A1: Ayeyawady Region, Hinthada District, Hinthada Township
E2: 29-3-2014
A4: Sr | B4: Ward/Village Tract | C4: Population
C5: Total | D5: Male | E5: Female
B6: Total | C6: 338435 | D6: 159694 | E6: 178741
B8: Ward | C8: =SUM(C9:C29) -> 83762 | D8: =SUM(D9:D29) -> 38868 | E8: =SUM(E9:E29) -> 44894
A9: 1 | B9: Pyin Ma Chaung(W) | C9: 2611 | D9: 1214 | E9: 1397
A10: 2 | B10: Nyaung Pin(W) | C10: 5474 | D10: 2550 | E10: 2924
A11: 3 | B11: Tar Ngar Se(North)(W) | C11: 1666 | D11: 761 | E11: 905
A12: 4 | B12: Tar Ngar Se(South)(W) | C12: 2378 | D12: 1059 | E12: 1319
A13: 5 | B13: Let Tha MarNorth)(W) | C13: 1475 | D13: 659 | E13: 816
A14: 6 | B14: Yone Gyi(W) | C14: 2380 | D14: 1169 | E14: 1211
A15: 7 | B15: U Yin (North)(W) | C15: 2209 | D15: 1034 | E15: 1175
A16: 8 | B16: U Yin (South)(W) | C16: 2471 | D16: 1136 | E16: 1335
A17: 9 | B17: Shwe Ku(W) | C17: 3243 | D17: 1496 | E17: 1747
A18: 10 | B18: Za Kar(W) | C18: 2614 | D18: 1202 | E18: 1412
A19: 11 | B19: Kin(W) | C19: 1965 | D19: 924 | E19: 1041
A20: 12 | B20: Pa Khan Chaung(W) | C20: 2299 | D20: 1070 | E20: 1229
... A29: 21 | B29: Aye Mya Thar Yar(W) | C29: 2673 | D29: 1255 | E29: 1418
B31: Village Tract | C31: =SUM(C32:C134) -> 254673 | D31: =SUM(D32:D134) -> 120826 | E31: =SUM(E32:E134) -> 133847
A32: 1 | B32: Neik Ban(VT) | C32: 4765 | D32: 2253 | E32: 2512
A33: 2 | B33: Kaing Taw Kwin(VT) | C33: 881 | D33: 404 | E33: 477
A34: 3 | B34: Zoke Ka Ni(VT) | C34: 709 | D34: 343 | E34: 366
A35: 4 | B35: Tha Yet Oke(VT) | C35: 874 | D35: 405 | E35: 469
A36: 5 | B36: Kyaung Kwin(VT) | C36: 1709 | D36: 829 | E36: 880
A37: 6 | B37: Thar Si(VT) | C37: 1595 | D37: 756 | E37: 839
A38: 7 | B38: Pyar Ka Tat(VT) | C38: 1470 | D38: 695 | E38: 775
A39: 8 | B39: Ta Dar U(VT) | C39: 1479 | D39: 669 | E39: 810
A40: 9 | B40: Si Taw Kone(VT) | C40: 1357 | D40: 635 | E40: 722
A41: 10 | B41: Yoe Gyi(VT) | C41: 2139 | D41: 1009 | E41: 1130
A42: 11 | B42: Thae Phyu(Dammi)(VT) | C42: 3220 | D42: 1527 | E42: 1693
A43: 12 | B43: Inn Ga Yan(VT) | C43: 6453 | D43: 3020 | E43: 3433
... A134: 103 | B134: Kaw Zan(VT) | C134: 2269 | D134: 1056 | E134: 1213

Sheet Ingapu
A1: Ayeyawady Region, Hinthada District, Ingapu Township
E2: 29-3-2014
A4: Sr | B4: Ward/Village Tract | C4: Population
C5: Total | D5: Male | E5: Female
B6: Total | C6: 214384 | D6: 102377 | E6: 112007
B8: Ward | C8: =SUM(C9:C16) -> 13320 | D8: =SUM(D9:D16) -> 6167 | E8: =SUM(E9:E16) -> 7153
A9: 1 | B9: No (1)(W) | C9: 2917 | D9: 1389 | E9: 1528
A10: 2 | B10: No (2)(W) | C10: 1167 | D10: 547 | E10: 620
A11: 3 | B11: No (3)(W) | C11: 1104 | D11: 523 | E11: 581
A12: 4 | B12: No (1)(W) | C12: 2569 | D12: 1141 | E12: 1428
A13: 5 | B13: No (2)(W) | C13: 2147 | D13: 965 | E13: 1182
A14: 6 | B14: No (3)(W) | C14: 1882 | D14: 905 | E14: 977
A15: 7 | B15: No (4)(W) | C15: 588 | D15: 264 | E15: 324
A16: 8 | B16: No (5)(W) | C16: 946 | D16: 433 | E16: 513
B18: Village Tract | C18: =SUM(C19:C90) -> 201064 | D18: =SUM(D19:D90) -> 96210 | E18: =SUM(E19:E90) -> 104854
A19: 1 | B19: Kan U(VT) | C19: 1268 | D19: 603 | E19: 665
A20: 2 | B20: Shan Gaung Byea(VT) | C20: 5390 | D20: 2607 | E20: 2783
A21: 3 | B21: Auk Ywar Gyi(VT) | C21: 1031 | D21: 489 | E21: 542
A22: 4 | B22: Thet Kei Pyin(VT) | C22: 1676 | D22: 797 | E22: 879
A23: 5 | B23: Nauk Mee(VT) | C23: 2785 | D23: 1342 | E23: 1443
A24: 6 | B24: Wet Thay(VT) | C24: 2063 | D24: 985 | E24: 1078
A25: 7 | B25: Myit Tar Kone(VT) | C25: 1499 | D25: 713 | E25: 786
A26: 8 | B26: Pan Tin(VT) | C26: 3339 | D26: 1559 | E26: 1780
A27: 9 | B27: Hpa Yar Kwin(VT) | C27: 2243 | D27: 1049 | E27: 1194
A28: 10 | B28: Htan Taw Su(VT) | C28: 866 | D28: 408 | E28: 458
A29: 11 | B29: Me Za Li Kone(VT) | C29: 7495 | D29: 3423 | E29: 4072
A30: 12 | B30: Lel Gyi Kwin(VT) | C30: 1316 | D30: 657 | E30: 659
... A90: 72 | B90: Kan Kwin(VT) | C90: 2781 | D90: 1348 | E90: 1433

Sheet Sheet2

Sheet Sheet3
