Workbook

Sheet list of township
A1: List of Township
A2: 1 | B2: =Myitkyinar!A1 -> Kachin State, Myitkyinar District, Myitkyinar Township
A3: 2 | B3: =Waingmaw!A1 -> Kachin State, Myitkyinar District, Waingmaw Township
A4: 3 | B4: =Ingyanyan!A1 -> Kachin State, Myitkyinar District, Ingyanyan Township
A5: 4 | B5: =Tanaing!A1 -> Kachin State, Myitkyinar District, Tanaing Township
A6: 5 | B6: =Chiphwe!A1 -> Kachin State, Myitkyinar District, Chiphwe Township
A7: 6 | B7: =Hsotlaw!A1 -> Kachin State, Myitkyinar District, Hsotlaw Township
A8: 7 | B8: ='Hsinbo(Sub-Tsp)'!A1 -> Kachin State, Myitkyinar District, Hsinbo (Sub- Township)
A9: 8 | B9: ='Hsadone(Sub-Tsp)'!A1 -> Kachin State, Myitkyinar District, Hsadone (Sub- Township)
A10: 9 | B10: ='Kanpaikti(Sub-Tsp)'!A1 -> Kachin State, Myitkyinar District, Kanpaikti (Sub- Township)
A11: 10 | B11: ='Shinbwanyyan(Sub-Tsp)'!A1 -> Kachin State, Myitkyinar District, Shinbwayyan (Sub- Township)
A12: 11 | B12: ='Panwa(Sub-Tsp)'!A1 -> Kachin State, Myitkyinar District, Panwa (Sub- Township)
A13: 12 | B13: =Mohnyin!A1 -> Kachin State, Mohnyin District, Mohnyin Township
A14: 13 | B14: =Mogaung!A1 -> Kachin State, Mohnyin District, Mogaung Township
A15: 14 | B15: =Phakant!A1 -> Kachin State, Mohnyin District, Phakant Township
A16: 15 | B16: ='Hopin(Sub-Tsp)'!A1 -> Kachin State, Mohnyin District, Hopin (Sub- Township)
A17: 16 | B17: ='Kamine(Sub-Tsp)'!A1 -> Kachin State, Mohnyin District, Kamine (Sub- Township)
A18: 17 | B18: =Bhamo!A1 -> Kachin State, Bhamo District, Bhamo Township
A19: 18 | B19: =Shwegu!A1 -> Kachin State, Bhamo District, Shwegu Township
A20: 19 | B20: =Momauk!A1 -> Kachin State, Bhamo District, Momauk Township
A21: 20 | B21: =Mansi!A1 -> Kachin State, Bhamo District, Mansi Township
A22: 21 | B22: ='Myohla(Sub-Tsp)'!A1 -> Kachin State, Bhamo District, Myohla (Sub-Township)
A23: 22 | B23: =' Lwe`ge`(Sub-Tsp)'!A1 -> Kachin State, Bhamo District, Lwe`ge` (Sub-Township)
A24: 23 | B24: =' Dotphoneyan(Sub-Tsp)'!A1 -> Kachin State, Bhamo District, Dotphoneyan (Sub-Township)
A25: 24 | B25: =Putao!A1 -> Kachin State, Putao District, Putao Township
A26: 25 | B26: =Sumprabum!A1 -> Kachin State, Putao District, Sumprabum Township
A27: 26 | B27: =Machanbaw!A1 -> Kachin State, Putao District, Machanbaw Township
A28: 27 | B28: =Khaunglanphoo!A1 -> Kachin State, Putao District, Khaunglanphoo Township
A29: 28 | B29: =Naungmoon!A1 -> Kachin State, Putao District, Naungmoon Township
A30: 29 | B30: ='Pannandin(Sub-Tsp)'!A1 -> Kachin State, Putao District, Pannandin (Sub- Township)

Sheet Myitkyinar
A1: Kachin State, Myitkyinar District, Myitkyinar Township
E2: 29-3-2014
A4: Sr | B4: Ward/ Village Tract | C4: Population
C5: Total | D5: Male | E5: Female
B6: Total | C6: =C7+C37 -> 306949 | D6: =D7+D37 -> 148485 | E6: =E7+E37 -> 158464
B7: Ward | C7: =SUM(C8:C35) -> 243031 | D7: =SUM(D8:D35) -> 116083 | E7: =SUM(E8:E35) -> 126948
A8: 1 | B8: Aye Yar(W) | C8: 3647 | D8: 1694 | E8: 1953
A9: 2 | B9: Thi Dar(W) | C9: 4143 | D9: 2094 | E9: 2049
A10: 3 | B10: Yan Gyi Aung(W) | C10: 5309 | D10: 2430 | E10: 2879
A11: 4 | B11: Du Ka Htaung(W) | C11: 8888 | D11: 3845 | E11: 5043
A12: 5 | B12: Myo Ma(W) | C12: 1369 | D12: 657 | E12: 712
A13: 6 | B13: Min Yat(W) | C13: 931 | D13: 421 | E13: 510
A14: 7 | B14: Shan Su (North)(W) | C14: 1418 | D14: 674 | E14: 744
A15: 8 | B15: Shan Su (South)(W) | C15: 1366 | D15: 664 | E15: 702
A16: 9 | B16: Kachin Su(W) | C16: 2267 | D16: 1024 | E16: 1243
A17: 10 | B17: Kyun Pin Thar(W) | C17: 6106 | D17: 2786 | E17: 3320
A18: 11 | B18: Aye Zay Di (W) | C18: 5004 | D18: 2321 | E18: 2683
A19: 12 | B19: Shwe Nyaung Pin(W) | C19: 9491 | D19: 4277 | E19: 5214
... A35: 28 | B35: Pan Ma Ti(W) | C35: 16954 | D35: 8613 | E35: 8341
B37: Village Tract | C37: =C38+C39+C40+C41+C42+C43+C44+C45+C46++C47+C48+C49+C50+C51+C52+C53+C54 -> 63918 | D37: =D38+D39+D40+D41+D42+D43+D44+D45+D46++D47+D48+D49+D50+D51+D52+D53+D54 -> 32402 | E37: =E38+E39+E40+E41+E42+E43+E44+E45+E46++E47+E48+E49+E50+E51+E52+E53+E54 -> 31516
A38: 1 | B38: Alam(VT) | C38: 4669 | D38: 2293 | E38: 2376
A39: 2 | B39: Nawng Nang(VT) | C39: 7930 | D39: 3669 | E39: 4261
A40: 3 | B40: Pa La Na Sa Khan Myar(VT) | C40: 7379 | D40: 3670 | E40: 3709
A41: 4 | B41: Nam Jin(VT) | C41: 2117 | D41: 1094 | E41: 1023
A42: 5 | B42: Nam Koi(VT) | C42: 8515 | D42: 4608 | E42: 3907
A43: 6 | B43: Maw Hpawng(VT) | C43: 9772 | D43: 5266 | E43: 4506
A44: 7 | B44: Sha Daung(VT) | C44: 2435 | D44: 1220 | E44: 1215
A45: 8 | B45: Lwe Hkaw(VT) | C45: 3979 | D45: 2095 | E45: 1884
A46: 9 | B46: Tang Hpre(VT) | C46: 2075 | D46: 1009 | E46: 1066
A47: 10 | B47: In Jit Yang(VT) | C47: 397 | D47: 197 | E47: 200
A48: 11 | B48: Ti Yang Zug(VT) | C48: 841 | D48: 445 | E48: 396
A49: 12 | B49: Ta Law Gyi(VT) | C49: 6879 | D49: 3410 | E49: 3469
... A54: 17 | B54: Ah Kye(VT) | C54: 2328 | D54: 1145 | E54: 1183

Sheet Waingmaw
A1: Kachin State, Myitkyinar District, Waingmaw Township
E2: 29-3-2014
A4: Sr | B4: Ward/ Village Tract | C4: Population
C5: Total | D5: Male | E5: Female
B6: Total | C6: =C8+C15 -> 106366 | D6: =D8+D15 -> 52698 | E6: =E8+E15 -> 53668
B8: Ward | C8: =SUM(C9:C13) -> 21969 | D8: =SUM(D9:D13) -> 10827 | E8: =SUM(E9:E13) -> 11142
A9: 1 | B9: No(1)(W) | C9: 5349 | D9: 2536 | E9: 2813
A10: 2 | B10: No(2)(W) | C10: 3810 | D10: 1826 | E10: 1984
A11: 3 | B11: No(3)(W) | C11: 6253 | D11: 3124 | E11: 3129
A12: 4 | B12: No(4)(W) | C12: 4415 | D12: 2238 | E12: 2177
A13: 5 | B13: No(5)(W) | C13: 2142 | D13: 1103 | E13: 1039
B15: Village Tract | C15: =SUM(C16:C41) -> 84397 | D15: =SUM(D16:D41) -> 41871 | E15: =SUM(E16:E41) -> 42526
A16: 1 | B16: Mading(VT) | C16: 4745 | D16: 2295 | E16: 2450
A17: 2 | B17: Moke Lwe(VT) | C17: 1928 | D17: 933 | E17: 995
A18: 3 | B18: Hkat Cho(VT) | C18: 10524 | D18: 5147 | E18: 5377
A19: 4 | B19: Aung Myay(1)(VT) | C19: 5190 | D19: 2615 | E19: 2575
A20: 5 | B20: Aung Myay(2)(VT) | C20: 848 | D20: 416 | E20: 432
A21: 6 | B21: Mai Na(VT) | C21: 14211 | D21: 6854 | E21: 7357
A22: 7 | B22: Nawng Ta Law(VT) | C22: 2708 | D22: 1296 | E22: 1412
A23: 8 | B23: Nawng Hee(VT) | C23: 2040 | D23: 1007 | E23: 1033
A24: 9 | B24: Ma Hkan Tee(VT) | C24: 2134 | D24: 1030 | E24: 1104
A25: 10 | B25: Wu Yang(VT) | C25: 5935 | D25: 2841 | E25: 3094
A26: 11 | B26: Shwe Nyaung Pin(VT) | C26: 3492 | D26: 1811 | E26: 1681
A27: 12 | B27: Nawng Si Paw(VT) | C27: 2218 | D27: 1054 | E27: 1164
... A41: 26 | B41: Hpung Tang Kawng(VT) | C41: 563 | D41: 274 | E41: 289

Sheet Ingyanyan
A1: Kachin State, Myitkyinar District, Ingyanyan Township
E2: 29-3-2014
A4: Sr | B4: Ward/ Village Tract | C4: Population
C5: Total | D5: Male | E5: Female
B6: Total | C6: =C8+C14 -> 1732 | D6: =D8+D14 -> 946 | E6: =E8+E14 -> 786
B8: Ward | C8: =SUM(C9:C12) -> 445 | D8: =SUM(D9:D12) -> 244 | E8: =SUM(E9:E12) -> 201
A9: 1 | B9: No(1)(W) | C9: 95 | D9: 44 | E9: 51
A10: 2 | B10: No(2)(W) | C10: 36 | D10: 18 | E10: 18
A11: 3 | B11: No(3)(W) | C11: 59 | D11: 49 | E11: 10
A12: 4 | B12: No(4)(W) | C12: 255 | D12: 133 | E12: 122
B14: Village Tract | C14: =C15+C16 -> 1287 | D14: =D15+D16 -> 702 | E14: =E15+E16 -> 585
A15: 1 | B15: In Waing Kawng(VT) | C15: 639 | D15: 357 | E15: 282
A16: 2 | B16: Myit Son(VT) | C16: 648 | D16: 345 | E16: 303

Sheet Tanaing
A1: Kachin State, Myitkyinar District, Tanaing Township
E2: 29-3-2014
A4: Sr | B4: Ward/ Village Tract | C4: Population
C5: Total | D5: Male | E5: Female
B6: Total | C6: =C8+C16 -> 48566 | D6: =D8+D16 -> 25773 | E6: =E8+E16 -> 22793
B8: Ward | C8: =SUM(C9:C14) -> 31998 | D8: =SUM(D9:D14) -> 17007 | E8: =SUM(E9:E14) -> 14991
A9: 1 | B9: Sin Sa Kaung(W) | C9: 5244 | D9: 2854 | E9: 2390
A10: 2 | B10: Mon Dein Kaung(W) | C10: 8669 | D10: 4533 | E10: 4136
A11: 3 | B11: Hu Kaung(W) | C11: 3661 | D11: 1833 | E11: 1828
A12: 4 | B12: Kin Sar(W) | C12: 5351 | D12: 2949 | E12: 2402
A13: 5 | B13: Du Kaung(W) | C13: 3286 | D13: 1739 | E13: 1547
A14: 6 | B14: Pon Khon Kaung(W) | C14: 5787 | D14: 3099 | E14: 2688
B16: Village Tract | C16: =SUM(C17:C25) -> 16568 | D16: =SUM(D17:D25) -> 8766 | E16: =SUM(E17:E25) -> 7802
A17: 1 | B17: Ting Kawk(VT) | C17: 1635 | D17: 848 | E17: 787
A18: 2 | B18: Nam Hpyet Yang(VT) | C18: 460 | D18: 272 | E18: 188
A19: 3 | B19: Kawng Ra(VT) | C19: 2145 | D19: 1139 | E19: 1006
A20: 4 | B20: Mai Khun (Mone Hkawm)(VT) | C20: 2240 | D20: 1232 | E20: 1008
A21: 5 | B21: Ma Kaw(VT) | C21: 5904 | D21: 3077 | E21: 2827
A22: 6 | B22: Shin Lon Ga(VT) | C22: 519 | D22: 296 | E22: 223
A23: 7 | B23: Nankhanpar(Nanbyu)(VT) | C23: 1598 | D23: 804 | E23: 794
A24: 8 | B24: Dalue(VT) | C24: 483 | D24: 247 | E24: 236
A25: 9 | B25: Aunglord(VT) | C25: 1584 | D25: 851 | E25: 733

Sheet Chiphwe
A1: Kachin State, Myitkyinar District, Chiphwe Township
E2: 29-3-2014
A4: Sr | B4: Ward/ Village Tract | C4: Population
C5: Total | D5: Male | E5: Female
B6: Total | C6: =C8+C14 -> 11303 | D6: =D8+D14 -> 5831 | E6: =E8+E14 -> 5472
B8: Ward | C8: =SUM(C9:C12) -> 1567 | D8: =SUM(D9:D12) -> 768 | E8: =SUM(E9:E12) -> 799
A9: 1 | B9: Yit Law Hkaung(W) | C9: 703 | D9: 355 | E9: 348
A10: 2 | B10: Oke Kat(W) | C10: 535 | D10: 242 | E10: 293
A11: 3 | B11: Ba Leit Dan(W) | C11: 245 | D11: 135 | E11: 110
A12: 4 | B12: Kan Paing Yan (W) | C12: 84 | D12: 36 | E12: 48
B14: Village Tract | C14: =SUM(C15:C45) -> 9736 | D14: =SUM(D15:D45) -> 5063 | E14: =SUM(E15:E45) -> 4673
A15: 1 | B15: Lai Ma Yang(VT) | C15: 86 | D15: 33 | E15: 53
A16: 2 | B16: Zan Nawng(VT) | C16: 203 | D16: 104 | E16: 99
A17: 3 | B17: Na Law(VT) | C17: 83 | D17: 43 | E17: 40
A18: 4 | B18: Myaw Maw Pa(VT) | C18: 96 | D18: 42 | E18: 54
A19: 5 | B19: Man San(VT) | C19: 75 | D19: 44 | E19: 31
A20: 6 | B20: Shan Kyaw(VT) | C20: 137 | D20: 66 | E20: 71
A21: 7 | B21: Ma Gaung(VT) | C21: 695 | D21: 335 | E21: 360
A22: 8 | B22: Bang Li(VT) | C22: 321 | D22: 173 | E22: 148
A23: 9 | B23: Nam Maw Zup(VT) | C23: 216 | D23: 126 | E23: 90
A24: 10 | B24: Ta Mu(VT) | C24: 53 | D24: 25 | E24: 28
A25: 11 | B25: Hpa Lar(VT) | C25: 53 | D25: 28 | E25: 25
A26: 12 | B26: Byaw Li(VT) | C26: 47 | D26: 20 | E26: 27
... A45: 31 | B45: Kan Hpan(VT) | C45: 1075 | D45: 535 | E45: 540

Sheet Hsotlaw
A1: Kachin State, Myitkyinar District, Hsotlaw Township
E2: 29-3-2014
A4: Sr | B4: Ward/ Village Tract | C4: Population
C5: Total | D5: Male | E5: Female
B6: Total | C6: =C8+C11 -> 6518 | D6: =D8+D11 -> 3351 | E6: =E8+E11 -> 3167
B8: Ward | C8: =C9 -> 368 | D8: =D9 -> 193 | E8: =E9 -> 175
A9: 1 | B9: Hsawlaw(W) | C9: 368 | D9: 193 | E9: 175
B11: Village Tract | C11: =SUM(C12:C32) -> 6150 | D11: =SUM(D12:D32) -> 3158 | E11: =SUM(E12:E32) -> 2992
A12: 1 | B12: La Hkam(VT) | C12: 224 | D12: 112 | E12: 112
A13: 2 | B13: Yin Kyang(VT) | C13: 72 | D13: 40 | E13: 32
A14: 3 | B14: Wa Hau(VT) | C14: 92 | D14: 46 | E14: 46
A15: 4 | B15: Man Kyi(VT) | C15: 273 | D15: 134 | E15: 139
A16: 5 | B16: Han Kaw(VT) | C16: 419 | D16: 209 | E16: 210
A17: 6 | B17: Yaw Jaw(VT) | C17: 647 | D17: 333 | E17: 314
A18: 7 | B18: Jit Loi(VT) | C18: 133 | D18: 74 | E18: 59
A19: 8 | B19: Laung Din(VT) | C19: 105 | D19: 52 | E19: 53
A20: 9 | B20: Shin Swei(VT) | C20: 7 | D20: 3 | E20: 4
A21: 10 | B21: Myaw Jaung(VT) | C21: 91 | D21: 46 | E21: 45
A22: 11 | B22: Man Byawt(VT) | C22: 227 | D22: 107 | E22: 120
A23: 12 | B23: Gawt Maw(VT) | C23: 155 | D23: 82 | E23: 73
... A32: 21 | B32: Ba Shea(VT) | C32: 403 | D32: 222 | E32: 181

Sheet Hsinbo(Sub-Tsp)
A1: Kachin State, Myitkyinar District, Hsinbo (Sub- Township)
E2: 29-3-2014
A4: Sr | B4: Ward/ Village Tract | C4: Population
C5: Total | D5: Male | E5: Female
B6: Total | C6: =C8+C13 -> 10655 | D6: =D8+D13 -> 5562 | E6: =E8+E13 -> 5093
B8: Ward | C8: =SUM(C9:C11) -> 3475 | D8: =SUM(D9:D11) -> 1828 | E8: =SUM(E9:E11) -> 1647
A9: 1 | B9: Aye Yar U(W) | C9: 1502 | D9: 846 | E9: 656
A10: 2 | B10: Aung Min Ga Lar(W) | C10: 1246 | D10: 633 | E10: 613
A11: 3 | B11: Aung Chan Thar(W) | C11: 727 | D11: 349 | E11: 378
B13: Village Tract | C13: =SUM(C14:C25) -> 7180 | D13: =SUM(D14:D25) -> 3734 | E13: =SUM(E14:E25) -> 3446
A14: 1 | B14: Myin Thar(VT) | C14: 514 | D14: 266 | E14: 248
A15: 2 | B15: Yae Nar Pin Lon(VT) | C15: 395 | D15: 191 | E15: 204
A16: 3 | B16: Pin Taw(VT) | C16: 461 | D16: 245 | E16: 216
A17: 4 | B17: Taw Pin Lon(VT) | C17: 714 | D17: 369 | E17: 345
A18: 5 | B18: Man Kin(VT) | C18: 809 | D18: 424 | E18: 385
A19: 6 | B19: Wea Gyi(VT) | C19: 297 | D19: 159 | E19: 138
A20: 7 | B20: Nawng Pwe(VT) | C20: 267 | D20: 133 | E20: 134
A21: 8 | B21: Nei Char(VT) | C21: 531 | D21: 274 | E21: 257
A22: 9 | B22: Man Hpwar(VT) | C22: 714 | D22: 371 | E22: 343
A23: 10 | B23: Nyaung Pin Thar(VT) | C23: 1845 | D23: 967 | E23: 878
A24: 11 | B24: Waing Lon(VT) | C24: 341 | D24: 178 | E24: 163
A25: 12 | B25: Tar Hoe Nar(VT) | C25: 292 | D25: 157 | E25: 135

Sheet Hsadone(Sub-Tsp)
A1: Kachin State, Myitkyinar District, Hsadone (Sub- Township)
E2: 29-3-2014
A4: Sr | B4: Ward/ Village Tract | C4: Population
C5: Total | D5: Male | E5: Female
B6: Total | C6: =C8+C15 -> 10496 | D6: =D8+D15 -> 5239 | E6: =E8+E15 -> 5257
B8: Ward | C8: =SUM(C9:C13) -> 3534 | D8: =SUM(D9:D13) -> 1789 | E8: =SUM(E9:E13) -> 1745
A9: 1 | B9: No(1)(W) | C9: 527 | D9: 257 | E9: 270
A10: 2 | B10: No(2)(W) | C10: 1122 | D10: 591 | E10: 531
A11: 3 | B11: No(3)(W) | C11: 689 | D11: 354 | E11: 335
A12: 4 | B12: No(4)(W) | C12: 615 | D12: 287 | E12: 328
A13: 5 | B13: No(5)(W) | C13: 581 | D13: 300 | E13: 281
B15: Village Tract | C15: =SUM(C16:C20) -> 6962 | D15: =SUM(D16:D20) -> 3450 | E15: =SUM(E16:E20) -> 3512
A16: 1 | B16: Sa Nar(VT) | C16: 2464 | D16: 1252 | E16: 1212
A17: 2 | B17: La Hpai(VT) | C17: 756 | D17: 377 | E17: 379
A18: 3 | B18: Hpung Kraw(VT) | C18: 623 | D18: 320 | E18: 303
A19: 4 | B19: Lu Htaung(VT) | C19: 1215 | D19: 564 | E19: 651
A20: 5 | B20: Saga Pa(VT) | C20: 1904 | D20: 937 | E20: 967

Sheet Kanpaikti(Sub-Tsp)
A1: Kachin State, Myitkyinar District, Kanpaikti (Sub- Township)
E2: 29-3-2014
A4: Sr | B4: Ward/ Village Tract | C4: Population
C5: Total | D5: Male | E5: Female
B6: Total | C6: =C8+C13 -> 8682 | D6: =D8+D13 -> 4528 | E6: =E8+E13 -> 4154
B8: Ward | C8: =SUM(C9:C11) -> 1153 | D8: =SUM(D9:D11) -> 608 | E8: =SUM(E9:E11) -> 545
A9: 1 | B9: No(1)(W) | C9: 325 | D9: 182 | E9: 143
A10: 2 | B10: No(2)(W) | C10: 655 | D10: 319 | E10: 336
A11: 3 | B11: No(3)(W) | C11: 173 | D11: 107 | E11: 66
B13: Village Tract | C13: =SUM(C14:C16) -> 7529 | D13: =SUM(D14:D16) -> 3920 | E13: =SUM(E14:E16) -> 3609
A14: 1 | B14: Waw Shung(VT) | C14: 5731 | D14: 2976 | E14: 2755
A15: 2 | B15: Lawt Pun(VT) | C15: 496 | D15: 263 | E15: 233
A16: 3 | B16: Zahkung(VT) | C16: 1302 | D16: 681 | E16: 621

Sheet Shinbwanyyan(Sub-Tsp)
A1: Kachin State, Myitkyinar District, Shinbwayyan (Sub- Township)
E2: 29-3-2014
A4: Sr | B4: Ward/ Village Tract | C4: Population
C5: Total | D5: Male | E5: Female
B6: Total | C6: =C8+C14 -> 11453 | D6: =D8+D14 -> 6206 | E6: =E8+E14 -> 5247
B8: Ward | C8: =SUM(C9:C12) -> 5417 | D8: =SUM(D9:D12) -> 3073 | E8: =SUM(E9:E12) -> 2344
A9: 1 | B9: No(1)(W) | C9: 1489 | D9: 882 | E9: 607
A10: 2 | B10: No(2)(W) | C10: 923 | D10: 475 | E10: 448
A11: 3 | B11: No(3)(W) | C11: 2684 | D11: 1529 | E11: 1155
A12: 4 | B12: No(4)(W) | C12: 321 | D12: 187 | E12: 134
B14: Village Tract | C14: =SUM(C15:C16) -> 6036 | D14: =SUM(D15:D16) -> 3133 | E14: =SUM(E15:E16) -> 2903
A15: 1 | B15: Hka Lone(VT) | C15: 1875 | D15: 974 | E15: 901
A16: 2 | B16: Ta Ron(VT) | C16: 4161 | D16: 2159 | E16: 2002

Sheet Panwa(Sub-Tsp)
A1: Kachin State, Myitkyinar District, Panwa (Sub- Township)
E2: 29-3-2014
A4: Sr | B4: Ward/ Village Tract | C4: Population
C5: Total | D5: Male | E5: Female
B6: Total | C6: =C8+C13 -> 8736 | D6: =D8+D13 -> 4469 | E6: =E8+E13 -> 4267
B8: Ward | C8: =SUM(C9:C11) -> 1223 | D8: =SUM(D9:D11) -> 623 | E8: =SUM(E9:E11) -> 600
A9: 1 | B9: No(1)(W) | C9: 359 | D9: 171 | E9: 188
A10: 2 | B10: No(2)(W) | C10: 412 | D10: 215 | E10: 197
A11: 3 | B11: No(3)(W) | C11: 452 | D11: 237 | E11: 215
B13: Village Tract | C13: =SUM(C14:C20) -> 7513 | D13: =SUM(D14:D20) -> 3846 | E13: =SUM(E14:E20) -> 3667
A14: 1 | B14: Lang Jaw(VT) | C14: 2313 | D14: 1235 | E14: 1078
A15: 2 | B15: Bawm Myan(VT) | C15: 267 | D15: 135 | E15: 132
A16: 3 | B16: La Gwi(VT) | C16: 767 | D16: 374 | E16: 393
A17: 4 | B17: Hpa Re(VT) | C17: 940 | D17: 488 | E17: 452
A18: 5 | B18: Shi Kyang(VT) | C18: 923 | D18: 468 | E18: 455
A19: 6 | B19: Gawt Yum(VT) | C19: 492 | D19: 245 | E19: 247
A20: 7 | B20: Hpi Maw(VT) | C20: 1811 | D20: 901 | E20: 910

Sheet Mohnyin
A1: Kachin State, Mohnyin District, Mohnyin Township
E2: 29-3-2014
A4: Sr | B4: Ward/ Village Tract | C4: Population
C5: Total | D5: Male | E5: Female
B6: Total | C6: =C8+C15 -> 160598 | D6: =D8+D15 -> 78795 | E6: =E8+E15 -> 81803
B8: Ward | C8: =SUM(C9:C13) -> 33290 | D8: =SUM(D9:D13) -> 15910 | E8: =SUM(E9:E13) -> 17380
A9: 1 | B9: Nam Khar(W) | C9: 7721 | D9: 3709 | E9: 4012
A10: 2 | B10: Myo Ma(W) | C10: 7073 | D10: 3549 | E10: 3524
A11: 3 | B11: Oke Kyin(W) | C11: 4677 | D11: 2173 | E11: 2504
A12: 4 | B12: Ah Shey Su(W) | C12: 7154 | D12: 3409 | E12: 3745
A13: 5 | B13: Aung Tha Pyay(W) | C13: 6665 | D13: 3070 | E13: 3595
B15: Village Tract | C15: =SUM(C16:C45) -> 127308 | D15: =SUM(D16:D45) -> 62885 | E15: =SUM(E16:E45) -> 64423
A16: 1 | B16: Pin Lon(VT) | C16: 4203 | D16: 2040 | E16: 2163
A17: 2 | B17: Maw Han(VT) | C17: 9281 | D17: 5468 | E17: 3813
A18: 3 | B18: Se Maing Ywar Thit(VT) | C18: 3423 | D18: 1913 | E18: 1510
A19: 4 | B19: Kar Tu(VT) | C19: 1507 | D19: 731 | E19: 776
A20: 5 | B20: Nyaung Kaing(VT) | C20: 2283 | D20: 1204 | E20: 1079
A21: 6 | B21: Bi Lu(VT) | C21: 7065 | D21: 3204 | E21: 3861
A22: 7 | B22: In Gyin Kone(VT) | C22: 1816 | D22: 815 | E22: 1001
A23: 8 | B23: Nyaung Kone(VT) | C23: 1945 | D23: 912 | E23: 1033
A24: 9 | B24: Pin He(VT) | C24: 4247 | D24: 2076 | E24: 2171
A25: 10 | B25: Inn Kone(VT) | C25: 4768 | D25: 2192 | E25: 2576
A26: 11 | B26: Nyaung Pin Thar(VT) | C26: 1700 | D26: 750 | E26: 950
A27: 12 | B27: Nam Mar(VT) | C27: 11086 | D27: 5242 | E27: 5844
... A45: 30 | B45: Forest EA | C45: 88 | D45: 39 | E45: 49

Sheet Mogaung
A1: Kachin State, Mohnyin District, Mogaung Township
E2: 29-3-2014
A4: Sr | B4: Ward/ Village Tract | C4: Population
C5: Total | D5: Male | E5: Female
B6: Total | C6: =C8+C16 -> 132608 | D6: =D8+D16 -> 63501 | E6: =E8+E16 -> 69107
B8: Ward | C8: =SUM(C9:C14) -> 25012 | D8: =SUM(D9:D14) -> 11604 | E8: =SUM(E9:E14) -> 13408
A9: 1 | B9: Nam Yin(W) | C9: 1913 | D9: 895 | E9: 1018
A10: 2 | B10: Oe Tan(W) | C10: 9456 | D10: 4504 | E10: 4952
A11: 3 | B11: Ah Lel(W) | C11: 998 | D11: 417 | E11: 581
A12: 4 | B12: Ah Shey(W) | C12: 860 | D12: 357 | E12: 503
A13: 5 | B13: Zay Kone(W) | C13: 5879 | D13: 2719 | E13: 3160
A14: 6 | B14: Nat Gyi Kone(W) | C14: 5906 | D14: 2712 | E14: 3194
B16: Village Tract | C16: =SUM(C17:C54) -> 107596 | D16: =SUM(D17:D54) -> 51897 | E16: =SUM(E17:E54) -> 55699
A17: 1 | B17: Ywar Thit(VT) | C17: 2139 | D17: 931 | E17: 1208
A18: 2 | B18: Nawng Kaing Htaw(VT) | C18: 5914 | D18: 2843 | E18: 3071
A19: 3 | B19: Pin Khar(VT) | C19: 519 | D19: 228 | E19: 291
A20: 4 | B20: Kyar Inn(VT) | C20: 1209 | D20: 571 | E20: 638
A21: 5 | B21: Kyun Pin Thar(VT) | C21: 4012 | D21: 2073 | E21: 1939
A22: 6 | B22: Yae Shin(VT) | C22: 3419 | D22: 1704 | E22: 1715
A23: 7 | B23: Lwe Li Yang(VT) | C23: 1186 | D23: 594 | E23: 592
A24: 8 | B24: Man Ywet(VT) | C24: 3709 | D24: 1806 | E24: 1903
A25: 9 | B25: Nyaung Kone(VT) | C25: 676 | D25: 350 | E25: 326
A26: 10 | B26: Saung Khar(VT) | C26: 514 | D26: 243 | E26: 271
A27: 11 | B27: Nam Hai(VT) | C27: 2707 | D27: 1295 | E27: 1412
A28: 12 | B28: Lwe Law(VT) | C28: 1303 | D28: 654 | E28: 649
... A54: 38 | B54: Hsut Hlyan(VT) | C54: 14 | D54: 10 | E54: 4

Sheet Phakant
A1: Kachin State, Mohnyin District, Phakant Township
E2: 29-3-2014
A4: Sr | B4: Ward/ Village Tract | C4: Population
C5: Total | D5: Male | E5: Female
B6: Total | C6: =C8+C15 -> 312278 | D6: =D8+D15 -> 201033 | E6: =E8+E15 -> 111245
B8: Ward | C8: =SUM(C9:C13) -> 60123 | D8: =SUM(D9:D13) -> 39992 | E8: =SUM(E9:E13) -> 20131
A9: 1 | B9: Maw Wam Ward(W) | C9: 24344 | D9: 15922 | E9: 8422
A10: 2 | B10: Hnget Pyaw Taw(W) | C10: 3183 | D10: 1649 | E10: 1534
A11: 3 | B11: Myo Ma(W) | C11: 3299 | D11: 1779 | E11: 1520
A12: 4 | B12: Aye Mya Thar Yar(W) | C12: 20704 | D12: 15417 | E12: 5287
A13: 5 | B13: Ma Shi Ka Htaung(W) | C13: 8593 | D13: 5225 | E13: 3368
B15: Village Tract | C15: =SUM(C16:C24) -> 252155 | D15: =SUM(D16:D24) -> 161041 | E15: =SUM(E16:E24) -> 91114
A16: 1 | B16: Lone Khin(VT) | C16: 63958 | D16: 40520 | E16: 23438
A17: 2 | B17: Nam Ma Hpyit(VT) | C17: 7524 | D17: 4916 | E17: 2608
A18: 3 | B18: Seik Mu(VT) | C18: 103804 | D18: 71884 | E18: 31920
A19: 4 | B19: Haung Par(VT) | C19: 52415 | D19: 30994 | E19: 21421
A20: 5 | B20: Dun Bone Hka(VT) | C20: 821 | D20: 402 | E20: 419
A21: 6 | B21: La War(VT) | C21: 3899 | D21: 1878 | E21: 2021
A22: 7 | B22: Dun Bang(VT) | C22: 3962 | D22: 2018 | E22: 1944
A23: 8 | B23: Nawng Mi(VT) | C23: 3583 | D23: 1794 | E23: 1789
A24: 9 | B24: Wa Ra Zut(VT) | C24: 12189 | D24: 6635 | E24: 5554

Sheet Hopin(Sub-Tsp)
A1: Kachin State, Mohnyin District, Hopin (Sub- Township)
E2: 29-3-2014
A4: Sr | B4: Ward/ Village Tract | C4: Population
C5: Total | D5: Male | E5: Female
B6: Total | C6: =C8+C14 -> 48694 | D6: =D8+D14 -> 22803 | E6: =E8+E14 -> 25891
B8: Ward | C8: =SUM(C9:C12) -> 23352 | D8: =SUM(D9:D12) -> 10742 | E8: =SUM(E9:E12) -> 12610
A9: 1 | B9: Mya Thi Dar(W) | C9: 5887 | D9: 2744 | E9: 3143
A10: 2 | B10: Mya Zay Yar(W) | C10: 6348 | D10: 2838 | E10: 3510
A11: 3 | B11: Myo Ma(South)(W) | C11: 5297 | D11: 2462 | E11: 2835
A12: 4 | B12: Myo Ma(North)(W) | C12: 5820 | D12: 2698 | E12: 3122
B14: Village Tract | C14: =SUM(C15:C22) -> 25342 | D14: =SUM(D15:D22) -> 12061 | E14: =SUM(E15:E22) -> 13281
A15: 1 | B15: Myo Thit Ka Lay(VT) | C15: 3740 | D15: 1779 | E15: 1961
A16: 2 | B16: Ta Kwin(VT) | C16: 6359 | D16: 3012 | E16: 3347
A17: 3 | B17: Kyar Gyi Kwin(VT) | C17: 3383 | D17: 1648 | E17: 1735
A18: 4 | B18: Ywar Thit Gyi(VT) | C18: 4140 | D18: 1909 | E18: 2231
A19: 5 | B19: Zaw Ti Kone(VT) | C19: 1212 | D19: 621 | E19: 591
A20: 6 | B20: Khun Hnit Maing Kone Tan(VT) | C20: 1992 | D20: 979 | E20: 1013
A21: 7 | B21: Inn Lay(VT) | C21: 1295 | D21: 584 | E21: 711
A22: 8 | B22: Nam Yin(VT) | C22: 3221 | D22: 1529 | E22: 1692

Sheet Kamine(Sub-Tsp)
A1: Kachin State, Mohnyin District, Kamine (Sub- Township)
E2: 29-3-2014
A4: Sr | B4: Ward/ Village Tract | C4: Population
C5: Total | D5: Male | E5: Female
B6: Total | C6: =C8+C11 -> 19430 | D6: =D8+D11 -> 9690 | E6: =E8+E11 -> 9740
B8: Ward | C8: =C9 -> 5734 | D8: =D9 -> 2826 | E8: =E9 -> 2908
A9: 1 | B9: Kamaing(W) | C9: 5734 | D9: 2826 | E9: 2908
B11: Village Tract | C11: =SUM(C12:C17) -> 13696 | D11: =SUM(D12:D17) -> 6864 | E11: =SUM(E12:E17) -> 6832
A12: 1 | B12: Gau Ri(VT) | C12: 1297 | D12: 608 | E12: 689
A13: 2 | B13: Kawng Ra(VT) | C13: 1852 | D13: 885 | E13: 967
A14: 3 | B14: Nam Si In(VT) | C14: 1387 | D14: 680 | E14: 707
A15: 4 | B15: Ka Htan Yang(VT) | C15: 2777 | D15: 1357 | E15: 1420
A16: 5 | B16: Nam Ya(VT) | C16: 3265 | D16: 1626 | E16: 1639
A17: 6 | B17: Kat Hmaw Sut(VT) | C17: 3118 | D17: 1708 | E17: 1410

Sheet Bhamo
A1: Kachin State, Bhamo District, Bhamo Township
E2: 29-3-2014
A4: Sr | B4: Ward/ Village Tract | C4: Population
C5: Total | D5: Male | E5: Female
B6: Total | C6: =C8+C23 -> 135877 | D6: =D8+D23 -> 66718 | E6: =E8+E23 -> 69159
B8: Ward | C8: =SUM(C9:C21) -> 58696 | D8: =SUM(D9:D21) -> 28492 | E8: =SUM(E9:E21) -> 30204
A9: 1 | B9: Khun Thar(W) | C9: 5103 | D9: 2460 | E9: 2643
A10: 2 | B10: Myo Ma(W) | C10: 824 | D10: 381 | E10: 443
A11: 3 | B11: Ah Lel Yat(W) | C11: 812 | D11: 350 | E11: 462
A12: 4 | B12: Min Kone(W) | C12: 2782 | D12: 1482 | E12: 1300
A13: 5 | B13: Thar Si(W) | C13: 10304 | D13: 5083 | E13: 5221
A14: 6 | B14: Pauk Kone(W) | C14: 9539 | D14: 4487 | E14: 5052
A15: 7 | B15: Min Kyaung Kone(W) | C15: 1636 | D15: 769 | E15: 867
A16: 8 | B16: Nyaung Pin(W) | C16: 8813 | D16: 4076 | E16: 4737
A17: 9 | B17: Thi Ri(W) | C17: 2230 | D17: 1099 | E17: 1131
A18: 10 | B18: Sin Kone(W) | C18: 1413 | D18: 694 | E18: 719
A19: 11 | B19: Nam Hpar(W) | C19: 4102 | D19: 1978 | E19: 2124
A20: 12 | B20: Nawng Kho(W) | C20: 8359 | D20: 4334 | E20: 4025
A21: 13 | B21: Shwe Kyee Nar(W) | C21: 2779 | D21: 1299 | E21: 1480
B23: Village Tract | C23: =SUM(C24:C68) -> 77181 | D23: =SUM(D24:D68) -> 38226 | E23: =SUM(E24:E68) -> 38955
A24: 1 | B24: Kywe Gyo Kan Ba Ni(VT) | C24: 1132 | D24: 539 | E24: 593
A25: 2 | B25: Chaung Wa(VT) | C25: 647 | D25: 301 | E25: 346
A26: 3 | B26: Nawng Laik(VT) | C26: 1024 | D26: 472 | E26: 552
A27: 4 | B27: Man Khun(VT) | C27: 727 | D27: 369 | E27: 358
A28: 5 | B28: Wet Kone(VT) | C28: 3682 | D28: 1895 | E28: 1787
A29: 6 | B29: Kho Kyin(VT) | C29: 1100 | D29: 524 | E29: 576
A30: 7 | B30: Man Hpar(VT) | C30: 844 | D30: 409 | E30: 435
A31: 8 | B31: Si In(VT) | C31: 2306 | D31: 1328 | E31: 978
A32: 9 | B32: Moe Hping(VT) | C32: 1968 | D32: 917 | E32: 1051
A33: 10 | B33: Tar Maing Lon(VT) | C33: 1104 | D33: 526 | E33: 578
A34: 11 | B34: He Lon Thit(VT) | C34: 1060 | D34: 475 | E34: 585
A35: 12 | B35: He Lon Haung(VT) | C35: 523 | D35: 228 | E35: 295
... A68: 45 | B68: Aung Thar(VT) | C68: 2011 | D68: 997 | E68: 1014

Sheet Shwegu
A1: Kachin State, Bhamo District, Shwegu Township
E2: 29-3-2014
A4: Sr | B4: Ward/ Village Tract | C4: Population
C5: Total | D5: Male | E5: Female
B6: Total | C6: =C8+C14 -> 90691 | D6: =D8+D14 -> 45062 | E6: =E8+E14 -> 45629
B8: Ward | C8: =SUM(C9:C12) -> 18894 | D8: =SUM(D9:D12) -> 9028 | E8: =SUM(E9:E12) -> 9866
A9: 1 | B9: No(1)(W) | C9: 4629 | D9: 2264 | E9: 2365
A10: 2 | B10: No(2)(W) | C10: 4082 | D10: 1949 | E10: 2133
A11: 3 | B11: No(3)(W) | C11: 3546 | D11: 1714 | E11: 1832
A12: 4 | B12: No(4)(W) | C12: 6637 | D12: 3101 | E12: 3536
B14: Village Tract | C14: =SUM(C15:C40) -> 71797 | D14: =SUM(D15:D40) -> 36034 | E14: =SUM(E15:E40) -> 35763
A15: 1 | B15: Nawng Mo(VT) | C15: 2349 | D15: 1227 | E15: 1122
A16: 2 | B16: Thin Baw Inn(VT) | C16: 2340 | D16: 1169 | E16: 1171
A17: 3 | B17: Moe Sit(VT) | C17: 2433 | D17: 1220 | E17: 1213
A18: 4 | B18: Yae Le(VT) | C18: 3106 | D18: 1534 | E18: 1572
A19: 5 | B19: Sin Tat(VT) | C19: 2396 | D19: 1187 | E19: 1209
A20: 6 | B20: Sin Hpoke(VT) | C20: 3547 | D20: 1912 | E20: 1635
A21: 7 | B21: Nga Bat Gyi(VT) | C21: 2598 | D21: 1288 | E21: 1310
A22: 8 | B22: Pan Tin(VT) | C22: 2209 | D22: 1104 | E22: 1105
A23: 9 | B23: Si Thaung(VT) | C23: 2149 | D23: 1077 | E23: 1072
A24: 10 | B24: Man Wein(VT) | C24: 1332 | D24: 616 | E24: 716
A25: 11 | B25: Si Thar(VT) | C25: 1560 | D25: 788 | E25: 772
A26: 12 | B26: Si Maw(VT) | C26: 1763 | D26: 896 | E26: 867
... A40: 26 | B40: Shwe Chang tar(VT) | C40: 1613 | D40: 835 | E40: 778

Sheet Momauk
A1: Kachin State, Bhamo District, Momauk Township
E2: 29-3-2014
A4: Sr | B4: Ward/ Village Tract | C4: Population
C5: Total | D5: Male | E5: Female
B6: Total | C6: =C8+C13 -> 41562 | D6: =D8+D13 -> 20248 | E6: =E8+E13 -> 21314
B8: Ward | C8: =SUM(C9:C11) -> 10741 | D8: =SUM(D9:D11) -> 5039 | E8: =SUM(E9:E11) -> 5702
A9: 1 | B9: Khar Nan(W) | C9: 3173 | D9: 1538 | E9: 1635
A10: 2 | B10: Ah Lin Kawng(W) | C10: 3742 | D10: 1745 | E10: 1997
A11: 3 | B11: Kyay Nan Waing(W) | C11: 3826 | D11: 1756 | E11: 2070
B13: Village Tract | C13: =SUM(C14:C35) -> 30821 | D13: =SUM(D14:D35) -> 15209 | E13: =SUM(E14:E35) -> 15612
A14: 1 | B14: Man Pon(VT) | C14: 2886 | D14: 1514 | E14: 1372
A15: 2 | B15: Kyauk Sa Khan(VT) | C15: 486 | D15: 252 | E15: 234
A16: 3 | B16: Kun Bang(VT) | C16: 251 | D16: 128 | E16: 123
A17: 4 | B17: Ja Hkan Dat(VT) | C17: 611 | D17: 307 | E17: 304
A18: 5 | B18: Gwei Ka Htaung(VT) | C18: 158 | D18: 99 | E18: 59
A19: 6 | B19: Prang Hku Dong(VT) | C19: 50 | D19: 45 | E19: 5
A20: 7 | B20: Myo Thit(VT) | C20: 2382 | D20: 1155 | E20: 1227
A21: 8 | B21: Min Gyan(VT) | C21: 2353 | D21: 1056 | E21: 1297
A22: 9 | B22: Si Kaw(VT) | C22: 1336 | D22: 607 | E22: 729
A23: 10 | B23: Khon Sint(VT) | C23: 1610 | D23: 785 | E23: 825
A24: 11 | B24: Man Nawng(VT) | C24: 3554 | D24: 1732 | E24: 1822
A25: 12 | B25: Hnin Ei(VT) | C25: 2010 | D25: 988 | E25: 1022
... A35: 22 | B35: Kon Pyi(VT) | C35: 47 | D35: 22 | E35: 25

Sheet Mansi
A1: Kachin State, Bhamo District, Mansi Township
E2: 29-3-2014
A4: Sr | B4: Ward/ Village Tract | C4: Population
C5: Total | D5: Male | E5: Female
B6: Total | C6: =C8+C14 -> 52945 | D6: =D8+D14 -> 26156 | E6: =E8+E14 -> 26789
B8: Ward | C8: =SUM(C9:C12) -> 8146 | D8: =SUM(D9:D12) -> 4087 | E8: =SUM(E9:E12) -> 4059
A9: 1 | B9: Maw Ya Wa Di(W) | C9: 1713 | D9: 846 | E9: 867
A10: 2 | B10: Jein Hpawt Myay(W) | C10: 1154 | D10: 564 | E10: 590
A11: 3 | B11: Pyin Oo Lwin(W) | C11: 1161 | D11: 561 | E11: 600
A12: 4 | B12: Kawng Yar(W) | C12: 4118 | D12: 2116 | E12: 2002
B14: Village Tract | C14: =SUM(C15:C34) -> 44799 | D14: =SUM(D15:D34) -> 22069 | E14: =SUM(E15:E34) -> 22730
A15: 1 | B15: Chaung Htauk(VT) | C15: 539 | D15: 267 | E15: 272
A16: 2 | B16: Man Hkan Yi Hku(VT) | C16: 325 | D16: 154 | E16: 171
A17: 3 | B17: Han Htet(VT) | C17: 3517 | D17: 1804 | E17: 1713
A18: 4 | B18: Kone Tein(VT) | C18: 2080 | D18: 1057 | E18: 1023
A19: 5 | B19: Nam Ma Hpweit(VT) | C19: 1519 | D19: 806 | E19: 713
A20: 6 | B20: Man Thar (Mansi)(VT) | C20: 5173 | D20: 2555 | E20: 2618
A21: 7 | B21: Maing Khaung(VT) | C21: 4851 | D21: 2328 | E21: 2523
A22: 8 | B22: Mai Bat(VT) | C22: 187 | D22: 100 | E22: 87
A23: 9 | B23: Ton Hone(VT) | C23: 378 | D23: 183 | E23: 195
A24: 10 | B24: Man Wein Gyi(VT) | C24: 7533 | D24: 3602 | E24: 3931
A25: 11 | B25: Man Mawn(VT) | C25: 1235 | D25: 604 | E25: 631
A26: 12 | B26: Nawng Loke(VT) | C26: 1695 | D26: 804 | E26: 891
... A34: 20 | B34: Si Khan Gyi(VT) | C34: 2154 | D34: 1098 | E34: 1056

Sheet Myohla(Sub-Tsp)
A1: Kachin State, Bhamo District, Myohla (Sub-Township)
E2: 29-3-2014
A4: Sr | B4: Ward/ Village Tract | C4: Population
C5: Total | D5: Male | E5: Female
B6: Total | C6: =C8+C14 -> 4093 | D6: =D8+D14 -> 2112 | E6: =E8+E14 -> 1981
B8: Ward | C8: =SUM(C9:C12) -> 1828 | D8: =SUM(D9:D12) -> 951 | E8: =SUM(E9:E12) -> 877
A9: 1 | B9: No(1)(W) | C9: 421 | D9: 209 | E9: 212
A10: 2 | B10: No(2)(W) | C10: 523 | D10: 268 | E10: 255
A11: 3 | B11: No(3)(W) | C11: 476 | D11: 251 | E11: 225
A12: 4 | B12: No(4)(W) | C12: 408 | D12: 223 | E12: 185
B14: Village Tract | C14: =SUM(C15:C16) -> 2265 | D14: =SUM(D15:D16) -> 1161 | E14: =SUM(E15:E16) -> 1104
A15: 1 | B15: Ah Mat Gyi Kone(VT) | C15: 807 | D15: 450 | E15: 357
A16: 2 | B16: Min Kyaung Kone(VT) | C16: 1458 | D16: 711 | E16: 747

Sheet  Lwe`ge`(Sub-Tsp)
A1: Kachin State, Bhamo District, Lwe`ge` (Sub-Township)
E2: 29-3-2014
A4: Sr | B4: Ward/ Village Tract | C4: Population
C5: Total | D5: Male | E5: Female
B6: Total | C6: =C8+C17 -> 10039 | D6: =D8+D17 -> 4965 | E6: =E8+E17 -> 5074
B8: Ward | C8: =SUM(C9:C15) -> 8375 | D8: =SUM(D9:D15) -> 4112 | E8: =SUM(E9:E15) -> 4263
A9: 1 | B9: Aung Min Ga Lar(W) | C9: 1107 | D9: 576 | E9: 531
A10: 2 | B10: Aung Thi Ri(W) | C10: 1465 | D10: 689 | E10: 776
A11: 3 | B11: Aung Chan Thar(W) | C11: 1176 | D11: 596 | E11: 580
A12: 4 | B12: Aung Thit Sar(W) | C12: 904 | D12: 431 | E12: 473
A13: 5 | B13: Aung Zay Yar(W) | C13: 2792 | D13: 1371 | E13: 1421
A14: 6 | B14: Saing Gyar(W) | C14: 559 | D14: 265 | E14: 294
A15: 7 | B15: Kawng Nan(W) | C15: 372 | D15: 184 | E15: 188
B17: Village Tract | C17: =SUM(C18:C22) -> 1664 | D17: =SUM(D18:D22) -> 853 | E17: =SUM(E18:E22) -> 811
A18: 1 | B18: Ka Le Chet(VT) | C18: 83 | D18: 58 | E18: 25
A19: 2 | B19: Kawng Hsa(VT) | C19: 540 | D19: 256 | E19: 284
A20: 3 | B20: Hka Rein Mu Dan(VT) | C20: 15 | D20: 6 | E20: 9
A21: 4 | B21: Pan Hkat(VT) | C21: 300 | D21: 151 | E21: 149
A22: 5 | B22: Wein Hkam(VT) | C22: 726 | D22: 382 | E22: 344

Sheet  Dotphoneyan(Sub-Tsp)
A1: Kachin State, Bhamo District, Dotphoneyan (Sub-Township)
E2: 29-3-2014
A4: Sr | B4: Ward/ Village Tract | C4: Population
C5: Total | D5: Male | E5: Female
B6: Total | C6: =C8+C13 -> 11313 | D6: =D8+D13 -> 5816 | E6: =E8+E13 -> 5497
B8: Ward | C8: =SUM(C9:C11) -> 1881 | D8: =SUM(D9:D11) -> 981 | E8: =SUM(E9:E11) -> 900
A9: 1 | B9: No(1)(W) | C9: 701 | D9: 361 | E9: 340
A10: 2 | B10: No(2)(W) | C10: 368 | D10: 178 | E10: 190
A11: 3 | B11: No(3)(W) | C11: 812 | D11: 442 | E11: 370
B13: Village Tract | C13: =SUM(C14:C23) -> 9432 | D13: =SUM(D14:D23) -> 4835 | E13: =SUM(E14:E23) -> 4597
A14: 1 | B14: Au Htan Yang(VT) | C14: 108 | D14: 77 | E14: 31
A15: 2 | B15: Tein Hpa Yar(VT) | C15: 1721 | D15: 891 | E15: 830
A16: 3 | B16: Thein Lon(VT) | C16: 1077 | D16: 564 | E16: 513
A17: 4 | B17: Hpar Kei(VT) | C17: 3105 | D17: 1600 | E17: 1505
A18: 5 | B18: Da Sai(VT) | C18: 1277 | D18: 639 | E18: 638
A19: 6 | B19: Nar Lon(VT) | C19: 374 | D19: 189 | E19: 185
A20: 7 | B20: Man Thea(VT) | C20: 498 | D20: 225 | E20: 273
A21: 8 | B21: Ton Hone Yang(VT) | C21: 27 | D21: 13 | E21: 14
A22: 9 | B22: Man Maw(VT) | C22: 370 | D22: 193 | E22: 177
A23: 10 | B23: Man Ping (Ping)(VT) | C23: 875 | D23: 444 | E23: 431

Sheet Putao
A1: Kachin State, Putao District, Putao Township
E2: 29-3-2014
A4: Sr | B4: Ward/ Village Tract | C4: Population
C5: Total | D5: Male | E5: Female
B6: Total | C6: =C8+C20 -> 61075 | D6: =D8+D20 -> 30162 | E6: =E8+E20 -> 30913
B8: Ward | C8: =SUM(C9:C18) -> 15978 | D8: =SUM(D9:D18) -> 7706 | E8: =SUM(E9:E18) -> 8272
A9: 1 | B9: Pan Hlaing(W) | C9: 571 | D9: 279 | E9: 292
A10: 2 | B10: Ho Kho(W) | C10: 1208 | D10: 591 | E10: 617
A11: 3 | B11: Myo Ma(W) | C11: 1691 | D11: 855 | E11: 836
A12: 4 | B12: Kawng Ka Htaung(W) | C12: 2425 | D12: 1108 | E12: 1317
A13: 5 | B13: Tat Thit(W) | C13: 850 | D13: 523 | E13: 327
A14: 6 | B14: Ton Li Htu(W) | C14: 226 | D14: 107 | E14: 119
A15: 7 | B15: Par In(W) | C15: 601 | D15: 295 | E15: 306
A16: 8 | B16: Lay Yin Kwin(W) | C16: 4276 | D16: 2026 | E16: 2250
A17: 9 | B17: Doke Tan(W) | C17: 2769 | D17: 1312 | E17: 1457
A18: 10 | B18: Lone Sut(W) | C18: 1361 | D18: 610 | E18: 751
B20: Village Tract | C20: =SUM(C21:C34) -> 45097 | D20: =SUM(D21:D34) -> 22456 | E20: =SUM(E21:E34) -> 22641
A21: 1 | B21: Sarl Hkam Dam(VT) | C21: 2516 | D21: 1274 | E21: 1242
A22: 2 | B22: Zi Aun(VT) | C22: 2534 | D22: 1210 | E22: 1324
A23: 3 | B23: Nam Ton Khu(VT) | C23: 2243 | D23: 1135 | E23: 1108
A24: 4 | B24: Pan Ma Ti(VT) | C24: 5019 | D24: 2465 | E24: 2554
A25: 5 | B25: Pu Taung(VT) | C25: 2562 | D25: 1237 | E25: 1325
A26: 6 | B26: Mar Lu Leit(VT) | C26: 2414 | D26: 1200 | E26: 1214
A27: 7 | B27: Man Say(VT) | C27: 7162 | D27: 3554 | E27: 3608
A28: 8 | B28: Man Say Khun(VT) | C28: 1821 | D28: 890 | E28: 931
A29: 9 | B29: Lang Taung(VT) | C29: 4615 | D29: 2328 | E29: 2287
A30: 10 | B30: Mu La Shi Di(VT) | C30: 5469 | D30: 2844 | E30: 2625
A31: 11 | B31: Hpat Ma(VT) | C31: 2065 | D31: 1041 | E31: 1024
A32: 12 | B32: Lon Sha Yang(VT) | C32: 4609 | D32: 2259 | E32: 2350
... A34: 14 | B34: Ma Kat Mon(VT) | C34: 1007 | D34: 482 | E34: 525

Sheet Sumprabum
A1: Kachin State, Putao District, Sumprabum Township
E2: 29-3-2014
A4: Sr | B4: Ward/ Village Tract | C4: Population
C5: Total | D5: Male | E5: Female
B6: Total | C6: =C8+C13 -> 2546 | D6: =D8+D13 -> 1291 | E6: =E8+E13 -> 1255
B8: Ward | C8: =SUM(C9:C11) -> 1137 | D8: =SUM(D9:D11) -> 606 | E8: =SUM(E9:E11) -> 531
A9: 1 | B9: Ka Ba Yan Khu(W) | C9: 126 | D9: 57 | E9: 69
A10: 2 | B10: Myo Ma(W) | C10: 746 | D10: 416 | E10: 330
A11: 3 | B11: War Sat Khu(W) | C11: 265 | D11: 133 | E11: 132
B13: Village Tract | C13: =SUM(C14:C22) -> 1409 | D13: =SUM(D14:D22) -> 685 | E13: =SUM(E14:E22) -> 724
A14: 1 | B14: In Ta Ga Lu(VT) | C14: 186 | D14: 90 | E14: 96
A15: 2 | B15: Hpung Ing Yang(VT) | C15: 129 | D15: 58 | E15: 71
A16: 3 | B16: In Gaw Ma(VT) | C16: 67 | D16: 37 | E16: 30
A17: 4 | B17: Khin Du Yang(VT) | C17: 163 | D17: 78 | E17: 85
A18: 5 | B18: Hka Ka Ran Yang(VT) | C18: 205 | D18: 99 | E18: 106
A19: 6 | B19: Ka War Pan(VT) | C19: 127 | D19: 61 | E19: 66
A20: 7 | B20: But Hkar(VT) | C20: 241 | D20: 113 | E20: 128
A21: 8 | B21: Za Nan Kha(VT) | C21: 85 | D21: 45 | E21: 40
A22: 9 | B22: Mai Htaung(VT) | C22: 206 | D22: 104 | E22: 102

Sheet Machanbaw
A1: Kachin State, Putao District, Machanbaw Township
E2: 29-3-2014
A4: Sr | B4: Ward/ Village Tract | C4: Population
C5: Total | D5: Male | E5: Female
B6: Total | C6: =C8+C14 -> 8858 | D6: =D8+D14 -> 4455 | E6: =E8+E14 -> 4403
B8: Ward | C8: =SUM(C9:C12) -> 2315 | D8: =SUM(D9:D12) -> 1181 | E8: =SUM(E9:E12) -> 1134
A9: 1 | B9: No(1)(W) | C9: 835 | D9: 462 | E9: 373
A10: 2 | B10: No(2)(W) | C10: 511 | D10: 241 | E10: 270
A11: 3 | B11: No(3)(W) | C11: 505 | D11: 248 | E11: 257
A12: 4 | B12: No(4)(W) | C12: 464 | D12: 230 | E12: 234
B14: Village Tract | C14: =SUM(C15:C26) -> 6543 | D14: =SUM(D15:D26) -> 3274 | E14: =SUM(E15:E26) -> 3269
A15: 1 | B15: In Bu Bawt(VT) | C15: 500 | D15: 261 | E15: 239
A16: 2 | B16: Nam Hkam(VT) | C16: 1011 | D16: 489 | E16: 522
A17: 3 | B17: Hta Ran Dam(VT) | C17: 1881 | D17: 906 | E17: 975
A18: 4 | B18: Kawng Mu Lon(VT) | C18: 1026 | D18: 531 | E18: 495
A19: 5 | B19: Man No(VT) | C19: 743 | D19: 342 | E19: 401
A20: 6 | B20: Ah Lang Ga(VT) | C20: 602 | D20: 327 | E20: 275
A21: 7 | B21: Htang Ga(VT) | C21: 165 | D21: 99 | E21: 66
A22: 8 | B22: In Ga Ding Chet(VT) | C22: 281 | D22: 137 | E22: 144
A23: 9 | B23: Shin Mway Yang(VT) | C23: 149 | D23: 88 | E23: 61
A24: 10 | B24: Ma Jang Ga(VT) | C24: 66 | D24: 31 | E24: 35
A25: 11 | B25: Dawng Shar Lar (Dawng Ga)(VT) | C25: 46 | D25: 25 | E25: 21
A26: 12 | B26: Ding Bu Ding Sar(VT) | C26: 73 | D26: 38 | E26: 35

Sheet Khaunglanphoo
A1: Kachin State, Putao District, Khaunglanphoo Township
E2: 29-3-2014
A4: Sr | B4: Ward/ Village Tract | C4: Population
C5: Total | D5: Male | E5: Female
B6: Total | C6: =C8+C14 -> 11655 | D6: =D8+D14 -> 5855 | E6: =E8+E14 -> 5800
B8: Ward | C8: =SUM(C9:C12) -> 450 | D8: =SUM(D9:D12) -> 237 | E8: =SUM(E9:E12) -> 213
A9: 1 | B9: No(1)(W) | C9: 165 | D9: 85 | E9: 80
A10: 2 | B10: No(2)(W) | C10: 100 | D10: 58 | E10: 42
A11: 3 | B11: No(3)(W) | C11: 96 | D11: 51 | E11: 45
A12: 4 | B12: No(4)(W) | C12: 89 | D12: 43 | E12: 46
B14: Village Tract | C14: =SUM(C15:C38) -> 11205 | D14: =SUM(D15:D38) -> 5618 | E14: =SUM(E15:E38) -> 5587
A15: 1 | B15: Hta Lar Law(VT) | C15: 251 | D15: 119 | E15: 132
A16: 2 | B16: Hkaw Lar Dar Ho(VT) | C16: 388 | D16: 200 | E16: 188
A17: 3 | B17: Man Kun Dam(VT) | C17: 214 | D17: 105 | E17: 109
A18: 4 | B18: Da Ham(VT) | C18: 112 | D18: 57 | E18: 55
A19: 5 | B19: Ah Ku(VT) | C19: 143 | D19: 76 | E19: 67
A20: 6 | B20: Ka Khin(VT) | C20: 68 | D20: 37 | E20: 31
A21: 7 | B21: Kawng Lo Lat(VT) | C21: 408 | D21: 201 | E21: 207
A22: 8 | B22: Nyi Wan Htan(VT) | C22: 829 | D22: 424 | E22: 405
A23: 9 | B23: Ya Man Chi(VT) | C23: 706 | D23: 355 | E23: 351
A24: 10 | B24: Chi Htu Hpan(VT) | C24: 809 | D24: 414 | E24: 395
A25: 11 | B25: Zan Yawt(VT) | C25: 896 | D25: 438 | E25: 458
A26: 12 | B26: Zee Htan(VT) | C26: 1795 | D26: 928 | E26: 867
... A38: 24 | B38: Hta Ri Wan Kawng(VT) | C38: 275 | D38: 129 | E38: 146

Sheet Naungmoon
A1: Kachin State, Putao District, Naungmoon Township
E2: 29-3-2014
A4: Sr | B4: Ward/ Village Tract | C4: Population
C5: Total | D5: Male | E5: Female
B6: Total | C6: =C8+C15 -> 5365 | D6: =D8+D15 -> 2689 | E6: =E8+E15 -> 2676
B8: Ward | C8: =SUM(C9:C13) -> 2111 | D8: =SUM(D9:D13) -> 1039 | E8: =SUM(E9:E13) -> 1072
A9: 1 | B9: No(1)(W) | C9: 503 | D9: 233 | E9: 270
A10: 2 | B10: No(2)(W) | C10: 254 | D10: 127 | E10: 127
A11: 3 | B11: No(3)(W) | C11: 293 | D11: 143 | E11: 150
A12: 4 | B12: No(4)(W) | C12: 232 | D12: 104 | E12: 128
A13: 5 | B13: No(5)(W) | C13: 829 | D13: 432 | E13: 397
B15: Village Tract | C15: =SUM(C16:C23) -> 3254 | D15: =SUM(D16:D23) -> 1650 | E15: =SUM(E16:E23) -> 1604
A16: 1 | B16: Nawngmun(VT) | C16: 861 | D16: 432 | E16: 429
A17: 2 | B17: Ka San Khu(VT) | C17: 382 | D17: 197 | E17: 185
A18: 3 | B18: Htung Lar Dam(VT) | C18: 222 | D18: 115 | E18: 107
A19: 4 | B19: Yat Bawt(VT) | C19: 873 | D19: 463 | E19: 410
A20: 5 | B20: Gat Htu(VT) | C20: 369 | D20: 167 | E20: 202
A21: 6 | B21: Lang Sar Htu(VT) | C21: 348 | D21: 185 | E21: 163
A22: 7 | B22: Da Bu Dam(VT) | C22: 106 | D22: 51 | E22: 55
A23: 8 | B23: Ah Wi Wan(VT) | C23: 93 | D23: 40 | E23: 53

Sheet Pannandin(Sub-Tsp)
A1: Kachin State, Putao District, Pannandin (Sub- Township)
E2: 29-3-2014
A4: Sr | B4: Ward/ Village Tract | C4: Population
C5: Total | D5: Male | E5: Female
B6: Total | C6: =C8+C11 -> 1758 | D6: =D8+D11 -> 914 | E6: =E8+E11 -> 844
B8: Ward | C8: =C9 -> 125 | D8: =D9 -> 67 | E8: =E9 -> 58
A9: 1 | B9: Myo Ma(W) | C9: 125 | D9: 67 | E9: 58
B11: Village Tract | C11: =SUM(C12:C16) -> 1633 | D11: =SUM(D12:D16) -> 847 | E11: =SUM(E12:E16) -> 786
A12: 1 | B12: Ngar War (VT) | C12: 100 | D12: 54 | E12: 46
A13: 2 | B13: Da Zun Dam(VT) | C13: 305 | D13: 168 | E13: 137
A14: 3 | B14: Ta Su Htu (VT) | C14: 632 | D14: 321 | E14: 311
A15: 4 | B15: Ah Li Awng (VT) | C15: 156 | D15: 83 | E15: 73
A16: 5 | B16: Ma Khum Kan (VT) | C16: 440 | D16: 221 | E16: 219

Sheet Sheet2

Sheet Sheet3
