Workbook

Sheet List of Township
A1: List of Township
A2: 1 | B2: ='Hpa-an'!A1 -> Kayin State, Hpa-an District,Hpa-an Township
A3: 2 | B3: =Hlaingbwe!A1 -> Kayin State, Hpa-an District, Hlaingbwe Township
A4: 3 | B4: =Thandaunggyi!A1 -> Kayin State, Hpa-an District, Thandaunggyi Township
A5: 4 | B5: ='Paingkyon Sub-Tsb'!A1 -> Kayin State, Hpa-an District, Paingkyon(Sub-Township)
A6: 5 | B6: ='Shan Ywathit(Sub-Tsb)'!A1 -> Kayin State, Hpa-an District, Shan Ywathit(Sub- Township)
A7: 6 | B7: ='Leiktho (Sub-Tsb)'!A1 -> Kayin State, Hpa-an District, Leiktho(Sub- Township)
A8: 7 | B8: ='Bawgali(Sub-TsB)'!A1 -> Kayin State, Hpa-an District, Bawgali(Sub- Township)
A9: 8 | B9: =Pharpon!A1 -> Kayin State, Pharpon District, Pharpon Township
A10: 9 | B10: ='Kamamaung(Sub-Tsb)'!A1 -> Kayin State, Pharpon District, Kamamaung(Sub- Township)
A11: 10 | B11: =Myawady!A1 -> Kayin State, Myawady District, Myawady Township
A12: 11 | B12: ='Sugali(Sub-Tsp)'!A1 -> Kayin State, Myawady District, Sugali(Sub- Township)
A13: 12 | B13: =' Wawlaymyaing(Sub-Tsp)'!A1 -> Kayin State, Myawady District, Wawlaymyaing(Sub- Township)
A14: 13 | B14: =Kawkareik!A1 -> Kayin State, Kawkareik District, Kawkareik Township
A15: 14 | B15: =Kyarinseikkyi!A1 -> Kayin State, Kawkareik District, Kyarinseikkyi Township
A16: 15 | B16: =' Payarthonezu(Sub-Tsp)'!A1 -> Kayin State, Kawkareik District, Payarthonezu(Sub Township)
A17: 16 | B17: ='Kyaidon(S)'!A1 -> Kayin State, Kawkareik District, Kyaidon(Sub-Township)

Sheet Hpa-an
A1: Kayin State, Hpa-an District,Hpa-an Township
E2: 29-3-2014
A4: Sr | B4: Ward/Village Tract | C4: Population
C5: Total | D5: Male | E5: Female
B6: Total | C6: 421575 | D6: 203910 | E6: 217665
B8: Ward | C8: =SUM(C9:C17) -> 75141 | D8: =SUM(D9:D17) -> 36921 | E8: =SUM(E9:E17) -> 38220
A9: 1 | B9: Tharyet Taw/Myaing Tha Zin/Kyar Inn(W) | C9: 11142 | D9: 5448 | E9: 5694
A10: 2 | B10: Zay Tan(W) | C10: 8664 | D10: 4157 | E10: 4507
A11: 3 | B11: Ku Seik(W) | C11: 4534 | D11: 2186 | E11: 2348
A12: 4 | B12: Zee Taw(W) | C12: 10058 | D12: 4691 | E12: 5367
A13: 5 | B13: Aung Nan Min Ga Lar(W) | C13: 11081 | D13: 5390 | E13: 5691
A14: 6 | B14: Pyi Htaung Su(W) | C14: 6841 | D14: 3370 | E14: 3471
A15: 7 | B15: Zwe Man Lwin(W) | C15: 5302 | D15: 2604 | E15: 2698
A16: 8 | B16: Htaung Wi(W) | C16: 2504 | D16: 1319 | E16: 1185
A17: 9 | B17: Ya Da Nar Di Pa(W) | C17: 15015 | D17: 7756 | E17: 7259
B18: Village Tract | C18: =SUM(C19:C109) -> 346434 | D18: =SUM(D19:D109) -> 166989 | E18: =SUM(E19:E109) -> 179445
A19: 1 | B19: Kawt Ta Yoke Ya(VT) | C19: 2910 | D19: 1411 | E19: 1499
A20: 2 | B20: Kawt Hlaik(VT) | C20: 3863 | D20: 1798 | E20: 2065
A21: 3 | B21: Kawt Than Khar(VT) | C21: 2093 | D21: 994 | E21: 1099
A22: 4 | B22: Kawt Ku(VT) | C22: 1133 | D22: 567 | E22: 566
A23: 5 | B23: Kawt Hta Ma Lein(VT) | C23: 2264 | D23: 1121 | E23: 1143
A24: 6 | B24: Kawt Kyaik (Hpa Aun)(VT) | C24: 2752 | D24: 1316 | E24: 1436
A25: 7 | B25: Kawt Thin(VT) | C25: 1075 | D25: 528 | E25: 547
A26: 8 | B26: Kawt La Mu(VT) | C26: 1976 | D26: 893 | E26: 1083
A27: 9 | B27: Kyon Hpe(VT) | C27: 4013 | D27: 1976 | E27: 2037
A28: 10 | B28: Kawt Gun(Hpe Ka Tar)(VT) | C28: 1806 | D28: 824 | E28: 982
A29: 11 | B29: Ku Lar Su(VT) | C29: 3402 | D29: 1659 | E29: 1743
A30: 12 | B30: Kyon Sauk(VT) | C30: 2784 | D30: 1363 | E30: 1421
... A109: 91 | B109: Ei Hei(VT) | C109: 2239 | D109: 1065 | E109: 1174

Sheet Hlaingbwe
A1: Kayin State, Hpa-an District, Hlaingbwe Township
E2: 29-3-2014
A4: Sr | B4: Ward/Village Tract | C4: Population
C5: Total | D5: Male | E5: Female
B6: Total | C6: 155544 | D6: 75960 | E6: 79584
B8: Ward | C8: =SUM(C9:C12) -> 11511 | D8: =SUM(D9:D12) -> 5622 | E8: =SUM(E9:E12) -> 5889
A9: 1 | B9: (Ka Gyi)(W) | C9: 4432 | D9: 2140 | E9: 2292
A10: 2 | B10: (Kha Gway)(W) | C10: 2007 | D10: 1022 | E10: 985
A11: 3 | B11: (Ga Nge)(W) | C11: 2346 | D11: 1089 | E11: 1257
A12: 4 | B12: (Ga Gyi)(W) | C12: 2726 | D12: 1371 | E12: 1355
B13: Village Tract | C13: =SUM(C14:C49) -> 144033 | D13: =SUM(D14:D49) -> 70338 | E13: =SUM(E14:E49) -> 73695
A14: 1 | B14: Ka Mawt Ka Chu(VT) | C14: 4190 | D14: 1988 | E14: 2202
A15: 2 | B15: Kawt Hlaing(VT) | C15: 1826 | D15: 1068 | E15: 758
A16: 3 | B16: Win Sein(VT) | C16: 2286 | D16: 1132 | E16: 1154
A17: 4 | B17: Naung Taing(VT) | C17: 4527 | D17: 2234 | E17: 2293
A18: 5 | B18: Kun Bi(VT) | C18: 4795 | D18: 2379 | E18: 2416
A19: 6 | B19: Pein Hne Taw(VT) | C19: 2520 | D19: 1234 | E19: 1286
A20: 7 | B20: Kun Tar(VT) | C20: 5992 | D20: 2946 | E20: 3046
A21: 8 | B21: Daing Pya(VT) | C21: 3937 | D21: 1871 | E21: 2066
A22: 9 | B22: Sin Ku((VT) | C22: 3575 | D22: 1681 | E22: 1894
A23: 10 | B23: Ah Htet Yae Pu(VT) | C23: 3777 | D23: 1790 | E23: 1987
A24: 11 | B24: Auk Yae Pu(VT) | C24: 5939 | D24: 2827 | E24: 3112
A25: 12 | B25: Hti Lon(VT) | C25: 5724 | D25: 2734 | E25: 2990
... A49: 36 | B49: Hta Thein Kyoe Waing(VT) | C49: 307 | D49: 143 | E49: 164

Sheet Thandaunggyi
A1: Kayin State, Hpa-an District, Thandaunggyi Township
E2: 29-3-2014
A4: Sr | B4: Ward/Village Tract | C4: Population
C5: Total | D5: Male | E5: Female
B6: Total | C6: 30209 | D6: 15297 | E6: 14912
B8: Ward | C8: =SUM(C9:C18) -> 16056 | D8: =SUM(D9:D18) -> 8148 | E8: =SUM(E9:E18) -> 7908
A9: 1 | B9: No (1)(W) | C9: 2683 | D9: 1323 | E9: 1360
A10: 2 | B10: No (2)(W) | C10: 1238 | D10: 581 | E10: 657
A11: 3 | B11: No (3)(W) | C11: 1983 | D11: 1009 | E11: 974
A12: 4 | B12: No (4)(W) | C12: 1038 | D12: 562 | E12: 476
A13: 5 | B13: No (5)(W) | C13: 2498 | D13: 1432 | E13: 1066
B14: Thandaung
A15: 6 | B15: No (1)(W) | C15: 1676 | D15: 813 | E15: 863
A16: 7 | B16: No (2)(W) | C16: 1410 | D16: 705 | E16: 705
A17: 8 | B17: No (3)(W) | C17: 1490 | D17: 737 | E17: 753
A18: 9 | B18: No (4)(W) | C18: 2040 | D18: 986 | E18: 1054
B19: Village Tract | C19: =SUM(C20:C30) -> 14153 | D19: =SUM(D20:D30) -> 7149 | E19: =SUM(E20:E30) -> 7004
A20: 1 | B20: Ywar Gyi(VT) | C20: 4869 | D20: 2450 | E20: 2419
A21: 2 | B21: Si Pin Gyi(VT) | C21: 943 | D21: 477 | E21: 466
A22: 3 | B22: Si Pin Ka Lay(VT) | C22: 1459 | D22: 740 | E22: 719
A23: 4 | B23: Kywe Hpyu Taung(VT) | C23: 1087 | D23: 562 | E23: 525
A24: 5 | B24: Taw Pyar Gyi(VT) | C24: 1542 | D24: 758 | E24: 784
A25: 6 | B25: Khon Taing(VT) | C25: 564 | D25: 297 | E25: 267
A26: 7 | B26: Maung Nwet Gyi(VT) | C26: 1384 | D26: 695 | E26: 689
A27: 8 | B27: Leik Pyar Ka Lay(VT) | C27: 298 | D27: 154 | E27: 144
A28: 9 | B28: Leik Pyar Gyi(VT) | C28: 387 | D28: 210 | E28: 177
A29: 10 | B29: Dar War Law Chee(VT) | C29: 1244 | D29: 635 | E29: 609
A30: 11 | B30: Lel Kho Doe Kho(VT) | C30: 376 | D30: 171 | E30: 205

Sheet Paingkyon Sub-Tsb
A1: Kayin State, Hpa-an District, Paingkyon(Sub-Township)
E2: 29-3-2014
A4: Sr | B4: Ward/Village Tract | C4: Population
C5: Total | D5: Male | E5: Female
B6: Total | C6: 88604 | D6: 42977 | E6: 45627
B8: Ward | C8: =SUM(C9:C13) -> 4074 | D8: =SUM(D9:D13) -> 1935 | E8: =SUM(E9:E13) -> 2139
A9: 1 | B9: No (1)(W) | C9: 194 | D9: 95 | E9: 99
A10: 2 | B10: No (2)(W) | C10: 648 | D10: 315 | E10: 333
A11: 3 | B11: No (3)(W) | C11: 570 | D11: 298 | E11: 272
A12: 4 | B12: No (4)(W) | C12: 897 | D12: 401 | E12: 496
A13: 5 | B13: No (5)(W) | C13: 1765 | D13: 826 | E13: 939
B14: Village Tract | C14: =SUM(C15:C41) -> 84530 | D14: =SUM(D15:D41) -> 41042 | E14: =SUM(E15:E41) -> 43488
A15: 1 | B15: Ka So(VT) | C15: 4310 | D15: 2066 | E15: 2244
A16: 2 | B16: Naung Kha Lone(VT) | C16: 1332 | D16: 662 | E16: 670
A17: 3 | B17: Moe Naing(VT) | C17: 4014 | D17: 1975 | E17: 2039
A18: 4 | B18: Win Pa Ya(VT) | C18: 2208 | D18: 1045 | E18: 1163
A19: 5 | B19: Naung Boe Gyi(VT) | C19: 3150 | D19: 1505 | E19: 1645
A20: 6 | B20: Ywar Kaing Kaung(VT) | C20: 2378 | D20: 1135 | E20: 1243
A21: 7 | B21: Kawt Nwet(VT) | C21: 2673 | D21: 1276 | E21: 1397
A22: 8 | B22: Naung Mya Lwe(VT) | C22: 1942 | D22: 935 | E22: 1007
A23: 9 | B23: Kawt Pa Mut(VT) | C23: 2162 | D23: 1051 | E23: 1111
A24: 10 | B24: Kawt Ma Yaing(VT) | C24: 3112 | D24: 1436 | E24: 1676
A25: 11 | B25: Daw Lan(VT) | C25: 4634 | D25: 2259 | E25: 2375
A26: 12 | B26: Pa Ta(VT) | C26: 4951 | D26: 2426 | E26: 2525
... A41: 27 | B41: Paung(VT) | C41: 2176 | D41: 1046 | E41: 1130

Sheet Shan Ywathit(Sub-Tsb)
A1: Kayin State, Hpa-an District, Shan Ywathit(Sub- Township)
E2: 29-3-2014
A4: Sr | B4: Ward/Village Tract | C4: Population
C5: Total | D5: Male | E5: Female
B6: Total | C6: 21735 | D6: 10963 | E6: 10772
B8: Ward | C8: =SUM(C9:C12) -> 531 | D8: =SUM(D9:D12) -> 290 | E8: =SUM(E9:E12) -> 241
A9: 1 | B9: No (1)(W) | C9: 119 | D9: 52 | E9: 67
A10: 2 | B10: No (2)(W) | C10: 345 | D10: 202 | E10: 143
A11: 3 | B11: No (3)(W) | C11: 45 | D11: 24 | E11: 21
A12: 4 | B12: No (4)(W) | C12: 22 | D12: 12 | E12: 10
B13: Village Tract | C13: =SUM(C14:C22) -> 21204 | D13: =SUM(D14:D22) -> 10673 | E13: =SUM(E14:E22) -> 10531
A14: 1 | B14: Me Law Khee(VT) | C14: 2198 | D14: 1090 | E14: 1108
A15: 2 | B15: Me Tha Mu(VT) | C15: 3429 | D15: 1707 | E15: 1722
A16: 3 | B16: Kwee Lay (VT) | C16: 3796 | D16: 1864 | E16: 1932
A17: 4 | B17: Me La Yaw(VT) | C17: 5838 | D17: 3062 | E17: 2776
A18: 5 | B18: Yin Baing(VT) | C18: 1820 | D18: 896 | E18: 924
A19: 6 | B19: Saw Law(VT) | C19: 836 | D19: 405 | E19: 431
A20: 7 | B20: Yae Ta Khun(VT) | C20: 1095 | D20: 548 | E20: 547
A21: 8 | B21: Pa Hta Lar Pa(VT) | C21: 811 | D21: 411 | E21: 400
A22: 9 | B22: Poe Pa Lay(VT) | C22: 1381 | D22: 690 | E22: 691

Sheet Leiktho (Sub-Tsb)
A1: Kayin State, Hpa-an District, Leiktho(Sub- Township)
E2: 29-3-2014
A4: Sr | B4: Ward/Village Tract | C4: Population
C5: Total | D5: Male | E5: Female
B6: Total | C6: 48606 | D6: 24703 | E6: 23903
B8: Ward | C8: =SUM(C9:C14) -> 3093 | D8: =SUM(D9:D14) -> 1628 | E8: =SUM(E9:E14) -> 1465
A9: 1 | B9: No (1)(W) | C9: 697 | D9: 404 | E9: 293
A10: 2 | B10: No (2)(W) | C10: 378 | D10: 209 | E10: 169
A11: 3 | B11: No (3)(W) | C11: 501 | D11: 243 | E11: 258
A12: 4 | B12: No (4)(W) | C12: 507 | D12: 255 | E12: 252
A13: 5 | B13: No (5)(W) | C13: 642 | D13: 325 | E13: 317
A14: 6 | B14: No (6)(W) | C14: 368 | D14: 192 | E14: 176
B15: Village Tract | C15: =SUM(C16:C46) -> 45513 | D15: =SUM(D16:D46) -> 23075 | E15: =SUM(E16:E46) -> 22438
A16: 1 | B16: Ah Lel Chaung(VT) | C16: 1147 | D16: 577 | E16: 570
A17: 2 | B17: Maing Lun(VT) | C17: 2093 | D17: 1090 | E17: 1003
A18: 3 | B18: Za Le(VT) | C18: 2262 | D18: 1175 | E18: 1087
A19: 4 | B19: Thar Moe Taung(VT) | C19: 1748 | D19: 873 | E19: 875
A20: 5 | B20: Leik Tho Gyi(VT) | C20: 778 | D20: 387 | E20: 391
A21: 6 | B21: La Bet Inn Gyi(VT) | C21: 785 | D21: 405 | E21: 380
A22: 7 | B22: Hta Mon(VT) | C22: 2475 | D22: 1221 | E22: 1254
A23: 8 | B23: Kya Maing(VT) | C23: 3558 | D23: 1774 | E23: 1784
A24: 9 | B24: Kyauk Ta Gar(VT) | C24: 1919 | D24: 1006 | E24: 913
A25: 10 | B25: Meik Tha Lin Taung(VT) | C25: 1815 | D25: 898 | E25: 917
A26: 11 | B26: Kyay Min(VT) | C26: 1598 | D26: 813 | E26: 785
A27: 12 | B27: Hnget Pyaw Taw(VT) | C27: 1317 | D27: 663 | E27: 654
... A46: 31 | B46: Htee Thar Saw(VT) | C46: 1336 | D46: 671 | E46: 665

Sheet Bawgali(Sub-TsB)
A1: Kayin State, Hpa-an District, Bawgali(Sub- Township)
E2: 29-3-2014
A4: Sr | B4: Ward/Village Tract | C4: Population
C5: Total | D5: Male | E5: Female
B6: Total | C6: 17237 | D6: 8517 | E6: 8720
B8: Ward | C8: =SUM(C9:C12) -> 1999 | D8: =SUM(D9:D12) -> 989 | E8: =SUM(E9:E12) -> 1010
A9: 1 | B9: No (1)(W) | C9: 452 | D9: 227 | E9: 225
A10: 2 | B10: No (2)(W) | C10: 539 | D10: 263 | E10: 276
A11: 3 | B11: No (3)(W) | C11: 587 | D11: 294 | E11: 293
A12: 4 | B12: No (4)(W) | C12: 421 | D12: 205 | E12: 216
B13: Village Tract | C13: =SUM(C14:C28) -> 15238 | D13: =SUM(D14:D28) -> 7528 | E13: =SUM(E14:E28) -> 7710
A14: 1 | B14: Chaung Ma Nge(VT) | C14: 270 | D14: 145 | E14: 125
A15: 2 | B15: Tha Pyay Nyunt(VT) | C15: 4067 | D15: 2043 | E15: 2024
A16: 3 | B16: Me Tin Tein(VT) | C16: 1601 | D16: 790 | E16: 811
A17: 4 | B17: Kyauk Hpyar(VT) | C17: 280 | D17: 138 | E17: 142
A18: 5 | B18: Kyauk Pon(VT) | C18: 950 | D18: 431 | E18: 519
A19: 6 | B19: Sa Par Kyi(VT) | C19: 1731 | D19: 888 | E19: 843
A20: 7 | B20: Pyaung Tho(VT) | C20: 607 | D20: 300 | E20: 307
A21: 8 | B21: Yae Thoe Gyi(VT) | C21: 1898 | D21: 931 | E21: 967
A22: 9 | B22: Hoe Chee(VT) | C22: 669 | D22: 311 | E22: 358
A23: 10 | B23: Tha Lo Bwar(VT) | C23: 276 | D23: 141 | E23: 135
A24: 11 | B24: Bo Khar Lay Kho(VT) | C24: 1338 | D24: 641 | E24: 697
A25: 12 | B25: Yae Ta Khun(VT) | C25: 908 | D25: 447 | E25: 461
... A28: 15 | B28: Zin Taing Gyi(VT) | C28: 343 | D28: 186 | E28: 157

Sheet Pharpon
A1: Kayin State, Pharpon District, Pharpon Township
E2: 29-3-2014
A4: Sr | B4: Ward/Village Tract | C4: Population
C5: Total | D5: Male | E5: Female
B6: Total | C6: 14190 | D6: 7599 | E6: 6591
B8: Ward | C8: =SUM(C9:C12) -> 3328 | D8: =SUM(D9:D12) -> 1720 | E8: =SUM(E9:E12) -> 1608
A9: 1 | B9: No (1)(W) | C9: 481 | D9: 262 | E9: 219
A10: 2 | B10: No (2)(W) | C10: 1704 | D10: 891 | E10: 813
A11: 3 | B11: No (3)(W) | C11: 283 | D11: 132 | E11: 151
A12: 4 | B12: No (4)(W) | C12: 860 | D12: 435 | E12: 425
B13: Village Tract | C13: =SUM(C14:C20) -> 10862 | D13: =SUM(D14:D20) -> 5879 | E13: =SUM(E14:E20) -> 4983
A14: 1 | B14: Hpapun (West)(VT) | C14: 757 | D14: 387 | E14: 370
A15: 2 | B15: Me Tha Lut(VT) | C15: 2018 | D15: 1171 | E15: 847
A16: 3 | B16: Ta Khun Taing(VT) | C16: 2338 | D16: 1392 | E16: 946
A17: 4 | B17: Whay San(VT) | C17: 457 | D17: 230 | E17: 227
A18: 5 | B18: Ma Htaw(VT) | C18: 1179 | D18: 627 | E18: 552
A19: 6 | B19: Tay Mu Doe(VT) | C19: 3745 | D19: 1885 | E19: 1860
A20: 7 | B20: Kawt Lu Doe(VT) | C20: 368 | D20: 187 | E20: 181

Sheet Kamamaung(Sub-Tsb)
A1: Kayin State, Pharpon District, Kamamaung(Sub- Township)
E2: 29-3-2014
A4: Sr | B4: Ward/Village Tract | C4: Population
C5: Total | D5: Male | E5: Female
B6: Total | C6: 20895 | D6: 10384 | E6: 10511
B8: Ward | C8: =SUM(C9:C12) -> 13992 | D8: =SUM(D9:D12) -> 6752 | E8: =SUM(E9:E12) -> 7240
A9: 1 | B9: No (1)(W) | C9: 1284 | D9: 631 | E9: 653
A10: 2 | B10: No (2)(W) | C10: 6160 | D10: 2990 | E10: 3170
A11: 3 | B11: No (3)(W) | C11: 4530 | D11: 2159 | E11: 2371
A12: 4 | B12: No (4)(W) | C12: 2018 | D12: 972 | E12: 1046
B13: Village Tract | C13: =SUM(C14:C16) -> 6903 | D13: =SUM(D14:D16) -> 3632 | E13: =SUM(E14:E16) -> 3271
A14: 1 | B14: Ka Taing Ti(VT) | C14: 2820 | D14: 1522 | E14: 1298
A15: 2 | B15: Kwin Da La (Yae Pu)(VT) | C15: 959 | D15: 471 | E15: 488
A16: 3 | B16: War Kaw Kyay(VT) | C16: 3124 | D16: 1639 | E16: 1485

Sheet Myawady
A1: Kayin State, Myawady District, Myawady Township
E2: 29-3-2014
A4: Sr | B4: Ward/Village Tract | C4: Population
C5: Total | D5: Male | E5: Female
B6: Total | C6: 195624 | D6: 99771 | E6: 95853
B8: Ward | C8: =SUM(C9:C13) -> 113155 | D8: =SUM(D9:D13) -> 57399 | E8: =SUM(E9:E13) -> 55756
A9: 1 | B9: Ah Shey Paing(W) | C9: 5858 | D9: 3009 | E9: 2849
A10: 2 | B10: Ah Lel Paing(W) | C10: 9946 | D10: 4963 | E10: 4983
A11: 3 | B11: Kyan Khin Su(W) | C11: 19654 | D11: 9977 | E11: 9677
A12: 4 | B12: Myanmar Su(W) | C12: 41978 | D12: 21358 | E12: 20620
A13: 5 | B13: Ah Nauk Paing(W) | C13: 35719 | D13: 18092 | E13: 17627
B14: Village Tract | C14: =SUM(C15:C25) -> 82469 | D14: =SUM(D15:D25) -> 42372 | E14: =SUM(E15:E25) -> 40097
A15: 1 | B15: Me Htaw Tha Lay(VT) | C15: 6683 | D15: 3398 | E15: 3285
A16: 2 | B16: Htee War Pa Law(VT) | C16: 2906 | D16: 1398 | E16: 1508
A17: 3 | B17: Paw Law(VT) | C17: 1207 | D17: 591 | E17: 616
A18: 4 | B18: Hpa Lu(VT) | C18: 8813 | D18: 4449 | E18: 4364
A19: 5 | B19: Me Ka Nei(VT) | C19: 7866 | D19: 4219 | E19: 3647
A20: 6 | B20: Thin Gan Nyi Naung(VT) | C20: 10365 | D20: 5372 | E20: 4993
A21: 7 | B21: Kwin Ka Lay(VT) | C21: 3777 | D21: 1922 | E21: 1855
A22: 8 | B22: Whayt Shan(VT) | C22: 4381 | D22: 2262 | E22: 2119
A23: 9 | B23: Me Pa Leit(VT) | C23: 8298 | D23: 4257 | E23: 4041
A24: 10 | B24: Hpar Ka Lu(VT) | C24: 5588 | D24: 2920 | E24: 2668
A25: 11 | B25: Pu Lwe Bu(VT) | C25: 22585 | D25: 11584 | E25: 11001

Sheet Sugali(Sub-Tsp)
A1: Kayin State, Myawady District, Sugali(Sub- Township)
E2: 29-3-2014
A4: Sr | B4: Ward/Village Tract | C4: Population
C5: Total | D5: Male | E5: Female
B6: Total | C6: 5703 | D6: 2987 | E6: 2716
B8: Ward | C8: =SUM(C9) -> 342 | D8: =SUM(D9) -> 185 | E8: =SUM(E9) -> 157
A9: 1 | B9: No (1) Ward(W) | C9: 342 | D9: 185 | E9: 157
B10: Village Tract | C10: =SUM(C11:C13) -> 5361 | D10: =SUM(D11:D13) -> 2802 | E10: =SUM(E11:E13) -> 2559
A11: 1 | B11: Me Ka Lar / Son See Myiang(VT) | C11: 1708 | D11: 933 | E11: 775
A12: 2 | B12: Tar Oke(VT) | C12: 2017 | D12: 1041 | E12: 976
A13: 3 | B13: Mi Hpar / Tha Bawt Boe(VT) | C13: 1636 | D13: 828 | E13: 808

Sheet   Wawlaymyaing(Sub-Tsp)
A1: Kayin State, Myawady District, Wawlaymyaing(Sub- Township)
E2: 29-3-2014
A4: Sr | B4: Ward/Village Tract | C4: Population
C5: Total | D5: Male | E5: Female
B6: Total | C6: 9213 | D6: 4849 | E6: 4364
B8: Ward | C8: =SUM(C9:C10) -> 3083 | D8: =SUM(D9:D10) -> 1591 | E8: =SUM(E9:E10) -> 1492
A9: 1 | B9: Ward(1)(W) | C9: 2696 | D9: 1372 | E9: 1324
A10: 2 | B10: Ward(2)(W) | C10: 387 | D10: 219 | E10: 168
B11: Village Tract | C11: =SUM(C12:C14) -> 6130 | D11: =SUM(D12:D14) -> 3258 | E11: =SUM(E12:E14) -> 2872
A12: 1 | B12: Maw Khee(VT) | C12: 3107 | D12: 1624 | E12: 1483
A13: 2 | B13: Ti Thea Lei (Maw Khee)(VT) | C13: 1976 | D13: 1083 | E13: 893
A14: 3 | B14: Lawt Khaw(VT) | C14: 1047 | D14: 551 | E14: 496

Sheet Kawkareik
A1: Kayin State, Kawkareik District, Kawkareik Township
E2: 29-3-2014
A4: Sr | B4: Ward/Village Tract | C4: Population
C5: Total | D5: Male | E5: Female
B6: Total | C6: 220342 | D6: 105524 | E6: 114818
B8: Ward | C8: =SUM(C9:C20) -> 42950 | D8: =SUM(D9:D20) -> 20764 | E8: =SUM(E9:E20) -> 22186
A9: 1 | B9: Chaung Taung (W) | C9: 3951 | D9: 1940 | E9: 2011
A10: 2 | B10: Win Gyi(W) | C10: 3759 | D10: 1788 | E10: 1971
A11: 3 | B11: Ah Lel Tan(W) | C11: 4454 | D11: 2170 | E11: 2284
A12: 4 | B12: Ah Htet Taung Thu Su(W) | C12: 3411 | D12: 1700 | E12: 1711
A13: 5 | B13: Auk Taung Thu Su(W) | C13: 5521 | D13: 2603 | E13: 2918
A14: 6 | B14: Ah Nauk Paing(W) | C14: 3141 | D14: 1529 | E14: 1612
A15: 7 | B15: Ta Dar U(W) | C15: 8808 | D15: 4179 | E15: 4629
B16: Kyon Doe
A17: 8 | B17: No (1)(W) | C17: 3113 | D17: 1523 | E17: 1590
A18: 9 | B18: No (2)(W) | C18: 2643 | D18: 1310 | E18: 1333
A19: 10 | B19: No (3)(W) | C19: 1974 | D19: 934 | E19: 1040
A20: 11 | B20: No (4)(W) | C20: 2175 | D20: 1088 | E20: 1087
B21: Village Tract | C21: =SUM(C22:C74) -> 177392 | D21: =SUM(D22:D74) -> 84760 | E21: =SUM(E22:E74) -> 92632
A22: 1 | B22: Tha Yet Taw(VT) | C22: 3490 | D22: 1646 | E22: 1844
A23: 2 | B23: Wea Lit(VT) | C23: 1321 | D23: 602 | E23: 719
A24: 3 | B24: Inn Shey(VT) | C24: 4422 | D24: 2021 | E24: 2401
A25: 4 | B25: Kha Nein Hpaw(VT) | C25: 3638 | D25: 1665 | E25: 1973
A26: 5 | B26: Na Bu Hnit Char(VT) | C26: 2996 | D26: 1448 | E26: 1548
A27: 6 | B27: Na Bu Ta Khun Taing(VT) | C27: 6636 | D27: 3349 | E27: 3287
A28: 7 | B28: Naung Ta Pwe(VT) | C28: 3358 | D28: 1598 | E28: 1760
A29: 8 | B29: Htee Ka Lay(VT) | C29: 2415 | D29: 1151 | E29: 1264
A30: 9 | B30: Naung Kaing(VT) | C30: 2620 | D30: 1216 | E30: 1404
A31: 10 | B31: Hti Hpo Zan(VT) | C31: 2701 | D31: 1294 | E31: 1407
A32: 11 | B32: Naung Htet Pan(VT) | C32: 2359 | D32: 1104 | E32: 1255
A33: 12 | B33: Mya Pa Taing(VT) | C33: 2060 | D33: 959 | E33: 1101
... A74: 53 | B74: Kha Yin(VT) | C74: 5204 | D74: 2525 | E74: 2679

Sheet Kyarinseikkyi
A1: Kayin State, Kawkareik District, Kyarinseikkyi Township
E2: 29-3-2014
A4: Sr | B4: Ward/Village Tract | C4: Population
C5: Total | D5: Male | E5: Female
B6: Total | C6: 106427 | D6: 51806 | E6: 54621
B8: Ward | C8: =SUM(C9:C14) -> 9085 | D8: =SUM(D9:D14) -> 4428 | E8: =SUM(E9:E14) -> 4657
A9: 1 | B9: No (1) Ward(W) | C9: 2644 | D9: 1396 | E9: 1248
A10: 2 | B10: No (2) Ward(W) | C10: 1522 | D10: 701 | E10: 821
A11: 3 | B11: No (3) Ward(W) | C11: 1277 | D11: 591 | E11: 686
A12: 4 | B12: No (4) Ward(W) | C12: 645 | D12: 297 | E12: 348
A13: 5 | B13: No (5) Ward(W) | C13: 1152 | D13: 569 | E13: 583
A14: 6 | B14: No (6) Ward(W) | C14: 1845 | D14: 874 | E14: 971
B15: Village Tract | C15: =SUM(C16:C35) -> 97342 | D15: =SUM(D16:D35) -> 47378 | E15: =SUM(E16:E35) -> 49964
A16: 1 | B16: Shwe Taung Bo(VT) | C16: 5524 | D16: 2648 | E16: 2876
A17: 2 | B17: Kyar Inn Shwe Doe(VT) | C17: 9030 | D17: 4548 | E17: 4482
A18: 3 | B18: Ka Mawt(VT) | C18: 2298 | D18: 1108 | E18: 1190
A19: 4 | B19: Than Pu Yar(VT) | C19: 4172 | D19: 1970 | E19: 2202
A20: 5 | B20: Ah Ka Law(VT) | C20: 960 | D20: 498 | E20: 462
A21: 6 | B21: Dar Li(VT) | C21: 1249 | D21: 599 | E21: 650
A22: 7 | B22: Kya Khat Chaung(VT) | C22: 4867 | D22: 2414 | E22: 2453
A23: 8 | B23: Nat Chaung Kan Nar(VT) | C23: 5734 | D23: 2787 | E23: 2947
A24: 9 | B24: Nat Chaung Ah Lel(VT) | C24: 3476 | D24: 1721 | E24: 1755
A25: 10 | B25: Ya Thayt(VT) | C25: 2737 | D25: 1378 | E25: 1359
A26: 11 | B26: Da Noe(VT) | C26: 3447 | D26: 1760 | E26: 1687
A27: 12 | B27: Ka Sat(VT) | C27: 3390 | D27: 1697 | E27: 1693
... A35: 20 | B35: Kha Lel(VT) | C35: 8869 | D35: 4178 | E35: 4691

Sheet  Payarthonezu(Sub-Tsp)
A1: Kayin State, Kawkareik District, Payarthonezu(Sub Township)
E2: 29-3-2014
A4: Sr | B4: Ward/Village Tract | C4: Population
C5: Total | D5: Male | E5: Female
B6: Total | C6: 90484 | D6: 44600 | E6: 45884
B8: Ward | C8: =SUM(C9:C12) -> 27311 | D8: =SUM(D9:D12) -> 13092 | E8: =SUM(E9:E12) -> 14219
A9: 1 | B9: No (1) Ward(W) | C9: 6074 | D9: 2743 | E9: 3331
A10: 2 | B10: No (2) Ward(W) | C10: 3168 | D10: 1492 | E10: 1676
A11: 3 | B11: No (3) Ward(W) | C11: 11212 | D11: 5440 | E11: 5772
A12: 4 | B12: No (4) Ward(W) | C12: 6857 | D12: 3417 | E12: 3440
B13: Village Tract | C13: =SUM(C14:C22) -> 63173 | D13: =SUM(D14:D22) -> 31508 | E13: =SUM(E14:E22) -> 31665
A14: 1 | B14: Pyaung Ma Htein(VT) | C14: 13600 | D14: 7009 | E14: 6591
A15: 2 | B15: Kyun Chaung(VT) | C15: 2940 | D15: 1530 | E15: 1410
A16: 3 | B16: Koe Mar(VT) | C16: 8044 | D16: 4000 | E16: 4044
A17: 4 | B17: Hlut Shan(VT) | C17: 4569 | D17: 2233 | E17: 2336
A18: 5 | B18: Ah Nan Kwin(VT) | C18: 3690 | D18: 1830 | E18: 1860
A19: 6 | B19: Kyauk Bi Lu(VT) | C19: 8350 | D19: 4146 | E19: 4204
A20: 7 | B20: Win Kha Na(VT) | C20: 7343 | D20: 3613 | E20: 3730
A21: 8 | B21: Hpar Pya(VT) | C21: 8092 | D21: 3945 | E21: 4147
A22: 9 | B22: Kyon Kha Wun(VT) | C22: 6545 | D22: 3202 | E22: 3343

Sheet Kyaidon(S)
A1: Kayin State, Kawkareik District, Kyaidon(Sub-Township)
E2: 29-3-2014
A4: Sr | B4: Ward/Village Tract | C4: Population
C5: Total | D5: Male | E5: Female
B6: Total | C6: 57938 | D6: 29280 | E6: 28658
B8: Ward | C8: =SUM(C9:C14) -> 3515 | D8: =SUM(D9:D14) -> 1816 | E8: =SUM(E9:E14) -> 1699
A9: 1 | B9: No (1)(W) | C9: 607 | D9: 313 | E9: 294
A10: 2 | B10: No (2)(W) | C10: 292 | D10: 140 | E10: 152
A11: 3 | B11: No (3)(W) | C11: 982 | D11: 509 | E11: 473
A12: 4 | B12: No (4)(W) | C12: 764 | D12: 388 | E12: 376
A13: 5 | B13: No (5)(W) | C13: 553 | D13: 297 | E13: 256
A14: 6 | B14: No (6)(W) | C14: 317 | D14: 169 | E14: 148
B15: Village Tract | C15: =SUM(C16:C36) -> 54423 | D15: =SUM(D16:D36) -> 27464 | E15: =SUM(E16:E36) -> 26959
A16: 1 | B16: Khu Don(VT) | C16: 2112 | D16: 1022 | E16: 1090
A17: 2 | B17: Ah Sun(VT) | C17: 1728 | D17: 844 | E17: 884
A18: 3 | B18: Lan Hpar(VT) | C18: 1766 | D18: 885 | E18: 881
A19: 4 | B19: Kawt Saing(VT) | C19: 1572 | D19: 823 | E19: 749
A20: 5 | B20: Thin Gan Pin Seik(VT) | C20: 2777 | D20: 1383 | E20: 1394
A21: 6 | B21: Paing Ka Lar Don(VT) | C21: 1738 | D21: 864 | E21: 874
A22: 7 | B22: Kwin Ka Lay(VT) | C22: 5014 | D22: 2528 | E22: 2486
A23: 8 | B23: Maw Khe Khee(VT) | C23: 1358 | D23: 679 | E23: 679
A24: 9 | B24: Mi Tan(VT) | C24: 3567 | D24: 1763 | E24: 1804
A25: 10 | B25: Thar Ka Hta(VT) | C25: 1362 | D25: 699 | E25: 663
A26: 11 | B26: Hti War Ka Lu(VT) | C26: 1185 | D26: 598 | E26: 587
A27: 12 | B27: Mi Na Ah(VT) | C27: 1920 | D27: 943 | E27: 977
... A36: 21 | B36: Naung Ta Kho(VT) | C36: 3207 | D36: 1633 | E36: 1574

Sheet Sheet2
