Workbook

Sheet List of Township
A1: List of Township
A2: 1 | B2: =Haka!A1 -> Chin State, Haka District,Haka Township
A3: 2 | B3: =Thantlang!A1 -> Chin State,Haka District, Thantlang Township
A4: 3 | B4: =Falam!A1 -> Chin State, Falam District, Falam Township
A5: 4 | B5: =Tedim!A1 -> Chin State, Falam District, Tedim Township
A6: 5 | B6: =Tonzaung!A1 -> Chin State,Falam District, Tonzaung Township
A7: 6 | B7: ='Rihkhuadal(S)'!A1 -> Chin State,Falam District, Rihkhuadal Sub-Township
A8: 7 | B8: ='Cikha(S)'!A1 -> Chin State,Falam District, Cikha Sub-Township
A9: 8 | B9: =Mindat!A1 -> Chin State, Mindat District, Mindat Township
A10: 9 | B10: =Matupi!A1 -> Chin State, Mindat District, Matupi Township
A11: 10 | B11: =Kanpalet!A1 -> Chin State, Mindat District, Kanpalet Township
A12: 11 | B12: =Paletwa!A1 -> Chin State, Mindat District, Paletwa Township
A13: 12 | B13: ='Reazu(S)'!A1 -> Chin State, Mindat District, Reazu Sub- Township
A14: 13 | B14: ='Sami(S)'!A1 -> Chin State, Mindat District, Sami Sub- Township

Sheet Haka
A1: Chin State, Haka District,Haka Township
E2: 29-3-2014
A5: Sr | B5: Ward/Village Tract | C5: Population
C6: Total | D6: Male | E6: Female
B7: Total | C7: =C9+C16 -> 48352 | D7: =D9+D16 -> 23022 | E7: =E9+E16 -> 25330
B9: Ward | C9: =C10+C11+C12+C13+C14+C15 -> 24926 | D9: =D10+D11+D12+D13+D14+D15 -> 11759 | E9: =E10+E11+E12+E13+E14+E15 -> 13167
A10: 1 | B10: Zay Haung(W) | C10: 2118 | D10: 994 | E10: 1124
A11: 2 | B11: Zay Thit(W) | C11: 10119 | D11: 4663 | E11: 5456
A12: 3 | B12: Pyi Taw Thar(W) | C12: 5255 | D12: 2584 | E12: 2671
A13: 4 | B13: Kyaw Boke(W) | C13: 1609 | D13: 754 | E13: 855
A14: 5 | B14: Myo Haung(W) | C14: 1938 | D14: 881 | E14: 1057
A15: 6 | B15: Myo Thit(W) | C15: 3887 | D15: 1883 | E15: 2004
B16: Village Tract | C16: =C17+C18+C19+C20+C21+C22+C23+C24+C25+C26+C27+C28+C29+C30+C31+C32+C33+C34+C35+C36+C37+C38+C39+C40+C41+C42+C43+C44+C45+C46 -> 23426 | D16: =D17+D18+D19+D20+D21+D22+D23+D24+D25+D26+D27+D28+D29+D30+D31+D32+D33+D34+D35+D36+D37+D38+D39+D40+D41+D42+D43+D44+D45+D46 -> 11263 | E16: =E17+E18+E19+E20+E21+E22+E23+E24+E25+E26+E27+E28+E29+E30+E31+E32+E33+E34+E35+E36+E37+E38+E39+E40+E41+E42+E43+E44+E45+E46 -> 12163
A17: 1 | B17: Khuabe(VT) | C17: 353 | D17: 169 | E17: 184
A18: 2 | B18: Hniarlawn(VT) | C18: 694 | D18: 313 | E18: 381
A19: 3 | B19: Loklung(VT) | C19: 952 | D19: 476 | E19: 476
A20: 4 | B20: Tiphul(VT) | C20: 809 | D20: 394 | E20: 415
A21: 5 | B21: Chuncung(VT) | C21: 1600 | D21: 705 | E21: 895
A22: 6 | B22: Hranhring(VT) | C22: 351 | D22: 163 | E22: 188
A23: 7 | B23: Zokhua(VT) | C23: 879 | D23: 437 | E23: 442
A24: 8 | B24: Bualtak(VT) | C24: 487 | D24: 216 | E24: 271
A25: 9 | B25: Malsawm(VT) | C25: 592 | D25: 273 | E25: 319
A26: 10 | B26: Tinam(VT) | C26: 1463 | D26: 727 | E26: 736
A27: 11 | B27: Rinpi(VT) | C27: 422 | D27: 204 | E27: 218
A28: 12 | B28: Haiphai(VT) | C28: 457 | D28: 209 | E28: 248
... A46: 30 | B46: Leipi(VT) | C46: 421 | D46: 185 | E46: 236

Sheet Thantlang
A1: Chin State,Haka District, Thantlang Township
E2: 29-3-2014
A5: Sr | B5: Ward/Village Tract | C5: Population
C6: Total | D6: Male | E6: Female
B7: Total | C7: =C9+C13 -> 50374 | D7: =D9+D13 -> 24379 | E7: =E9+E13 -> 25995
B9: Ward | C9: =C10+C11+C12 -> 7587 | D9: =D10+D11+D12 -> 3583 | E9: =E10+E11+E12 -> 4004
A10: 1 | B10: No(1)(W) | C10: 2238 | D10: 1039 | E10: 1199
A11: 2 | B11: No(2)(W) | C11: 3528 | D11: 1662 | E11: 1866
A12: 3 | B12: No(3)(W) | C12: 1821 | D12: 882 | E12: 939
B13: Village Tract | C13: =C14+C15+C16+C17+C18+C19+C20+C21+C22+C23+C24+C25+C26+C27+C28+C29+C30+C31+C32+C33+C34+C35+C36+C37+C38+C39+C40+C41+C42+C43+C44+C45+C46+C47+C48+C49+C50 -> 42787 | D13: =D14+D15+D16+D17+D18+D19+D20+D21+D22+D23+D24+D25+D26+D27+D28+D29+D30+D31+D32+D33+D34+D35+D36+D37+D38+D39+D40+D41+D42+D43+D44+D45+D46+D47+D48+D49+D50 -> 20796 | E13: =E14+E15+E16+E17+E18+E19+E20+E21+E22+E23+E24+E25+E26+E27+E28+E29+E30+E31+E32+E33+E34+E35+E36+E37+E38+E39+E40+E41+E42+E43+E44+E45+E46+E47+E48+E49+E50 -> 21991
A14: 1 | B14: Tlangkhua(VT) | C14: 798 | D14: 388 | E14: 410
A15: 2 | B15: Tikhuangtum(VT) | C15: 1195 | D15: 598 | E15: 597
A16: 3 | B16: Lungzarh(VT) | C16: 1023 | D16: 522 | E16: 501
A17: 4 | B17: Tlangte(VT) | C17: 1025 | D17: 526 | E17: 499
A18: 5 | B18: Tlangpi(VT) | C18: 1648 | D18: 825 | E18: 823
A19: 6 | B19: Lungding(VT) | C19: 499 | D19: 254 | E19: 245
A20: 7 | B20: Vanzang(VT) | C20: 1856 | D20: 920 | E20: 936
A21: 8 | B21: Dawn(VT) | C21: 1549 | D21: 779 | E21: 770
A22: 9 | B22: Zaangtlang(VT) | C22: 767 | D22: 392 | E22: 375
A23: 10 | B23: Lungler(VT) | C23: 1503 | D23: 773 | E23: 730
A24: 11 | B24: Thangzang(VT) | C24: 1422 | D24: 692 | E24: 730
A25: 12 | B25: Saikah(VT) | C25: 1121 | D25: 541 | E25: 580
... A50: 37 | B50: Hriphi(VT) | C50: 1362 | D50: 652 | E50: 710

Sheet Falam
A1: Chin State, Falam District, Falam Township
E2: 29-3-2014
A5: Sr | B5: Ward/Village Tract | C5: Population
C6: Total | D6: Male | E6: Female
B7: Total | C7: =C9+C14 -> 41457 | D7: =D9+D14 -> 20350 | E7: =E9+E14 -> 21107
B9: Ward | C9: =SUM(C10:C13) -> 9092 | D9: =SUM(D10:D13) -> 4266 | E9: =SUM(E10:E13) -> 4826
A10: 1 | B10: Cinmual(W) | C10: 2716 | D10: 1209 | E10: 1507
A11: 2 | B11: Balai(W) | C11: 2016 | D11: 975 | E11: 1041
A12: 3 | B12: Phathauk(W) | C12: 1425 | D12: 652 | E12: 773
A13: 4 | B13: Tlanlau(W) | C13: 2935 | D13: 1430 | E13: 1505
B14: Village Tract | C14: =SUM(C15:C94) -> 32365 | D14: =SUM(D15:D94) -> 16084 | E14: =SUM(E15:E94) -> 16281
A15: 1 | B15: K.Haimual(VT) | C15: 148 | D15: 82 | E15: 66
A16: 2 | B16: Rallawn(VT) | C16: 386 | D16: 193 | E16: 193
A17: 3 | B17: MangKheng(VT) | C17: 613 | D17: 287 | E17: 326
A18: 4 | B18: Lenhai(VT) | C18: 159 | D18: 74 | E18: 85
A19: 5 | B19: Lente(VT) | C19: 777 | D19: 393 | E19: 384
A20: 6 | B20: Thungthul(VT) | C20: 155 | D20: 80 | E20: 75
A21: 7 | B21: Laizo(VT) | C21: 830 | D21: 374 | E21: 456
A22: 8 | B22: L. Hmunpi(VT) | C22: 217 | D22: 112 | E22: 105
A23: 9 | B23: Congthe(VT) | C23: 265 | D23: 127 | E23: 138
A24: 10 | B24: Taisum(VT) | C24: 216 | D24: 104 | E24: 112
A25: 11 | B25: C. Zamual(VT) | C25: 482 | D25: 226 | E25: 256
A26: 12 | B26: Taal(VT) | C26: 615 | D26: 312 | E26: 303
... A94: 80 | B94: Saihmun(VT) | C94: 607 | D94: 298 | E94: 309

Sheet Tedim
A1: Chin State, Falam District, Tedim Township
E2: 29-3-2014
A5: Sr | B5: Ward/Village Tract | C5: Population
C6: Total | D6: Male | E6: Female
B7: Total | C7: =C9+C14 -> 87623 | D7: =D9+D14 -> 41927 | E7: =E9+E14 -> 45696
B9: Ward | C9: =SUM(C10:C13) -> 13452 | D9: =SUM(D10:D13) -> 6289 | E9: =SUM(E10:E13) -> 7163
A10: 1 | B10: Sakollam(W) | C10: 4680 | D10: 2185 | E10: 2495
A11: 2 | B11: Myo Ma(W) | C11: 3305 | D11: 1504 | E11: 1801
A12: 3 | B12: Lawibual(W) | C12: 3854 | D12: 1851 | E12: 2003
A13: 4 | B13: Lay Lwam(W) | C13: 1613 | D13: 749 | E13: 864
B14: Village Tract | C14: =SUM(C15+C16+C17+C18+C19+C20+C21+C22+C23+C24+C25+C26+C27+C28+C29+C30+C31+C32+C33+C34+C35+C36+C37+C38+C39+C40+C41+C42+C43+C44+C45+C46+C47+C48+C49+C50+C51+C52+C53+C54+C55+C56+C57+C58+C59+C60+C61+C62+C63+C64+C65+C66+C67+C68+C69) -> 74171 | D14: =SUM(D15+D16+D17+D18+D19+D20+D21+D22+D23+D24+D25+D26+D27+D28+D29+D30+D31+D32+D33+D34+D35+D36+D37+D38+D39+D40+D41+D42+D43+D44+D45+D46+D47+D48+D49+D50+D51+D52+D53+D54+D55+D56+D57+D58+D59+D60+D61+D62+D63+D64+D65+D66+D67+D68+D69) -> 35638 | E14: =SUM(E15+E16+E17+E18+E19+E20+E21+E22+E23+E24+E25+E26+E27+E28+E29+E30+E31+E32+E33+E34+E35+E36+E37+E38+E39+E40+E41+E42+E43+E44+E45+E46+E47+E48+E49+E50+E51+E52+E53+E54+E55+E56+E57+E58+E59+E60+E61+E62+E63+E64+E65+E66+E67+E68+E69) -> 38533
A15: 1 | B15: Saizang(VT) | C15: 2865 | D15: 1400 | E15: 1465
A16: 2 | B16: Vongmual(VT) | C16: 402 | D16: 208 | E16: 194
A17: 3 | B17: Khiangzang(VT) | C17: 1896 | D17: 918 | E17: 978
A18: 4 | B18: Suangpi(VT) | C18: 1647 | D18: 746 | E18: 901
A19: 5 | B19: Dimpi(VT) | C19: 1161 | D19: 557 | E19: 604
A20: 6 | B20: Bumzang(VT) | C20: 305 | D20: 145 | E20: 160
A21: 7 | B21: Kahngen(VT) | C21: 295 | D21: 155 | E21: 140
A22: 8 | B22: Thangzang(VT) | C22: 518 | D22: 208 | E22: 310
A23: 9 | B23: Tualmu(VT) | C23: 303 | D23: 149 | E23: 154
A24: 10 | B24: Gamngai(VT) | C24: 879 | D24: 435 | E24: 444
A25: 11 | B25: Lailui(VT) | C25: 1323 | D25: 622 | E25: 701
A26: 12 | B26: Teeklui(VT) | C26: 984 | D26: 484 | E26: 500
... A69: 55 | B69: Ngalzang(VT) | C69: 757 | D69: 350 | E69: 407

Sheet Tonzaung
A1: Chin State,Falam District, Tonzaung Township
E2: 29-3-2014
A5: Sr | B5: Ward/Village Tract | C5: Population
C6: Total | D6: Male | E6: Female
B7: Total | C7: =C9+C12 -> 20722 | D7: =D9+D12 -> 10107 | E7: =E9+E12 -> 10615
B9: Ward | C9: =SUM(C10:C11) -> 3777 | D9: =SUM(D10:D11) -> 1786 | E9: =SUM(E10:E11) -> 1991
A10: 1 | B10: Khuavung(W) | C10: 2796 | D10: 1324 | E10: 1472
A11: 2 | B11: Khualai(W) | C11: 981 | D11: 462 | E11: 519
B12: Village Tract | C12: =SUM(C13:C34) -> 16945 | D12: =SUM(D13:D34) -> 8321 | E12: =SUM(E13:E34) -> 8624
A13: 1 | B13: Salzang(VT) | C13: 882 | D13: 438 | E13: 444
A14: 2 | B14: Tungtuang(VT) | C14: 646 | D14: 294 | E14: 352
A15: 3 | B15: Phaitu(VT) | C15: 889 | D15: 406 | E15: 483
A16: 4 | B16: Lungtak(VT) | C16: 677 | D16: 331 | E16: 346
A17: 5 | B17: Gelmual(VT) | C17: 320 | D17: 151 | E17: 169
A18: 6 | B18: Mualpi(VT) | C18: 915 | D18: 456 | E18: 459
A19: 7 | B19: Anlun(VT) | C19: 274 | D19: 148 | E19: 126
A20: 8 | B20: Senam(VT) | C20: 246 | D20: 142 | E20: 104
A21: 9 | B21: Lennakot(VT) | C21: 178 | D21: 92 | E21: 86
A22: 10 | B22: Sihpek(VT) | C22: 264 | D22: 125 | E22: 139
A23: 11 | B23: Singpial(VT) | C23: 1058 | D23: 515 | E23: 543
A24: 12 | B24: Balbil(VT) | C24: 613 | D24: 308 | E24: 305
... A34: 22 | B34: Saipimual(VT) | C34: 399 | D34: 186 | E34: 213

Sheet Rihkhuadal(S)
A1: Chin State,Falam District, Rihkhuadal Sub-Township
E2: 29-3-2014
A5: Sr | B5: Ward/Village Tract | C5: Population
C6: Total | D6: Male | E6: Female
B7: Total | C7: =C9+C12 -> 6620 | D7: =D9+D12 -> 3273 | E7: =E9+E12 -> 3347
B9: Ward | C9: =SUM(C10+C11) -> 3604 | D9: =SUM(D10+D11) -> 1741 | E9: =SUM(E10+E11) -> 1863
A10: 1 | B10: No(1)(W) | C10: 998 | D10: 478 | E10: 520
A11: 2 | B11: No(2)(W) | C11: 2606 | D11: 1263 | E11: 1343
B12: Village Tract | C12: =SUM(C13:C18) -> 3016 | D12: =SUM(D13:D18) -> 1532 | E12: =SUM(E13:E18) -> 1484
A13: 1 | B13: Kyaung Hoih(VT) | C13: 159 | D13: 82 | E13: 77
A14: 2 | B14: Thee Kyi(VT) | C14: 580 | D14: 282 | E14: 298
A15: 3 | B15: Ting Cang(VT) | C15: 515 | D15: 265 | E15: 250
A16: 4 | B16: Saek(VT) | C16: 391 | D16: 192 | E16: 199
A17: 5 | B17: Khuathlir(VT) | C17: 656 | D17: 343 | E17: 313
A18: 6 | B18: Cawhte(VT) | C18: 715 | D18: 368 | E18: 347

Sheet Cikha(S)
A1: Chin State,Falam District, Cikha Sub-Township
F2: 29-3-2014
B5: Sr | C5: Ward/Village Tract | D5: Population
D6: Total | E6: Male | F6: Female
C7: Total | D7: =D9+D12 -> 11156 | E7: =E9+E12 -> 5585 | F7: =F9+F12 -> 5571
C9: Ward | D9: =SUM(D10:D11) -> 1450 | E9: =SUM(E10:E11) -> 732 | F9: =SUM(F10:F11) -> 718
B10: 1 | C10: No(1)(W) | D10: 783 | E10: 403 | F10: 380
B11: 2 | C11: No(2)(W) | D11: 667 | E11: 329 | F11: 338
C12: Village Tract | D12: =SUM(D13:D21) -> 9706 | E12: =SUM(E13:E21) -> 4853 | F12: =SUM(F13:F21) -> 4853
B13: 1 | C13: Kansau(VT) | D13: 1301 | E13: 680 | F13: 621
B14: 2 | C14: Haipi(VT) | D14: 166 | E14: 82 | F14: 84
B15: 3 | C15: Suangzang(VT) | D15: 747 | E15: 361 | F15: 386
B16: 4 | C16: Khuabem(VT) | D16: 414 | E16: 193 | F16: 221
B17: 5 | C17: Tuimui(VT) | D17: 1803 | E17: 885 | F17: 918
B18: 6 | C18: Tuimang(VT) | D18: 1681 | E18: 847 | F18: 834
B19: 7 | C19: Haicin(VT) | D19: 2457 | E19: 1226 | F19: 1231
B20: 8 | C20: Pangmual(VT) | D20: 346 | E20: 171 | F20: 175
B21: 9 | C21: Tongciin(VT) | D21: 791 | E21: 408 | F21: 383

Sheet Mindat
A1: Chin State, Mindat District, Mindat Township
F2: 29-3-2014
B5: Sr | C5: Ward/Village Tract | D5: Population
D6: Total | E6: Male | F6: Female
C7: Total | D7: =D9+D14 -> 42600 | E7: =E9+E14 -> 19727 | F7: =F9+F14 -> 22873
C9: Ward | D9: =SUM(D10:D13) -> 11505 | E9: =SUM(E10:E13) -> 5267 | F9: =SUM(F10:F13) -> 6238
B10: 1 | C10: Ah Shey Pyin(W) | D10: 2475 | E10: 1144 | F10: 1331
B11: 2 | C11: Ba Wa Thit(W) | D11: 1631 | E11: 727 | F11: 904
B12: 3 | C12: San Pya(W) | D12: 2030 | E12: 922 | F12: 1108
B13: 4 | C13: (West)(W) | D13: 5369 | E13: 2474 | F13: 2895
C14: Village Tract | D14: =SUM(D15:D61) -> 31095 | E14: =SUM(E15:E61) -> 14460 | F14: =SUM(F15:F61) -> 16635
B15: 1 | C15: Baw(VT) | D15: 521 | E15: 234 | F15: 287
B16: 2 | C16: Htuipan(VT) | D16: 495 | E16: 220 | F16: 275
B17: 3 | C17: Sawntaung(VT) | D17: 509 | E17: 247 | F17: 262
B18: 4 | C18: M'maitai(VT) | D18: 859 | E18: 404 | F18: 455
B19: 5 | C19: Hleicham(VT) | D19: 695 | E19: 323 | F19: 372
B20: 6 | C20: Anigai(VT) | D20: 688 | E20: 337 | F20: 351
B21: 7 | C21: M'ghinghlaw(VT) | D21: 948 | E21: 428 | F21: 520
B22: 8 | C22: M'htu(VT) | D22: 1172 | E22: 519 | F22: 653
B23: 9 | C23: Vawmm'tu(VT) | D23: 791 | E23: 381 | F23: 410
B24: 10 | C24: Ghunghta(VT) | D24: 368 | E24: 179 | F24: 189
B25: 11 | C25: Vakauk(VT) | D25: 411 | E25: 202 | F25: 209
B26: 12 | C26: Khawilung(VT) | D26: 675 | E26: 317 | F26: 358
... B61: 47 | C61: Forest EA | D61: 523 | E61: 279 | F61: 244

Sheet Matupi
A1: Chin State, Mindat District, Matupi Township
E2: 29-3-2014
A5: Sr | B5: Ward/Village Tract | C5: Population
C6: Total | D6: Male | E6: Female
B7: Total | C7: =C9+C14 -> 39086 | D7: =D9+D14 -> 18680 | E7: =E9+E14 -> 20406
B9: Ward | C9: =SUM(C10:C13) -> 8622 | D9: =SUM(D10:D13) -> 4229 | E9: =SUM(E10:E13) -> 4393
A10: 1 | B10: Cangbong(W) | C10: 3607 | D10: 1772 | E10: 1835
A11: 2 | B11: Khoboi(W) | C11: 1667 | D11: 802 | E11: 865
A12: 3 | B12: Lungvan(W) | C12: 2640 | D12: 1257 | E12: 1383
A13: 4 | B13: Ngalar(W) | C13: 708 | D13: 398 | E13: 310
B14: Village Tract | C14: =SUM(C15:C63) -> 30464 | D14: =SUM(D15:D63) -> 14451 | E14: =SUM(E15:E63) -> 16013
A15: 1 | B15: Luivang(VT) | C15: 487 | D15: 227 | E15: 260
A16: 2 | B16: Tangku(VT) | C16: 833 | D16: 403 | E16: 430
A17: 3 | B17: Radui(VT) | C17: 368 | D17: 169 | E17: 199
A18: 4 | B18: Ngaleng(VT) | C18: 557 | D18: 259 | E18: 298
A19: 5 | B19: Kace(VT) | C19: 397 | D19: 177 | E19: 220
A20: 6 | B20: Congthia(VT) | C20: 572 | D20: 254 | E20: 318
A21: 7 | B21: Angthaw(VT) | C21: 248 | D21: 121 | E21: 127
A22: 8 | B22: Lalui(VT) | C22: 390 | D22: 193 | E22: 197
A23: 9 | B23: Dai Hnan(VT) | C23: 663 | D23: 327 | E23: 336
A24: 10 | B24: Leising(VT) | C24: 407 | D24: 185 | E24: 222
A25: 11 | B25: Leiring(VT) | C25: 343 | D25: 163 | E25: 180
A26: 12 | B26: Awkla(VT) | C26: 171 | D26: 77 | E26: 94
... A63: 49 | B63: Daidin(VT) | C63: 134 | D63: 63 | E63: 71

Sheet Kanpalet
A1: Chin State, Mindat District, Kanpalet Township
E2: 29-3-2014
A5: Sr | B5: Ward/Village Tract | C5: Population
C6: Total | D6: Male | E6: Female
B7: Total | C7: =C9+C12 -> 21493 | D7: =D9+D12 -> 10313 | E7: =E9+E12 -> 11180
B9: Ward | C9: =C10+C11 -> 4159 | D9: =D10+D11 -> 2028 | E9: =E10+E11 -> 2131
A10: 1 | B10: No(1)(W) | C10: 1543 | D10: 772 | E10: 771
A11: 2 | B11: No(2)(W) | C11: 2616 | D11: 1256 | E11: 1360
B12: Village Tract | C12: =SUM(C13:C38) -> 17334 | D12: =SUM(D13:D38) -> 8285 | E12: =SUM(E13:E38) -> 9049
A13: 1 | B13: Ma Kyar(VT) | C13: 975 | D13: 458 | E13: 517
A14: 2 | B14: Ton Nge(VT) | C14: 417 | D14: 192 | E14: 225
A15: 3 | B15: Khi Taw(VT) | C15: 1044 | D15: 491 | E15: 553
A16: 4 | B16: Ngon Laung(VT) | C16: 694 | D16: 342 | E16: 352
A17: 5 | B17: Kant Thar Yon(VT) | C17: 1241 | D17: 627 | E17: 614
A18: 6 | B18: Kyet Chan(VT) | C18: 513 | D18: 237 | E18: 276
A19: 7 | B19: Lun Don(VT) | C19: 612 | D19: 253 | E19: 359
A20: 8 | B20: Baung Bin(VT) | C20: 671 | D20: 291 | E20: 380
A21: 9 | B21: Say Kay(VT) | C21: 354 | D21: 161 | E21: 193
A22: 10 | B22: Hman Taung(VT) | C22: 1574 | D22: 729 | E22: 845
A23: 11 | B23: Le Pon(VT) | C23: 498 | D23: 268 | E23: 230
A24: 12 | B24: Ngun Zaing(VT) | C24: 408 | D24: 209 | E24: 199
... A38: 26 | B38: Mar Kyar(VT) | C38: 304 | D38: 144 | E38: 160

Sheet Paletwa
A1: Chin State, Mindat District, Paletwa Township
E2: 29-3-2014
A5: Sr | B5: Ward/Village Tract | C5: Population
C6: Total | D6: Male | E6: Female
B7: Total | C7: =C9+C13 -> 64971 | D7: =D9+D13 -> 31104 | E7: =E9+E13 -> 33867
B9: Ward | C9: =SUM(C10:C12) -> 6374 | D9: =SUM(D10:D12) -> 3064 | E9: =SUM(E10:E12) -> 3310
A10: 1 | B10: Myo Ma(W) | C10: 3502 | D10: 1732 | E10: 1770
A11: 2 | B11: Ywar Ma(W) | C11: 1088 | D11: 471 | E11: 617
A12: 3 | B12: Yeik Khar(W) | C12: 1784 | D12: 861 | E12: 923
B13: Village Tract | C13: =SUM(C14:C70) -> 58597 | D13: =SUM(D14:D70) -> 28040 | E13: =SUM(E14:E70) -> 30557
A14: 1 | B14: Kin Wa(VT) | C14: 346 | D14: 172 | E14: 174
A15: 2 | B15: Mun Daunt(VT) | C15: 1008 | D15: 460 | E15: 548
A16: 3 | B16: Seint Sin Wa(VT) | C16: 1030 | D16: 482 | E16: 548
A17: 4 | B17: Lel Hla(VT) | C17: 1868 | D17: 902 | E17: 966
A18: 5 | B18: Hta Man Thar(VT) | C18: 1563 | D18: 747 | E18: 816
A19: 6 | B19: Auk Thea Ma Wa(VT) | C19: 1828 | D19: 826 | E19: 1002
A20: 7 | B20: Hna Ma Dar(VT) | C20: 2062 | D20: 965 | E20: 1097
A21: 8 | B21: Yoke Wa(VT) | C21: 1228 | D21: 598 | E21: 630
A22: 9 | B22: Ah Baung Thar(VT) | C22: 623 | D22: 294 | E22: 329
A23: 10 | B23: Twee Kin Wa(VT) | C23: 953 | D23: 439 | E23: 514
A24: 11 | B24: Kan Lar Wa(VT) | C24: 971 | D24: 477 | E24: 494
A25: 12 | B25: Baung Pee(VT) | C25: 761 | D25: 352 | E25: 409
... A70: 57 | B70: Kon Pyin(VT) | C70: 972 | D70: 483 | E70: 489

Sheet Reazu(S)
A1: Chin State, Mindat District, Reazu Sub- Township
E2: 29-3-2014
A5: Sr | B5: Ward/Village Tract | C5: Population
C6: Total | D6: Male | E6: Female
B7: Total | C7: =C9+C11 -> 12265 | D7: =D9+D11 -> 5471 | E7: =E9+E11 -> 6794
B9: Ward | C9: =SUM(C10) -> 2229 | D9: =SUM(D10) -> 986 | E9: =SUM(E10) -> 1243
A10: 1 | B10: Myo Ma(W) | C10: 2229 | D10: 986 | E10: 1243
B11: Village Tract | C11: =SUM(C12:C25) -> 10036 | D11: =SUM(D12:D25) -> 4485 | E11: =SUM(E12:E25) -> 5551
A12: 1 | B12: Hriangpi(VT) | C12: 632 | D12: 290 | E12: 342
A13: 2 | B13: Sate(VT) | C13: 570 | D13: 258 | E13: 312
A14: 3 | B14: Leikan(VT) | C14: 854 | D14: 390 | E14: 464
A15: 4 | B15: Ruava(VT) | C15: 778 | D15: 337 | E15: 441
A16: 5 | B16: Calthawng(VT) | C16: 1326 | D16: 571 | E16: 755
A17: 6 | B17: Shar Shi(VT) | C17: 512 | D17: 215 | E17: 297
A18: 7 | B18: Shar Ta Lai(VT) | C18: 800 | D18: 353 | E18: 447
A19: 8 | B19: Aiktar(VT) | C19: 800 | D19: 361 | E19: 439
A20: 9 | B20: Sawtui(VT) | C20: 832 | D20: 396 | E20: 436
A21: 10 | B21: Hinthang(VT) | C21: 619 | D21: 279 | E21: 340
A22: 11 | B22: E-tang(VT) | C22: 502 | D22: 234 | E22: 268
A23: 12 | B23: Tibing(VT) | C23: 444 | D23: 186 | E23: 258
... A25: 14 | B25: Thawang(VT) | C25: 791 | D25: 377 | E25: 414

Sheet Sami(S)
A1: Chin State, Mindat District, Sami Sub- Township
E2: 29-3-2014
A4: Sr | B4: Ward/Village Tract | C4: Population
C5: Total | D5: Male | E5: Female
B6: Total | C6: =C8+C12 -> 32082 | D6: =D8+D12 -> 15666 | E6: =E8+E12 -> 16416
B8: Ward | C8: =SUM(C9:C11) -> 3032 | D8: =SUM(D9:D11) -> 1468 | E8: =SUM(E9:E11) -> 1564
A9: 1 | B9: No(1)(W) | C9: 1345 | D9: 634 | E9: 711
A10: 2 | B10: No(2)(W) | C10: 1280 | D10: 632 | E10: 648
A11: 3 | B11: No(3)(W) | C11: 407 | D11: 202 | E11: 205
B12: Village Tract | C12: =SUM(C13:C51) -> 29050 | D12: =SUM(D13:D51) -> 14198 | E12: =SUM(E13:E51) -> 14852
A13: 1 | B13: Par Maung(VT) | C13: 391 | D13: 176 | E13: 215
A14: 2 | B14: Kyet Ma Aing(VT) | C14: 764 | D14: 360 | E14: 404
A15: 3 | B15: Leik Chaung Wa(VT) | C15: 272 | D15: 125 | E15: 147
A16: 4 | B16: Tin Bone(VT) | C16: 521 | D16: 243 | E16: 278
A17: 5 | B17: War Tein(VT) | C17: 1129 | D17: 535 | E17: 594
A18: 6 | B18: Wet Ma(VT) | C18: 1676 | D18: 827 | E18: 849
A19: 7 | B19: Sar Wa(VT) | C19: 1149 | D19: 562 | E19: 587
A20: 8 | B20: Pyin Wa(VT) | C20: 1358 | D20: 648 | E20: 710
A21: 9 | B21: Ka Naung(VT) | C21: 520 | D21: 258 | E21: 262
A22: 10 | B22: Baung Kone(VT) | C22: 537 | D22: 257 | E22: 280
A23: 11 | B23: Sin Ki Taung(VT) | C23: 789 | D23: 356 | E23: 433
A24: 12 | B24: Ka Yet(VT) | C24: 554 | D24: 256 | E24: 298
... A51: 39 | B51: Maw Sone Gyi(VT) | C51: 703 | D51: 353 | E51: 350

Sheet Sheet2
