Workbook

Sheet List of Township
B1: List of Township
A2: 1 | B2: =' Bago'!A1 -> Bago Region,Bago District,Bago Township
A3: 2 | B3: =Tanatpin!A1 -> Bago Region ,Bago District,Tanatpin Township
A4: 3 | B4: =Kawa!A1 -> Bago Region ,Bago District, Kawa Township
A5: 4 | B5: =Waw!A1 -> Bago Region ,Bago District, Waw Township
A6: 5 | B6: =Nyaunglebin!A1 -> Bago Region ,Bago District, Nyaunglebin Township
A7: 6 | B7: =Kyauktaga!A1 -> Bago Region ,Bago District, Kyauktaga Township
A8: 7 | B8: ='Daik U'!A1 -> Bago Region ,Bago District,Daik U Township
A9: 8 | B9: =Shwegyin!A1 -> Bago Region ,Bago District,Shwegyin Township
A10: 9 | B10: =Toungoo!A1 -> Bago Region ,Toungoo District, Toungoo Township
A11: 10 | B11: =Yaedashe!A1 -> Bago Region ,Toungoo District,Yaedashe Township
A12: 11 | B12: =' Kyaukkyi'!A1 -> Bago Region ,Toungoo District,Kyaukkyi Township
A13: 12 | B13: =' Pyu'!A1 -> Bago Region ,Toungoo District,Pyu Township
A14: 13 | B14: =Oatwin!A1 -> Bago Region ,Toungoo District,Oatwin Township
A15: 14 | B15: =Htantapin!A1 -> Bago Region ,Toungoo District, Htantapin Township
A16: 15 | B16: =Pyay!A1 -> Bago Region , Pyay District, Pyay Township
A17: 16 | B17: =Paukkhaung!A1 -> Bago Region , Pyay District, Paukkhaung Township
A18: 17 | B18: =' Padaung'!A1 -> Bago Region , Pyay District, Padaung Township
A19: 18 | B19: =Paunde!A1 -> Bago Region , Pyay District, Paunde Township
A20: 19 | B20: =Thegon!A1 -> Bago Region , Pyay District, Thegon Township
A21: 20 | B21: =Shwedaung!A1 -> Bago Region , Pyay District, Shwedaung Township
A22: 21 | B22: =Thayawady!A1 -> Bago Region , Thayawady District, Thayawady Township
A23: 22 | B23: =Letpadan!A1 -> Bago Region , Thayawady District, Letpadan Township
A24: 23 | B24: =Minhla!A1 -> Bago Region , Thayawady District, Minhla Township
A25: 24 | B25: =Okpo!A1 -> Bago Region , Thayawady District, Okpo Township
A26: 25 | B26: =Zigon!A1 -> Bago Region , Thayawady District, Zigon Township
A27: 26 | B27: =Nattalin!A1 -> Bago Region , Thayawady District, Nattalin Township
A28: 27 | B28: =Monyo!A1 -> Bago Region , Thayawady District, Monyo Township
A29: 28 | B29: =Gyobingauk!A1 -> Bago Region , Thayawady District, Gyobingauk Township

Sheet  Bago
A1: Bago Region,Bago District,Bago Township
E2: 29-3-2014
A4: Sr | B4: Ward/Village Tract | C4: Population
C5: Total | D5: Male | E5: Female
B6: Total | C6: 491434 | D6: 235529 | E6: 255905
B8: Ward | C8: =SUM(C9:C42) -> 254424 | D8: =SUM(D9:D42) -> 119243 | E8: =SUM(E9:E42) -> 135181
A9: 1 | B9: Myo Twin (East-Ka Gyi)(W) | C9: 9091 | D9: 4668 | E9: 4423
A10: 2 | B10: Myo Twin (East-Kha Gway)(W) | C10: 31389 | D10: 14041 | E10: 17348
A11: 3 | B11: Myo Twin West (Ka Gyi)(W) | C11: 3922 | D11: 1609 | E11: 2313
A12: 4 | B12: Myo Twin West (Kha Gway)(W) | C12: 11142 | D12: 5021 | E12: 6121
A13: 5 | B13: Leik Pyar Kan(W) | C13: 5358 | D13: 2720 | E13: 2638
A14: 6 | B14: Pon Nar Su(W) | C14: 12285 | D14: 5662 | E14: 6623
A15: 7 | B15: Pan Hlaing(W) | C15: 1128 | D15: 494 | E15: 634
A16: 8 | B16: Zay Paing(W) | C16: 967 | D16: 420 | E16: 547
A17: 9 | B17: Nyaung Waing (South)(W) | C17: 1349 | D17: 585 | E17: 764
A18: 10 | B18: Nyaung Waing (North)(W) | C18: 1094 | D18: 478 | E18: 616
A19: 11 | B19: Thun Hpa Yar Kone(W) | C19: 1641 | D19: 935 | E19: 706
A20: 12 | B20: Kyauk Gyi Su(W) | C20: 7867 | D20: 3656 | E20: 4211
... A42: 34 | B42: Phyar Gyi (3)(W) | C42: 6381 | D42: 3153 | E42: 3228
B43: Village Tract | C43: =SUM(C44:C110) -> 237010 | D43: =SUM(D44:D110) -> 116286 | E43: =SUM(E44:E110) -> 120724
A44: 1 | B44: Me Khon(VT) | C44: 3390 | D44: 1770 | E44: 1620
A45: 2 | B45: Ka Twin Chan(VT) | C45: 4047 | D45: 1940 | E45: 2107
A46: 3 | B46: Hmon Taing(VT) | C46: 1220 | D46: 584 | E46: 636
A47: 4 | B47: Ka Mar Nat(VT) | C47: 7798 | D47: 3625 | E47: 4173
A48: 5 | B48: Zay Nyaung Pin(VT) | C48: 922 | D48: 468 | E48: 454
A49: 6 | B49: Ah Htet Si Dee (West)(VT) | C49: 1088 | D49: 472 | E49: 616
A50: 7 | B50: Ah Htet Si Dee (East)(VT) | C50: 1295 | D50: 607 | E50: 688
A51: 8 | B51: Auk Si Dee (West)(VT) | C51: 574 | D51: 247 | E51: 327
A52: 9 | B52: Auk Si Dee (East)(VT) | C52: 3029 | D52: 1419 | E52: 1610
A53: 10 | B53: Oe Bo(VT) | C53: 1668 | D53: 762 | E53: 906
A54: 11 | B54: Saing Di(VT) | C54: 1819 | D54: 898 | E54: 921
A55: 12 | B55: Moke Ka La(VT) | C55: 2080 | D55: 966 | E55: 1114
... A110: 67 | B110: Hlaw Kar(VT) | C110: 2711 | D110: 1400 | E110: 1311

Sheet Tanatpin
A1: Bago Region ,Bago District,Tanatpin Township
E2: 29-3-2014
A4: Sr | B4: Ward/Village Tract | C4: Population
C5: Total | D5: Male | E5: Female
B6: Total | C6: 145287 | D6: 69136 | E6: 76151
B8: Ward | C8: =SUM(C9:C14) -> 15822 | D8: =SUM(D9:D14) -> 7381 | E8: =SUM(E9:E14) -> 8441
A9: 1 | B9: Zay Paing(W) | C9: 2429 | D9: 1127 | E9: 1302
A10: 2 | B10: Auk Su Paing(W) | C10: 1533 | D10: 701 | E10: 832
A11: 3 | B11: Hpa Yar Gyi Paing(W) | C11: 3332 | D11: 1538 | E11: 1794
A12: 4 | B12: Bu Tar Paing(W) | C12: 2178 | D12: 996 | E12: 1182
A13: 5 | B13: Set Kone Paing(W) | C13: 4358 | D13: 2062 | E13: 2296
A14: 6 | B14: Ywar Thit (4)(W) | C14: 1992 | D14: 957 | E14: 1035
B15: Village Tract | C15: =SUM(C16:C75) -> 129465 | D15: =SUM(D16:D75) -> 61755 | E15: =SUM(E16:E75) -> 67710
A16: 1 | B16: Yae Kyaw(VT) | C16: 5640 | D16: 2618 | E16: 3022
A17: 2 | B17: Ma Kyet Su(VT) | C17: 2602 | D17: 1172 | E17: 1430
A18: 3 | B18: Ka Laing(VT) | C18: 2293 | D18: 1065 | E18: 1228
A19: 4 | B19: Sun Pi(VT) | C19: 992 | D19: 492 | E19: 500
A20: 5 | B20: Ka Mar Hpa Yan(VT) | C20: 1422 | D20: 707 | E20: 715
A21: 6 | B21: Hpa Ye(VT) | C21: 2689 | D21: 1248 | E21: 1441
A22: 7 | B22: Ngar Gyi Win(VT) | C22: 935 | D22: 454 | E22: 481
A23: 8 | B23: Htaung Min(VT) | C23: 3041 | D23: 1493 | E23: 1548
A24: 9 | B24: Tar Wa YaeTa Khar(VT) | C24: 1790 | D24: 860 | E24: 930
A25: 10 | B25: Ka Thea Kone(VT) | C25: 3698 | D25: 1735 | E25: 1963
A26: 11 | B26: Kyaik Pa Daing Gyi(VT) | C26: 2933 | D26: 1305 | E26: 1628
A27: 12 | B27: Kyaik Pa Daing Lay(VT) | C27: 1932 | D27: 899 | E27: 1033
... A75: 60 | B75: Aung Bon Gyi(VT) | C75: 1114 | D75: 548 | E75: 566

Sheet Kawa
A1: Bago Region ,Bago District, Kawa Township
E2: 29-3-2014
A4: Sr | B4: Ward/Village Tract | C4: Population
C5: Total | D5: Male | E5: Female
B6: Total | C6: 197363 | D6: 93804 | E6: 103559
B8: Ward | C8: =SUM(C9:C20) -> 17396 | D8: =SUM(D9:D20) -> 8050 | E8: =SUM(E9:E20) -> 9346
A9: 1 | B9: Ywar Thit(W) | C9: 1406 | D9: 673 | E9: 733
A10: 2 | B10: Ta Dar Gyi(W) | C10: 746 | D10: 355 | E10: 391
A11: 3 | B11: Kyaung Gyi(W) | C11: 1095 | D11: 516 | E11: 579
A12: 4 | B12: Min Paing(W) | C12: 822 | D12: 359 | E12: 463
A13: 5 | B13: Yone Gyi(W) | C13: 1408 | D13: 632 | E13: 776
A14: 6 | B14: Kha May Lay(W) | C14: 956 | D14: 462 | E14: 494
A15: 7 | B15: Aung Mingalar(W) | C15: 946 | D15: 413 | E15: 533
A16: 8 | B16: Butar(W) | C16: 1927 | D16: 869 | E16: 1058
A17: 9 | B17: Zay Gyi(W) | C17: 2411 | D17: 1085 | E17: 1326
A18: 10 | B18: Kantaw Mingalar(W) | C18: 2269 | D18: 1092 | E18: 1177
A19: 11 | B19: Shwe Pyi Aye(W) | C19: 1843 | D19: 851 | E19: 992
A20: 12 | B20: Myo Ma San pya(W) | C20: 1567 | D20: 743 | E20: 824
B21: Village Tract | C21: =SUM(C22:C110) -> 179967 | D21: =SUM(D22:D110) -> 85754 | E21: =SUM(E22:E110) -> 94213
A22: 1 | B22: Kyar Taw(VT) | C22: 1040 | D22: 487 | E22: 553
A23: 2 | B23: Kyar Tet(VT) | C23: 2269 | D23: 1059 | E23: 1210
A24: 3 | B24: Kyaung Taik(VT) | C24: 871 | D24: 391 | E24: 480
A25: 4 | B25: Kan Myaung(VT) | C25: 1248 | D25: 623 | E25: 625
A26: 5 | B26: Kha May Gyi(VT) | C26: 1691 | D26: 818 | E26: 873
A27: 6 | B27: Kha Ni(VT) | C27: 1305 | D27: 640 | E27: 665
A28: 7 | B28: Kha Nar(VT) | C28: 1964 | D28: 917 | E28: 1047
A29: 8 | B29: Zwe Kaik(VT) | C29: 1347 | D29: 614 | E29: 733
A30: 9 | B30: Zee Hpyu Kone(VT) | C30: 3152 | D30: 1516 | E30: 1636
A31: 10 | B31: Nyaung Pin(VT) | C31: 2652 | D31: 1242 | E31: 1410
A32: 11 | B32: Na Be Pin(VT) | C32: 1799 | D32: 810 | E32: 989
A33: 12 | B33: Pauk Kone(VT) | C33: 3365 | D33: 1620 | E33: 1745
... A110: 89 | B110: Aung Kaung Nyunt(VT) | C110: 3189 | D110: 1563 | E110: 1626

Sheet Waw
A1: Bago Region ,Bago District, Waw Township
E2: 29-3-2014
A4: Sr | B4: Ward/Village Tract | C4: Population
C5: Total | D5: Male | E5: Female
B6: Total | C6: 176014 | D6: 83699 | E6: 92315
B8: Ward | C8: =SUM(C9:C14) -> 23143 | D8: =SUM(D9:D14) -> 10752 | E8: =SUM(E9:E14) -> 12391
A9: 1 | B9: Kan Taw(W) | C9: 3597 | D9: 1644 | E9: 1953
A10: 2 | B10: Thit Set(W) | C10: 1990 | D10: 877 | E10: 1113
A11: 3 | B11: Chan Mya Thar Si(W) | C11: 2411 | D11: 1108 | E11: 1303
A12: 4 | B12: Aye Chan Thar Yar(W) | C12: 4675 | D12: 2172 | E12: 2503
A13: 5 | B13: Boe Bon(W) | C13: 208 | D13: 100 | E13: 108
A14: 6 | B14: Waw Ah Shey Bet Kan(W) | C14: 10262 | D14: 4851 | E14: 5411
B15: Village Tract | C15: =SUM(C16:C69) -> 152871 | D15: =SUM(D16:D69) -> 72947 | E15: =SUM(E16:E69) -> 79924
A16: 1 | B16: Naung Pat Ta Yar(VT) | C16: 2521 | D16: 1193 | E16: 1328
A17: 2 | B17: Naung Gyan(VT) | C17: 1092 | D17: 514 | E17: 578
A18: 3 | B18: Tha Bawt Kan(VT) | C18: 2046 | D18: 999 | E18: 1047
A19: 4 | B19: Aye Ka Rit(VT) | C19: 3085 | D19: 1513 | E19: 1572
A20: 5 | B20: Kyaik Hla(VT) | C20: 4266 | D20: 2028 | E20: 2238
A21: 6 | B21: Shan Su(VT) | C21: 855 | D21: 424 | E21: 431
A22: 7 | B22: Kyar La Har(VT) | C22: 1638 | D22: 792 | E22: 846
A23: 8 | B23: Kan Myint(VT) | C23: 1409 | D23: 711 | E23: 698
A24: 9 | B24: Kyon Thin(VT) | C24: 911 | D24: 448 | E24: 463
A25: 10 | B25: Kawt Win(VT) | C25: 1572 | D25: 737 | E25: 835
A26: 11 | B26: Nyaung Thone Gwa(VT) | C26: 2177 | D26: 1036 | E26: 1141
A27: 12 | B27: Moe Net(VT) | C27: 2548 | D27: 1202 | E27: 1346
... A69: 54 | B69: Ka Pin(VT) | C69: 1420 | D69: 687 | E69: 733

Sheet Nyaunglebin
A1: Bago Region ,Bago District, Nyaunglebin Township
E2: 29-3-2014
A4: Sr | B4: Ward/Village Tract | C4: Population
C5: Total | D5: Male | E5: Female
B6: Total | C6: 199483 | D6: 94464 | E6: 105019
B8: Ward | C8: =SUM(C9:C19) -> 59244 | D8: =SUM(D9:D19) -> 27863 | E8: =SUM(E9:E19) -> 31381
A9: 1 | B9: Myo Ma /No(1)(W) | C9: 4364 | D9: 2009 | E9: 2355
A10: 2 | B10: Myo Ma /No(2)(W) | C10: 7019 | D10: 3264 | E10: 3755
A11: 3 | B11: Myo Ma /No(3)(W) | C11: 3911 | D11: 1917 | E11: 1994
A12: 4 | B12: Myo Ma /No(4)(W) | C12: 6817 | D12: 3183 | E12: 3634
A13: 5 | B13: Myo Ma /No(5)(W) | C13: 4849 | D13: 2212 | E13: 2637
A14: 6 | B14: Myo Ma No (1)(W) | C14: 4286 | D14: 2059 | E14: 2227
A15: 7 | B15: Myo Ma No (2)(W) | C15: 6675 | D15: 3211 | E15: 3464
A16: 8 | B16: Myo Ma No (1)(W) | C16: 5392 | D16: 2609 | E16: 2783
A17: 9 | B17: Myo Ma No (2)(W) | C17: 6638 | D17: 3092 | E17: 3546
A18: 10 | B18: Myo Ma No (3)(W) | C18: 4915 | D18: 2265 | E18: 2650
A19: 11 | B19: Myo Ma No (4)(W) | C19: 4378 | D19: 2042 | E19: 2336
B20: Village Tract | C20: =SUM(C21:C69) -> 140239 | D20: =SUM(D21:D69) -> 66601 | E20: =SUM(E21:E69) -> 73638
A21: 1 | B21: Ah Lel(VT) | C21: 1351 | D21: 663 | E21: 688
A22: 2 | B22: Chaung Kyoe(VT) | C22: 1390 | D22: 683 | E22: 707
A23: 3 | B23: Da La Seik(VT) | C23: 548 | D23: 265 | E23: 283
A24: 4 | B24: Aye(VT) | C24: 1705 | D24: 808 | E24: 897
A25: 5 | B25: Gway Kone(VT) | C25: 1389 | D25: 655 | E25: 734
A26: 6 | B26: Gyoet Pin(VT) | C26: 4470 | D26: 2103 | E26: 2367
A27: 7 | B27: Gyaung Tar(VT) | C27: 6008 | D27: 2884 | E27: 3124
A28: 8 | B28: Hle Seik(VT) | C28: 7377 | D28: 3391 | E28: 3986
A29: 9 | B29: Inn Chaung(VT) | C29: 1961 | D29: 985 | E29: 976
A30: 10 | B30: In Kone(VT) | C30: 810 | D30: 375 | E30: 435
A31: 11 | B31: Inn Waing(VT) | C31: 2706 | D31: 1307 | E31: 1399
A32: 12 | B32: Ka Lein Khin(VT) | C32: 1182 | D32: 539 | E32: 643
... A69: 49 | B69: Si Pin(VT) | C69: 1083 | D69: 544 | E69: 539

Sheet Kyauktaga
A1: Bago Region ,Bago District, Kyauktaga Township
E2: 29-3-2014
A4: Sr | B4: Ward/Village Tract | C4: Population
C5: Total | D5: Male | E5: Female
B6: Total | C6: 251212 | D6: 120024 | E6: 131188
B8: Ward | C8: =SUM(C9:C21) -> 31656 | D8: =SUM(D9:D21) -> 14849 | E8: =SUM(E9:E21) -> 16807
A9: 1 | B9: Kwin (West)(W) | C9: 5415 | D9: 2560 | E9: 2855
A10: 2 | B10: Sar Taik(W) | C10: 2271 | D10: 1094 | E10: 1177
A11: 3 | B11: Zay Paing(W) | C11: 2531 | D11: 1193 | E11: 1338
A12: 4 | B12: Kwin (South)(W) | C12: 2745 | D12: 1244 | E12: 1501
A13: 5 | B13: Kwin (North)(W) | C13: 3023 | D13: 1420 | E13: 1603
A14: 6 | B14: Ta Pin Shwe Htee(W) | C14: 3893 | D14: 1874 | E14: 2019
A15: 7 | B15: Gon Taw(W) | C15: 823 | D15: 387 | E15: 436
A16: 8 | B16: Pyi Taw Thar(W) | C16: 1576 | D16: 711 | E16: 865
A17: 9 | B17: Tha Ti Pa Htan(W) | C17: 2623 | D17: 1181 | E17: 1442
A18: 10 | B18: Myo Ma(W) | C18: 617 | D18: 271 | E18: 346
A19: 11 | B19: Than Ma Ni(W) | C19: 2538 | D19: 1190 | E19: 1348
A20: 12 | B20: Aung Myay(W) | C20: 1735 | D20: 833 | E20: 902
A21: 13 | B21: Kan Baw Za(W) | C21: 1866 | D21: 891 | E21: 975
B22: Village Tract | C22: =SUM(C23:C69) -> 219556 | D22: =SUM(D23:D69) -> 105175 | E22: =SUM(E23:E69) -> 114381
A23: 1 | B23: Taw Kywe Inn(VT) | C23: 14372 | D23: 6908 | E23: 7464
A24: 2 | B24: Yin Taik Kone(VT) | C24: 4790 | D24: 2273 | E24: 2517
A25: 3 | B25: Say Yoe Khin(VT) | C25: 3612 | D25: 1723 | E25: 1889
A26: 4 | B26: Khwet Ma(VT) | C26: 1454 | D26: 655 | E26: 799
A27: 5 | B27: Tha Min Inn Kone(VT) | C27: 7079 | D27: 3310 | E27: 3769
A28: 6 | B28: Taung Khin(VT) | C28: 4094 | D28: 1958 | E28: 2136
A29: 7 | B29: Kyaung Soe(VT) | C29: 4804 | D29: 2310 | E29: 2494
A30: 8 | B30: Kyein Khar Kone(VT) | C30: 4427 | D30: 2101 | E30: 2326
A31: 9 | B31: Baw Di Kwin(VT) | C31: 2680 | D31: 1194 | E31: 1486
A32: 10 | B32: Ah Nan Baw(VT) | C32: 4446 | D32: 2134 | E32: 2312
A33: 11 | B33: Ka Nyin Kyoe(VT) | C33: 3890 | D33: 1816 | E33: 2074
A34: 12 | B34: Sin Za Loke(VT) | C34: 4501 | D34: 2220 | E34: 2281
... A69: 47 | B69: Se Lay(VT) | C69: 2601 | D69: 1254 | E69: 1347

Sheet Daik U
A1: Bago Region ,Bago District,Daik U Township
E2: 29-3-2014
A4: Sr | B4: Ward/Village Tract | C4: Population
C5: Total | D5: Male | E5: Female
B6: Total | C6: 202530 | D6: 96362 | E6: 106168
B8: Ward | C8: =SUM(C9:C17) -> 38477 | D8: =SUM(D9:D17) -> 18054 | E8: =SUM(E9:E17) -> 20423
A9: 1 | B9: Zay Paing(W) | C9: 1153 | D9: 496 | E9: 657
A10: 2 | B10: Kon Thei(W) | C10: 1518 | D10: 668 | E10: 850
A11: 3 | B11: War So(W) | C11: 3959 | D11: 1864 | E11: 2095
A12: 4 | B12: Kyaung Su(W) | C12: 2513 | D12: 1128 | E12: 1385
A13: 5 | B13: Than Ta Dar(W) | C13: 3048 | D13: 1453 | E13: 1595
A14: 6 | B14: Min Te(W) | C14: 8033 | D14: 3780 | E14: 4253
A15: 7 | B15: Set Kwin(W) | C15: 1997 | D15: 923 | E15: 1074
A16: 8 | B16: Da Yei Mee(W) | C16: 4668 | D16: 2246 | E16: 2422
A17: 9 | B17: Hpa Aung Wea(W) | C17: 11588 | D17: 5496 | E17: 6092
B18: Village Tract | C18: =SUM(C19:C62) -> 164053 | D18: =SUM(D19:D62) -> 78308 | E18: =SUM(E19:E62) -> 85745
A19: 1 | B19: Kyun Kone(VT) | C19: 2144 | D19: 1039 | E19: 1105
A20: 2 | B20: Ein Chay Lay Se(VT) | C20: 5338 | D20: 2562 | E20: 2776
A21: 3 | B21: Thea Kaw(VT) | C21: 1375 | D21: 667 | E21: 708
A22: 4 | B22: Hpaung Taw Thi(VT) | C22: 8322 | D22: 3884 | E22: 4438
A23: 5 | B23: Shan Su(VT) | C23: 2784 | D23: 1329 | E23: 1455
A24: 6 | B24: Pu Kaing(VT) | C24: 4062 | D24: 1918 | E24: 2144
A25: 7 | B25: Pauk Ta Pin(VT) | C25: 2444 | D25: 1160 | E25: 1284
A26: 8 | B26: Kan Ka Lay(VT) | C26: 2933 | D26: 1400 | E26: 1533
A27: 9 | B27: Tha Yet Taw(VT) | C27: 1962 | D27: 922 | E27: 1040
A28: 10 | B28: Pa Thwei(VT) | C28: 964 | D28: 452 | E28: 512
A29: 11 | B29: Pyin Pon Lay(VT) | C29: 3377 | D29: 1622 | E29: 1755
A30: 12 | B30: Tha Pyay Tan(VT) | C30: 7973 | D30: 4001 | E30: 3972
... A62: 44 | B62: Kamar Phayone(VT) | C62: 2994 | D62: 1392 | E62: 1602

Sheet Shwegyin
A1: Bago Region ,Bago District,Shwegyin Township
E3: 29-3-2014
A5: Sr | B5: Ward/Village Tract | C5: Population
C6: Total | D6: Male | E6: Female
B7: Total | C7: 107462 | D7: 53092 | E7: 54370
B9: Ward | C9: =SUM(C10:C17) -> 24579 | D9: =SUM(D10:D17) -> 11994 | E9: =SUM(E10:E17) -> 12585
A10: 1 | B10: Ma Gyi Tan(W) | C10: 1610 | D10: 748 | E10: 862
A11: 2 | B11: Pwe Kone(W) | C11: 2569 | D11: 1217 | E11: 1352
A12: 3 | B12: Kyay Nan Tan + Shan Kone(W) | C12: 7294 | D12: 3574 | E12: 3720
A13: 4 | B13: Pyin Ma Pin(W) | C13: 2389 | D13: 1189 | E13: 1200
A14: 5 | B14: Gant Gaw Waing(W) | C14: 2407 | D14: 1159 | E14: 1248
A15: 6 | B15: Pan Be Dan(W) | C15: 1217 | D15: 545 | E15: 672
A16: 7 | B16: Ta Yoke Tan + Nyaung Waing(W) | C16: 2875 | D16: 1393 | E16: 1482
A17: 8 | B17: Kywe Te(W) | C17: 4218 | D17: 2169 | E17: 2049
B18: Village Tract | C18: =SUM(C19:C50) -> 82883 | D18: =SUM(D19:D50) -> 41098 | E18: =SUM(E19:E50) -> 41785
A19: 1 | B19: Za Loke Gyi(VT) | C19: 1953 | D19: 1024 | E19: 929
A20: 2 | B20: Nyaung Chay Htauk(VT) | C20: 967 | D20: 476 | E20: 491
A21: 3 | B21: Kun Seik(VT) | C21: 5035 | D21: 2498 | E21: 2537
A22: 4 | B22: Don Za Yit(VT) | C22: 5781 | D22: 2872 | E22: 2909
A23: 5 | B23: Sone Kone(VT) | C23: 2299 | D23: 1112 | E23: 1187
A24: 6 | B24: Ta Khun Taing(VT) | C24: 3990 | D24: 1965 | E24: 2025
A25: 7 | B25: Taung Bet(VT) | C25: 5698 | D25: 2682 | E25: 3016
A26: 8 | B26: Win Kha Nein(VT) | C26: 3351 | D26: 1676 | E26: 1675
A27: 9 | B27: Kan Bay Aing(VT) | C27: 2266 | D27: 1150 | E27: 1116
A28: 10 | B28: Ah Nauk Hpet(VT) | C28: 4132 | D28: 2042 | E28: 2090
A29: 11 | B29: Chay Taw Yar(VT) | C29: 2717 | D29: 1381 | E29: 1336
A30: 12 | B30: Tha Yet Chaung(VT) | C30: 2491 | D30: 1259 | E30: 1232
... A50: 32 | B50: Other(VT) | C50: 6738 | D50: 3492 | E50: 3246

Sheet Toungoo
A1: Bago Region ,Toungoo District, Toungoo Township
E2: 29-3-2014
A5: Sr | B5: Ward/Village Tract | C5: Population
C6: Total | D6: Male | E6: Female
B7: Total | C7: 262056 | D7: 125142 | E7: 136914
B9: Ward | C9: =SUM(C10:C36) -> 108589 | D9: =SUM(D10:D36) -> 50614 | E9: =SUM(E10:E36) -> 57975
A10: 1 | B10: Htee Hlaing(W) | C10: 3436 | D10: 1618 | E10: 1818
A11: 2 | B11: Rakhine Su /Nay Pu Kone(W) | C11: 11586 | D11: 5276 | E11: 6310
A12: 3 | B12: Yoe Da Yar Tan(W) | C12: 2549 | D12: 1115 | E12: 1434
A13: 4 | B13: Kyet Ti(W) | C13: 1277 | D13: 542 | E13: 735
A14: 5 | B14: Pan Be Dan (South)(W) | C14: 1025 | D14: 431 | E14: 594
A15: 6 | B15: Pan Be Dan (North)(W) | C15: 2939 | D15: 1648 | E15: 1291
A16: 7 | B16: Shan Tan Kway Zay(W) | C16: 1354 | D16: 510 | E16: 844
A17: 8 | B17: Oke Kyut Tan (South)(W) | C17: 1695 | D17: 769 | E17: 926
A18: 9 | B18: Oke Kyut Tan (West)(W) | C18: 3874 | D18: 1828 | E18: 2046
A19: 10 | B19: Oke Kyut Tan (East)(W) | C19: 2326 | D19: 1087 | E19: 1239
A20: 11 | B20: Kan Taw(W) | C20: 6500 | D20: 3078 | E20: 3422
A21: 12 | B21: Zaung Chan (South)(W) | C21: 2503 | D21: 1137 | E21: 1366
... A36: 27 | B36: Tha Wun Nge(W) | C36: 2234 | D36: 1169 | E36: 1065
B37: Village Tract | C37: =SUM(C38:C74) -> 153467 | D37: =SUM(D38:D74) -> 74528 | E37: =SUM(E38:E74) -> 78939
A38: 1 | B38: Nga Hpei Inn(VT) | C38: 3923 | D38: 1795 | E38: 2128
A39: 2 | B39: Doe Inn(VT) | C39: 3991 | D39: 1905 | E39: 2086
A40: 3 | B40: Pa De(VT) | C40: 2696 | D40: 1288 | E40: 1408
A41: 4 | B41: Kayin Chaung(VT) | C41: 3772 | D41: 1850 | E41: 1922
A42: 5 | B42: Ah Shey Sin(VT) | C42: 3395 | D42: 1584 | E42: 1811
A43: 6 | B43: Ah Nauk Sin(VT) | C43: 2545 | D43: 1199 | E43: 1346
A44: 7 | B44: Tha Hpan Pin(VT) | C44: 3911 | D44: 1859 | E44: 2052
A45: 8 | B45: Moe Kaung(VT) | C45: 6647 | D45: 3153 | E45: 3494
A46: 9 | B46: Zee Daing(VT) | C46: 4991 | D46: 2309 | E46: 2682
A47: 10 | B47: Kan Ni(VT) | C47: 3988 | D47: 1927 | E47: 2061
A48: 11 | B48: Kun Pin(VT) | C48: 3871 | D48: 1922 | E48: 1949
A49: 12 | B49: Kyauk Taing(VT) | C49: 4333 | D49: 2147 | E49: 2186
... A74: 37 | B74: Seik Hpu (South)(VT) | C74: 10046 | D74: 5123 | E74: 4923

Sheet Yaedashe
A1: Bago Region ,Toungoo District,Yaedashe Township
E2: 29-3-2014
A4: Sr | B4: Ward/Village Tract | C4: Population
C5: Total | D5: Male | E5: Female
B6: Total | C6: 213593 | D6: 103298 | E6: 110295
B8: Ward | C8: =SUM(C9:C16) -> 24420 | D8: =SUM(D9:D16) -> 11364 | E8: =SUM(E9:E16) -> 13056
A9: 1 | B9: Ywar Ma(W) | C9: 2492 | D9: 1143 | E9: 1349
A10: 2 | B10: Zay(W) | C10: 1189 | D10: 550 | E10: 639
A11: 3 | B11: Bo Te(W) | C11: 1941 | D11: 900 | E11: 1041
A12: 4 | B12: Pay Kone(W) | C12: 2750 | D12: 1239 | E12: 1511
A13: 5 | B13: Shwe Kyet Yet (South)(W) | C13: 2371 | D13: 1119 | E13: 1252
A14: 6 | B14: Shwe Kyet Yet (North)(W) | C14: 1914 | D14: 863 | E14: 1051
A15: 7 | B15: North Paing ward(W) | C15: 7286 | D15: 3483 | E15: 3803
A16: 8 | B16: South Paing ward(W) | C16: 4477 | D16: 2067 | E16: 2410
B17: Village Tract | C17: =SUM(C18:C68) -> 189173 | D17: =SUM(D18:D68) -> 91934 | E17: =SUM(E18:E68) -> 97239
A18: 1 | B18: Khin Tan Gyi(VT) | C18: 2428 | D18: 1156 | E18: 1272
A19: 2 | B19: Boe Taw Kone(VT) | C19: 3742 | D19: 1778 | E19: 1964
A20: 3 | B20: Kyan Tha Nwe(VT) | C20: 5945 | D20: 2978 | E20: 2967
A21: 4 | B21: Pauk Chaung(VT) | C21: 2160 | D21: 1035 | E21: 1125
A22: 5 | B22: Pi Tauk Khin(VT) | C22: 2456 | D22: 1174 | E22: 1282
A23: 6 | B23: Pi Tu(VT) | C23: 1698 | D23: 812 | E23: 886
A24: 7 | B24: War Yon Taw(VT) | C24: 2043 | D24: 995 | E24: 1048
A25: 8 | B25: Tha Pyay Tan(VT) | C25: 1780 | D25: 840 | E25: 940
A26: 9 | B26: Ke Lin Seik(VT) | C26: 2047 | D26: 999 | E26: 1048
A27: 10 | B27: Kywe Yaing Pyin(VT) | C27: 3578 | D27: 1771 | E27: 1807
A28: 11 | B28: Sin Gway(VT) | C28: 2767 | D28: 1327 | E28: 1440
A29: 12 | B29: Za Loke Gyi(VT) | C29: 1574 | D29: 723 | E29: 851
... A68: 51 | B68: Hpa Yar Kone (Myo Hla)(VT) | C68: 4698 | D68: 2230 | E68: 2468

Sheet  Kyaukkyi
A1: Bago Region ,Toungoo District,Kyaukkyi Township
E2: 29-3-2014
A4: Sr | B4: Ward/Village Tract | C4: Population
C5: Total | D5: Male | E5: Female
B6: Total | C6: 113329 | D6: 54287 | E6: 59042
B8: Ward | C8: =SUM(C9:C15) -> 10815 | D8: =SUM(D9:D15) -> 5051 | E8: =SUM(E9:E15) -> 5764
A9: 1 | B9: Bago(W) | C9: 2208 | D9: 1029 | E9: 1179
A10: 2 | B10: Sar Tan(W) | C10: 434 | D10: 209 | E10: 225
A11: 3 | B11: Kat Kywe(W) | C11: 708 | D11: 299 | E11: 409
A12: 4 | B12: Thein Tan(W) | C12: 3436 | D12: 1641 | E12: 1795
A13: 5 | B13: Taungoo Tan(W) | C13: 1329 | D13: 628 | E13: 701
A14: 6 | B14: Myit Tar(W) | C14: 1891 | D14: 884 | E14: 1007
A15: 7 | B15: Laung Poke/Aung Thu Ka(W) | C15: 809 | D15: 361 | E15: 448
B16: Village Tract | C16: =SUM(C17:C51) -> 102514 | D16: =SUM(D17:D51) -> 49236 | E16: =SUM(E17:E51) -> 53278
A17: 1 | B17: Ma Au Pin Seik(VT) | C17: 5034 | D17: 2417 | E17: 2617
A18: 2 | B18: Mi Chaung Gaung(VT) | C18: 372 | D18: 185 | E18: 187
A19: 3 | B19: Kyauk Pon (Middle)(VT) | C19: 286 | D19: 146 | E19: 140
A20: 4 | B20: Tone Gyi(VT) | C20: 3987 | D20: 2052 | E20: 1935
A21: 5 | B21: Kyauk Pon (South)(VT) | C21: 474 | D21: 221 | E21: 253
A22: 6 | B22: Inn Net(VT) | C22: 3529 | D22: 1678 | E22: 1851
A23: 7 | B23: Ga Mone Aing(VT) | C23: 170 | D23: 87 | E23: 83
A24: 8 | B24: Pat Ta Lar(VT) | C24: 2013 | D24: 1012 | E24: 1001
A25: 9 | B25: Wet Lar Taw(VT) | C25: 1591 | D25: 779 | E25: 812
A26: 10 | B26: Ma Ma Yan(VT) | C26: 1117 | D26: 534 | E26: 583
A27: 11 | B27: Kywe Ta Lin(VT) | C27: 645 | D27: 318 | E27: 327
A28: 12 | B28: Lel Waing Gyi(VT) | C28: 216 | D28: 94 | E28: 122
... A51: 35 | B51: Other(VT) | C51: 5922 | D51: 2966 | E51: 2956

Sheet  Pyu
A1: Bago Region ,Toungoo District,Pyu Township
E2: 29-3-2014
A4: Sr | B4: Ward/Village Tract | C4: Population
C5: Total | D5: Male | E5: Female
B6: Total | C6: 257273 | D6: 121123 | E6: 136150
B8: Ward | C8: =SUM(C9:C26) -> 63880 | D8: =SUM(D9:D26) -> 29680 | E8: =SUM(E9:E26) -> 34200
A9: 1 | B9: Thein Kone(W) | C9: 3297 | D9: 1502 | E9: 1795
A10: 2 | B10: Oke Hpyat(W) | C10: 1886 | D10: 876 | E10: 1010
A11: 3 | B11: Htan Kone(W) | C11: 2230 | D11: 1019 | E11: 1211
A12: 4 | B12: Bu Tar (North)(W) | C12: 2010 | D12: 880 | E12: 1130
A13: 5 | B13: Bu Tar (South)(W) | C13: 5095 | D13: 2486 | E13: 2609
A14: 6 | B14: Zay(W) | C14: 1656 | D14: 804 | E14: 852
A15: 7 | B15: Myo Ma (East)(W) | C15: 1546 | D15: 732 | E15: 814
A16: 8 | B16: Myo Ma (West)(W) | C16: 4033 | D16: 1818 | E16: 2215
A17: 9 | B17: Yone(W) | C17: 864 | D17: 371 | E17: 493
A18: 10 | B18: Say Yon(W) | C18: 3348 | D18: 1546 | E18: 1802
A19: 11 | B19: Ka Nyut Kwin (East 1)(W) | C19: 4594 | D19: 2122 | E19: 2472
A20: 12 | B20: Ka Nyut Kwin (East 2)(W) | C20: 4526 | D20: 2121 | E20: 2405
... A26: 18 | B26: No (4)(W) | C26: 4011 | D26: 1830 | E26: 2181
B27: Village Tract | C27: =SUM(C28:C85) -> 193393 | D27: =SUM(D28:D85) -> 91443 | E27: =SUM(E28:E85) -> 101950
A28: 1 | B28: Gyay Pu(VT) | C28: 4104 | D28: 1856 | E28: 2248
A29: 2 | B29: Thar Du Kan(VT) | C29: 5443 | D29: 2559 | E29: 2884
A30: 3 | B30: Lel Pyin Gyi(VT) | C30: 6253 | D30: 2914 | E30: 3339
A31: 4 | B31: Pyaung Thay(VT) | C31: 3191 | D31: 1533 | E31: 1658
A32: 5 | B32: Pat Htar(VT) | C32: 1568 | D32: 726 | E32: 842
A33: 6 | B33: Kyet Paung Chaung(VT) | C33: 2781 | D33: 1345 | E33: 1436
A34: 7 | B34: Yae Shan Gyi(VT) | C34: 2571 | D34: 1216 | E34: 1355
A35: 8 | B35: Min Gan Yoe(VT) | C35: 8824 | D35: 4401 | E35: 4423
A36: 9 | B36: Leik Thay(VT) | C36: 3825 | D36: 1871 | E36: 1954
A37: 10 | B37: Oke Hpyat(VT) | C37: 4209 | D37: 2015 | E37: 2194
A38: 11 | B38: Ngar Gaung Inn(VT) | C38: 1960 | D38: 927 | E38: 1033
A39: 12 | B39: Zee Khon(VT) | C39: 1997 | D39: 924 | E39: 1073
... A85: 58 | B85: Kyee Ma Noe(VT) | C85: 4532 | D85: 2268 | E85: 2264

Sheet Oatwin
A1: Bago Region ,Toungoo District,Oatwin Township
E2: 29-3-2014
A4: Sr | B4: Ward/Village Tract | C4: Population
C5: Total | D5: Male | E5: Female
B6: Total | C6: 159828 | D6: 75381 | E6: 84447
B8: Ward | C8: =SUM(C9:C14) -> 14143 | D8: =SUM(D9:D14) -> 6481 | E8: =SUM(E9:E14) -> 7662
A9: 1 | B9: Me Kone(W) | C9: 1833 | D9: 902 | E9: 931
A10: 2 | B10: Ka Thit Tan(W) | C10: 1570 | D10: 693 | E10: 877
A11: 3 | B11: Zay(W) | C11: 1709 | D11: 797 | E11: 912
A12: 4 | B12: Bago Lan(W) | C12: 3000 | D12: 1401 | E12: 1599
A13: 5 | B13: Kyet Thun Khin (1)(W) | C13: 2337 | D13: 1053 | E13: 1284
A14: 6 | B14: Kyet Thun Khin (2)(W) | C14: 3694 | D14: 1635 | E14: 2059
B15: Village Tract | C15: =SUM(C16:C56) -> 145685 | D15: =SUM(D16:D56) -> 68900 | E15: =SUM(E16:E56) -> 76785
A16: 1 | B16: Te Gyi Kone(VT) | C16: 2010 | D16: 955 | E16: 1055
A17: 2 | B17: Hpa Yar Hnit Su(VT) | C17: 2777 | D17: 1325 | E17: 1452
A18: 3 | B18: Taung Nyo(VT) | C18: 2000 | D18: 980 | E18: 1020
A19: 4 | B19: Khaung Yan(VT) | C19: 4224 | D19: 2036 | E19: 2188
A20: 5 | B20: Nyaung Chay Htauk(VT) | C20: 6266 | D20: 2934 | E20: 3332
A21: 6 | B21: Myay See(VT) | C21: 3157 | D21: 1550 | E21: 1607
A22: 7 | B22: Wea Daunt(VT) | C22: 4836 | D22: 2238 | E22: 2598
A23: 8 | B23: Tha Yet Pin Maung Hnit Ma(VT) | C23: 2997 | D23: 1454 | E23: 1543
A24: 9 | B24: Hnget Pyaw Taw(VT) | C24: 2397 | D24: 1164 | E24: 1233
A25: 10 | B25: Tin Koke Tan(VT) | C25: 3327 | D25: 1562 | E25: 1765
A26: 11 | B26: Zee Hpyu Thaung(VT) | C26: 2701 | D26: 1279 | E26: 1422
A27: 12 | B27: Kyaung Shit Se(VT) | C27: 5958 | D27: 2819 | E27: 3139
... A56: 41 | B56: Yae Oe Sin(VT) | C56: 2290 | D56: 1069 | E56: 1221

Sheet Htantapin
A1: Bago Region ,Toungoo District, Htantapin Township
E2: 29-3-2014
A4: Sr | B4: Ward/Village Tract | C4: Population
C5: Total | D5: Male | E5: Female
B6: Total | C6: 117276 | D6: 55333 | E6: 61943
B8: Ward | C8: =SUM(C9:C14) -> 9889 | D8: =SUM(D9:D14) -> 4646 | E8: =SUM(E9:E14) -> 5243
A9: 1 | B9: Aung Min Ga Lar(W) | C9: 1429 | D9: 697 | E9: 732
A10: 2 | B10: Thi Ri Hay Mar(W) | C10: 2022 | D10: 939 | E10: 1083
A11: 3 | B11: Thi Ri Ya Da Nar(W) | C11: 754 | D11: 345 | E11: 409
A12: 4 | B12: Aung Thu Kha(W) | C12: 2397 | D12: 1112 | E12: 1285
A13: 5 | B13: Aung Chan Thar(W) | C13: 778 | D13: 358 | E13: 420
A14: 6 | B14: Seik Gyi(W) | C14: 2509 | D14: 1195 | E14: 1314
B15: Village Tract | C15: =SUM(C16:C44) -> 107387 | D15: =SUM(D16:D44) -> 50687 | E15: =SUM(E16:E44) -> 56700
A16: 1 | B16: Yae Kyaw(VT) | C16: 1230 | D16: 581 | E16: 649
A17: 2 | B17: Chaung Wa(VT) | C17: 9003 | D17: 4295 | E17: 4708
A18: 3 | B18: Chan Gyi(VT) | C18: 1734 | D18: 865 | E18: 869
A19: 4 | B19: Ta Pyay(VT) | C19: 2165 | D19: 1032 | E19: 1133
A20: 5 | B20: Shar Say Bo(VT) | C20: 4650 | D20: 2164 | E20: 2486
A21: 6 | B21: Pyin Gan(VT) | C21: 2154 | D21: 1021 | E21: 1133
A22: 7 | B22: Nat Ywar(VT) | C22: 4179 | D22: 2059 | E22: 2120
A23: 8 | B23: Kyi Taw(VT) | C23: 2238 | D23: 1076 | E23: 1162
A24: 9 | B24: Inn Yar Gyi(VT) | C24: 2442 | D24: 1130 | E24: 1312
A25: 10 | B25: Ohn Pin(VT) | C25: 2804 | D25: 1294 | E25: 1510
A26: 11 | B26: Pwe Thar(VT) | C26: 2289 | D26: 1042 | E26: 1247
A27: 12 | B27: Zee Hpyu Thaung(VT) | C27: 3389 | D27: 1568 | E27: 1821
... A44: 29 | B44: Za Loke Gyi(VT) | C44: 2384 | D44: 1134 | E44: 1250

Sheet Pyay
A1: Bago Region , Pyay District, Pyay Township
E2: 29-3-2014
A4: Sr | B4: Ward/Village Tract | C4: Population
C5: Total | D5: Male | E5: Female
B6: Total | C6: 251643 | D6: 119670 | E6: 131973
B8: Ward | C8: =SUM(C9:C18) -> 134861 | D8: =SUM(D9:D18) -> 62903 | E8: =SUM(E9:E18) -> 71958
A9: 1 | B9: Na Win(W) | C9: 19347 | D9: 8845 | E9: 10502
A10: 2 | B10: Shwe Ku(W) | C10: 3178 | D10: 1554 | E10: 1624
A11: 3 | B11: Kyaung Gyi Oe Tan(W) | C11: 4204 | D11: 1824 | E11: 2380
A12: 4 | B12: San Taw(W) | C12: 12173 | D12: 5788 | E12: 6385
A13: 5 | B13: Sin Su(W) | C13: 9514 | D13: 4413 | E13: 5101
A14: 6 | B14: Ywar Be(W) | C14: 39564 | D14: 18642 | E14: 20922
A15: 7 | B15: Khit Ta Yar Myo Thit(W) | C15: 15978 | D15: 7234 | E15: 8744
A16: 8 | B16: Pyi Thar Yar(W) | C16: 13474 | D16: 6188 | E16: 7286
A17: 9 | B17: Na Wa Day(W) | C17: 5414 | D17: 2683 | E17: 2731
A18: 10 | B18: Shwe Ta Gar(W) | C18: 12015 | D18: 5732 | E18: 6283
B19: Village Tract | C19: =SUM(C20:C74) -> 116782 | D19: =SUM(D20:D74) -> 56767 | E19: =SUM(E20:E74) -> 60015
A20: 1 | B20: Wet Htee Kan(VT) | C20: 7369 | D20: 4164 | E20: 3205
A21: 2 | B21: Hnaw Kan(VT) | C21: 1758 | D21: 839 | E21: 919
A22: 3 | B22: Wet Myay Taw(VT) | C22: 1797 | D22: 815 | E22: 982
A23: 4 | B23: War Yon Seik(VT) | C23: 2974 | D23: 1420 | E23: 1554
A24: 5 | B24: Hlwa Zin(VT) | C24: 5683 | D24: 2713 | E24: 2970
A25: 6 | B25: La Ba(VT) | C25: 649 | D25: 296 | E25: 353
A26: 7 | B26: Myo Ma(VT) | C26: 1058 | D26: 518 | E26: 540
A27: 8 | B27: Tha Khwet Sauk(VT) | C27: 785 | D27: 383 | E27: 402
A28: 9 | B28: Kone Zin(VT) | C28: 849 | D28: 419 | E28: 430
A29: 10 | B29: Inn Win(VT) | C29: 2001 | D29: 939 | E29: 1062
A30: 11 | B30: Te Gyi Kone(VT) | C30: 1743 | D30: 840 | E30: 903
A31: 12 | B31: Pa Ni Pin(VT) | C31: 1284 | D31: 614 | E31: 670
... A74: 55 | B74: Myauk Na Win Ywar Thit Gyi(VT) | C74: 2846 | D74: 1369 | E74: 1477

Sheet Paukkhaung
A1: Bago Region , Pyay District, Paukkhaung Township
E2: 29-3-2014
A4: Sr | B4: Ward/Village Tract | C4: Population
C5: Total | D5: Male | E5: Female
B6: Total | C6: 124856 | D6: 60941 | E6: 63915
B8: Ward | C8: =SUM(C9:C13) -> 14037 | D8: =SUM(D9:D13) -> 6477 | E8: =SUM(E9:E13) -> 7560
A9: 1 | B9: No (1)(W) | C9: 3859 | D9: 1788 | E9: 2071
A10: 2 | B10: No (2)(W) | C10: 1772 | D10: 849 | E10: 923
A11: 3 | B11: No (3)(W) | C11: 3085 | D11: 1428 | E11: 1657
A12: 4 | B12: No (4)(W) | C12: 2646 | D12: 1188 | E12: 1458
A13: 5 | B13: No (5)(W) | C13: 2675 | D13: 1224 | E13: 1451
B14: Village Tract | C14: =SUM(C15:C67) -> 110819 | D14: =SUM(D15:D67) -> 54464 | E14: =SUM(E15:E67) -> 56355
A15: 1 | B15: Yat Thit(VT) | C15: 3216 | D15: 1558 | E15: 1658
A16: 2 | B16: Wet Toe(VT) | C16: 1363 | D16: 673 | E16: 690
A17: 3 | B17: Tha Phan Cho(VT) | C17: 2601 | D17: 1223 | E17: 1378
A18: 4 | B18: Bant Pyin(VT) | C18: 2916 | D18: 1384 | E18: 1532
A19: 5 | B19: Paung Sa Par(VT) | C19: 2189 | D19: 1041 | E19: 1148
A20: 6 | B20: Ywar Htaung(VT) | C20: 1254 | D20: 595 | E20: 659
A21: 7 | B21: Kywe Paung Pin(VT) | C21: 550 | D21: 243 | E21: 307
A22: 8 | B22: Nyaung Pin Thar(VT) | C22: 1361 | D22: 671 | E22: 690
A23: 9 | B23: Chaung Zauk(VT) | C23: 390 | D23: 183 | E23: 207
A24: 10 | B24: Myauk Let Gyi(VT) | C24: 1714 | D24: 808 | E24: 906
A25: 11 | B25: Dhamma Thaw(VT) | C25: 4140 | D25: 2031 | E25: 2109
A26: 12 | B26: Htone Taung(VT) | C26: 1592 | D26: 792 | E26: 800
... A67: 53 | B67: Shwe Taung Ngwe taung(VT) | C67: 1213 | D67: 633 | E67: 580

Sheet  Padaung
A1: Bago Region , Pyay District, Padaung Township
E2: 29-3-2014
A4: Sr | B4: Ward/Village Tract | C4: Population
C5: Total | D5: Male | E5: Female
B6: Total | C6: 144214 | D6: 69284 | E6: 74930
B8: Ward | C8: =SUM(C9:C16) -> 17678 | D8: =SUM(D9:D16) -> 8187 | E8: =SUM(E9:E16) -> 9491
A9: 1 | B9: Kya Khat(W) | C9: 1462 | D9: 671 | E9: 791
A10: 2 | B10: Min Yat(W) | C10: 1024 | D10: 450 | E10: 574
A11: 3 | B11: Wun Lo(W) | C11: 1700 | D11: 774 | E11: 926
A12: 4 | B12: Si Thar(W) | C12: 1590 | D12: 734 | E12: 856
A13: 5 | B13: Hpaung Kan(W) | C13: 1167 | D13: 527 | E13: 640
A14: 6 | B14: Yatarnar Pon(W) | C14: 4726 | D14: 2239 | E14: 2487
A15: 7 | B15: Shwe pin(W) | C15: 3331 | D15: 1525 | E15: 1806
A16: 8 | B16: Pyay tawtar(W) | C16: 2678 | D16: 1267 | E16: 1411
B17: Village Tract | C17: =SUM(C18:C57) -> 126536 | D17: =SUM(D18:D57) -> 61097 | E17: =SUM(E18:E57) -> 65439
A18: 1 | B18: Ywar Thar Yar(VT) | C18: 2340 | D18: 1154 | E18: 1186
A19: 2 | B19: Shwe Bon Thar(VT) | C19: 2552 | D19: 1249 | E19: 1303
A20: 3 | B20: Sin Te(VT) | C20: 10358 | D20: 4924 | E20: 5434
A21: 4 | B21: Tha Yet Lein(VT) | C21: 3886 | D21: 1779 | E21: 2107
A22: 5 | B22: Taung Bway(VT) | C22: 3569 | D22: 1790 | E22: 1779
A23: 6 | B23: Yae Lel Kyun(VT) | C23: 1625 | D23: 746 | E23: 879
A24: 7 | B24: Ma Gyi Htone(VT) | C24: 3640 | D24: 1729 | E24: 1911
A25: 8 | B25: Lae(VT) | C25: 3517 | D25: 1647 | E25: 1870
A26: 9 | B26: Nyaunt Chay Htauk(VT) | C26: 6982 | D26: 3579 | E26: 3403
A27: 10 | B27: Swei Taw(VT) | C27: 2033 | D27: 978 | E27: 1055
A28: 11 | B28: Dant Da Lun(VT) | C28: 2874 | D28: 1411 | E28: 1463
A29: 12 | B29: Ngar Se Pay(VT) | C29: 1689 | D29: 818 | E29: 871
... A57: 40 | B57: Hpa Yon Kar(VT) | C57: 5136 | D57: 2654 | E57: 2482

Sheet Paunde
A1: Bago Region , Pyay District, Paunde Township
E2: 29-3-2014
A4: Sr | B4: Ward/Village Tract | C4: Population
C5: Total | D5: Male | E5: Female
B6: Total | C6: 137561 | D6: 66212 | E6: 71349
B8: Ward | C8: =SUM(C9:C20) -> 25455 | D8: =SUM(D9:D20) -> 11974 | E8: =SUM(E9:E20) -> 13481
A9: 1 | B9: Bweit Pin Kan(W) | C9: 1762 | D9: 837 | E9: 925
A10: 2 | B10: Pyin Pin Kan(W) | C10: 2230 | D10: 1066 | E10: 1164
A11: 3 | B11: Oke Hpo (1) east(W) | C11: 2362 | D11: 1055 | E11: 1307
A12: 4 | B12: Oke Hpo (2) west(W) | C12: 1868 | D12: 858 | E12: 1010
A13: 5 | B13: Zay/No (1)(W) | C13: 1726 | D13: 846 | E13: 880
A14: 6 | B14: Zay/No (2)(W) | C14: 1931 | D14: 961 | E14: 970
A15: 7 | B15: Min Kwet No (1)(W) | C15: 1990 | D15: 915 | E15: 1075
A16: 8 | B16: Min Kwet No (2)(W) | C16: 1815 | D16: 861 | E16: 954
A17: 9 | B17: Min Kwet No (3)(W) | C17: 4092 | D17: 1908 | E17: 2184
A18: 10 | B18: Nwe Cho (1)(W) | C18: 2629 | D18: 1227 | E18: 1402
A19: 11 | B19: Nwe Cho (2)(W) | C19: 1734 | D19: 816 | E19: 918
A20: 12 | B20: Hin Thar Kan(W) | C20: 1316 | D20: 624 | E20: 692
B21: Village Tract | C21: =SUM(C22:C64) -> 112106 | D21: =SUM(D22:D64) -> 54238 | E21: =SUM(E22:E64) -> 57868
A22: 1 | B22: Thit Poke(VT) | C22: 6132 | D22: 3097 | E22: 3035
A23: 2 | B23: Pyan Chi Tet(VT) | C23: 4123 | D23: 2054 | E23: 2069
A24: 3 | B24: Kaing Kwin(VT) | C24: 882 | D24: 448 | E24: 434
A25: 4 | B25: Kyauk Ta Gar(VT) | C25: 4627 | D25: 2396 | E25: 2231
A26: 5 | B26: Thein Kone(VT) | C26: 2513 | D26: 1289 | E26: 1224
A27: 6 | B27: Kyar Ni Kan(VT) | C27: 3929 | D27: 1898 | E27: 2031
A28: 7 | B28: Ma Gyi San(VT) | C28: 2513 | D28: 1274 | E28: 1239
A29: 8 | B29: Zee Pin Hla(VT) | C29: 1593 | D29: 751 | E29: 842
A30: 9 | B30: Agga Yar Pyayt(VT) | C30: 3446 | D30: 1716 | E30: 1730
A31: 10 | B31: Pauk Taw(VT) | C31: 2825 | D31: 1421 | E31: 1404
A32: 11 | B32: Thea Me(VT) | C32: 2450 | D32: 1195 | E32: 1255
A33: 12 | B33: Nwar Chan Kone(VT) | C33: 3144 | D33: 1484 | E33: 1660
... A64: 43 | B64: Kyoet Kone(VT) | C64: 1514 | D64: 765 | E64: 749

Sheet Thegon
A1: Bago Region , Pyay District, Thegon Township
E2: 29-3-2014
A4: Sr | B4: Ward/Village Tract | C4: Population
C5: Total | D5: Male | E5: Female
B6: Total | C6: 130957 | D6: 61807 | E6: 69150
B8: Ward | C8: =SUM(C9:C14) -> 15752 | D8: =SUM(D9:D14) -> 7280 | E8: =SUM(E9:E14) -> 8472
A9: 1 | B9: Myo Ma(W) | C9: 2282 | D9: 1061 | E9: 1221
A10: 2 | B10: Kan Taw Min Ga Lar(W) | C10: 2331 | D10: 1051 | E10: 1280
A11: 3 | B11: Htan Yin(W) | C11: 964 | D11: 437 | E11: 527
A12: 4 | B12: Pauk Taw(W) | C12: 2159 | D12: 1073 | E12: 1086
A13: 5 | B13: Chan Myae Tharyar(W) | C13: 4739 | D13: 2151 | E13: 2588
A14: 6 | B14: ThuKha Wai Phyar(W) | C14: 3277 | D14: 1507 | E14: 1770
B15: Village Tract | C15: =SUM(C16:C65) -> 115205 | D15: =SUM(D16:D65) -> 54527 | E15: =SUM(E16:E65) -> 60678
A16: 1 | B16: Paik Chin Kone(VT) | C16: 857 | D16: 408 | E16: 449
A17: 2 | B17: Ye Ye Kan(VT) | C17: 577 | D17: 277 | E17: 300
A18: 3 | B18: Oke Swea(VT) | C18: 497 | D18: 234 | E18: 263
A19: 4 | B19: Oke Hpo(VT) | C19: 2843 | D19: 1342 | E19: 1501
A20: 5 | B20: Ywar Ma(VT) | C20: 1036 | D20: 472 | E20: 564
A21: 6 | B21: Lein Tan(VT) | C21: 780 | D21: 362 | E21: 418
A22: 7 | B22: Za Leit(VT) | C22: 1596 | D22: 734 | E22: 862
A23: 8 | B23: Tha Hpan Cho(VT) | C23: 2141 | D23: 1031 | E23: 1110
A24: 9 | B24: Byanma Inn(VT) | C24: 3349 | D24: 1622 | E24: 1727
A25: 10 | B25: Dar Thway Kyauk(VT) | C25: 1649 | D25: 841 | E25: 808
A26: 11 | B26: Yone Pin Tet(VT) | C26: 2809 | D26: 1387 | E26: 1422
A27: 12 | B27: Zee Kone(VT) | C27: 1204 | D27: 566 | E27: 638
... A65: 50 | B65: Kyoet Yat Thar(VT) | C65: 1660 | D65: 789 | E65: 871

Sheet Shwedaung
A1: Bago Region , Pyay District, Shwedaung Township
E2: 29-3-2014
A4: Sr | B4: Ward/Village Tract | C4: Population
C5: Total | D5: Male | E5: Female
B6: Total | C6: 121671 | D6: 56637 | E6: 65034
B8: Ward | C8: =SUM(C9:C11) -> 17681 | D8: =SUM(D9:D11) -> 7956 | E8: =SUM(E9:E11) -> 9725
A9: 1 | B9: Thar Yat Taw(W) | C9: 7322 | D9: 3310 | E9: 4012
A10: 2 | B10: Kyar Ni Kan(W) | C10: 6075 | D10: 2742 | E10: 3333
A11: 3 | B11: Yun Tan(W) | C11: 4284 | D11: 1904 | E11: 2380
B12: Village Tract | C12: =SUM(C13:C60) -> 103990 | D12: =SUM(D13:D60) -> 48681 | E12: =SUM(E13:E60) -> 55309
A13: 1 | B13: Htan Kone(VT) | C13: 4904 | D13: 2258 | E13: 2646
A14: 2 | B14: Me Taw(VT) | C14: 2459 | D14: 1180 | E14: 1279
A15: 3 | B15: War Taw(VT) | C15: 2743 | D15: 1349 | E15: 1394
A16: 4 | B16: Paung Choke(VT) | C16: 1982 | D16: 945 | E16: 1037
A17: 5 | B17: Gway Tauk Hmyaung(VT) | C17: 804 | D17: 384 | E17: 420
A18: 6 | B18: Kwin Yar Gyi(VT) | C18: 2299 | D18: 1079 | E18: 1220
A19: 7 | B19: Ka Thit Taing(VT) | C19: 3327 | D19: 1566 | E19: 1761
A20: 8 | B20: Mee Laung(VT) | C20: 1677 | D20: 781 | E20: 896
A21: 9 | B21: Kyoet Kone(VT) | C21: 1153 | D21: 551 | E21: 602
A22: 10 | B22: Nwar Ma Yan(VT) | C22: 6850 | D22: 3208 | E22: 3642
A23: 11 | B23: Min Kun(VT) | C23: 825 | D23: 397 | E23: 428
A24: 12 | B24: Ma Yar Man(VT) | C24: 1408 | D24: 672 | E24: 736
... A60: 48 | B60: Se Gyi Kone(VT) | C60: 4232 | D60: 1956 | E60: 2276

Sheet Thayawady
A1: Bago Region , Thayawady District, Thayawady Township
E2: 29-3-2014
A4: Sr | B4: Ward/Village Tract | C4: Population
C5: Total | D5: Male | E5: Female
B6: Total | C6: 151104 | D6: 72772 | E6: 78332
B8: Ward | C8: =SUM(C9:C30) -> 35815 | D8: =SUM(D9:D30) -> 17282 | E8: =SUM(E9:E30) -> 18533
A9: 1 | B9: Zay Paing(W) | C9: 1170 | D9: 566 | E9: 604
A10: 2 | B10: Kwet Thit(W) | C10: 2324 | D10: 1013 | E10: 1311
A11: 3 | B11: Ah Lel Paing(W) | C11: 1045 | D11: 473 | E11: 572
A12: 4 | B12: Kyaung Su(W) | C12: 2365 | D12: 1098 | E12: 1267
A13: 5 | B13: Kayin Su(W) | C13: 2454 | D13: 1791 | E13: 663
A14: 6 | B14: Yae Wai(W) | C14: 2617 | D14: 1196 | E14: 1421
A15: 7 | B15: Ywar Gyi Kone(W) | C15: 1659 | D15: 728 | E15: 931
A16: 8 | B16: Pyi Taw Thar(W) | C16: 1273 | D16: 618 | E16: 655
A17: 9 | B17: Ah Lel Kone(W) | C17: 2316 | D17: 1088 | E17: 1228
A18: 10 | B18: Ah Nauk Let PanKhon(W) | C18: 1515 | D18: 745 | E18: 770
A19: 11 | B19: Ah Shey Let Pan Khon(W) | C19: 1299 | D19: 623 | E19: 676
A20: 12 | B20: Tha Khut Kone(W) | C20: 1472 | D20: 683 | E20: 789
... A30: 22 | B30: Sayar San(W) | C30: 2732 | D30: 1279 | E30: 1453
B31: Village Tract | C31: =SUM(C32:C79) -> 115289 | D31: =SUM(D32:D79) -> 55490 | E31: =SUM(E32:E79) -> 59799
A32: 1 | B32: Ah Tha Yaw(VT) | C32: 6243 | D32: 3046 | E32: 3197
A33: 2 | B33: Bee Lin(VT) | C33: 6334 | D33: 3033 | E33: 3301
A34: 3 | B34: Eik La Har(VT) | C34: 5882 | D34: 2819 | E34: 3063
A35: 4 | B35: Zee Pwe(VT) | C35: 2342 | D35: 1125 | E35: 1217
A36: 5 | B36: Hpoe Khaung(VT) | C36: 2048 | D36: 963 | E36: 1085
A37: 6 | B37: Daw Wi(VT) | C37: 3140 | D37: 1525 | E37: 1615
A38: 7 | B38: Kyun Ka Lay(VT) | C38: 994 | D38: 488 | E38: 506
A39: 8 | B39: Tha Zin Aing(VT) | C39: 2570 | D39: 1226 | E39: 1344
A40: 9 | B40: Aing Ka Don(VT) | C40: 3295 | D40: 1636 | E40: 1659
A41: 10 | B41: Myit Kyoe(VT) | C41: 2402 | D41: 1157 | E41: 1245
A42: 11 | B42: Let Pan Khon(VT) | C42: 1327 | D42: 660 | E42: 667
A43: 12 | B43: Kone Mee Nin(VT) | C43: 1872 | D43: 883 | E43: 989
... A79: 48 | B79: Thar Yar Aye(VT) | C79: 4087 | D79: 2019 | E79: 2068

Sheet Letpadan
A1: Bago Region , Thayawady District, Letpadan Township
E2: 29-3-2014
A4: Sr | B4: Ward/Village Tract | C4: Population
C5: Total | D5: Male | E5: Female
B6: Total | C6: 177407 | D6: 84396 | E6: 93011
B8: Ward | C8: =SUM(C9:C12) -> 24792 | D8: =SUM(D9:D12) -> 11638 | E8: =SUM(E9:E12) -> 13154
A9: 1 | B9: Myo Ma(W) | C9: 5969 | D9: 2816 | E9: 3153
A10: 2 | B10: Min Yat(W) | C10: 6941 | D10: 3252 | E10: 3689
A11: 3 | B11: Ma Au Kone(W) | C11: 6609 | D11: 3138 | E11: 3471
A12: 4 | B12: Bee Lin Tan(W) | C12: 5273 | D12: 2432 | E12: 2841
B13: Village Tract | C13: =SUM(C14:C62) -> 152615 | D13: =SUM(D14:D62) -> 72758 | E13: =SUM(E14:E62) -> 79857
A14: 1 | B14: Kaing Taw Su(VT) | C14: 1463 | D14: 683 | E14: 780
A15: 2 | B15: Sin Ta Lin(VT) | C15: 3112 | D15: 1416 | E15: 1696
A16: 3 | B16: Yae Ngan(VT) | C16: 3740 | D16: 1854 | E16: 1886
A17: 4 | B17: Thit Yaung Pyin(VT) | C17: 1655 | D17: 804 | E17: 851
A18: 5 | B18: Myay See(VT) | C18: 1224 | D18: 537 | E18: 687
A19: 6 | B19: War Yon Pin Zin(VT) | C19: 3397 | D19: 1624 | E19: 1773
A20: 7 | B20: Hmaw Inn(VT) | C20: 5989 | D20: 2996 | E20: 2993
A21: 8 | B21: Pu Tein Su(VT) | C21: 2439 | D21: 1164 | E21: 1275
A22: 9 | B22: Moe Aing(VT) | C22: 1182 | D22: 560 | E22: 622
A23: 10 | B23: Kyun Ka Lay(VT) | C23: 2959 | D23: 1386 | E23: 1573
A24: 11 | B24: Chan Thar Kone(VT) | C24: 1285 | D24: 617 | E24: 668
A25: 12 | B25: Kyoet Pin Sa Khan(VT) | C25: 2405 | D25: 1165 | E25: 1240
... A62: 49 | B62: Baw Di Pin(VT) | C62: 3693 | D62: 1824 | E62: 1869

Sheet Minhla
A1: Bago Region , Thayawady District, Minhla Township
E2: 29-3-2014
A4: Sr | B4: Ward/Village Tract | C4: Population
C5: Total | D5: Male | E5: Female
B6: Total | C6: 122491 | D6: 58577 | E6: 63914
B8: Ward | C8: =SUM(C9:C16) -> 11697 | D8: =SUM(D9:D16) -> 5384 | E8: =SUM(E9:E16) -> 6313
A9: 1 | B9: Zee Kone Lay(W) | C9: 1119 | D9: 518 | E9: 601
A10: 2 | B10: Kan Gyi Tan(W) | C10: 1226 | D10: 608 | E10: 618
A11: 3 | B11: Lan Ma Taw(W) | C11: 854 | D11: 384 | E11: 470
A12: 4 | B12: Yone Lan(W) | C12: 1158 | D12: 558 | E12: 600
A13: 5 | B13: Min Tan(W) | C13: 682 | D13: 333 | E13: 349
A14: 6 | B14: Zay Cho Tan(W) | C14: 1885 | D14: 879 | E14: 1006
A15: 7 | B15: Pyi Taw Thar(W) | C15: 3204 | D15: 1412 | E15: 1792
A16: 8 | B16: Pan Be Chaung(W) | C16: 1569 | D16: 692 | E16: 877
B17: Village Tract | C17: =SUM(C18:C72) -> 110794 | D17: =SUM(D18:D72) -> 53193 | E17: =SUM(E18:E72) -> 57601
A18: 1 | B18: Let Set(VT) | C18: 7583 | D18: 3724 | E18: 3859
A19: 2 | B19: Tha Yaw (G)(VT) | C19: 2296 | D19: 1079 | E19: 1217
A20: 3 | B20: Pan Taw(VT) | C20: 429 | D20: 194 | E20: 235
A21: 4 | B21: Let Pan Yae Kyaw(VT) | C21: 4186 | D21: 1986 | E21: 2200
A22: 5 | B22: Tha Yaw (M)(VT) | C22: 1696 | D22: 785 | E22: 911
A23: 6 | B23: Hle Pyin Tin(VT) | C23: 2891 | D23: 1435 | E23: 1456
A24: 7 | B24: Htauk Kyant Kwin (M)(VT) | C24: 1936 | D24: 859 | E24: 1077
A25: 8 | B25: Nyaung Win(VT) | C25: 1610 | D25: 778 | E25: 832
A26: 9 | B26: Tha Yet Ta Pin(VT) | C26: 2675 | D26: 1352 | E26: 1323
A27: 10 | B27: Kywe Ta Lin(VT) | C27: 862 | D27: 401 | E27: 461
A28: 11 | B28: San Taung Kwayt(VT) | C28: 1276 | D28: 600 | E28: 676
A29: 12 | B29: But Sein Bu(VT) | C29: 928 | D29: 447 | E29: 481
... A72: 55 | B72: Ohn Pin Pauk(VT) | C72: 508 | D72: 231 | E72: 277

Sheet Okpo
A1: Bago Region , Thayawady District, Okpo Township
E2: 29-3-2014
A4: Sr | B4: Ward/Village Tract | C4: Population
C5: Total | D5: Male | E5: Female
B6: Total | C6: 126662 | D6: 60705 | E6: 65957
B8: Ward | C8: =SUM(C9:C14) -> 11525 | D8: =SUM(D9:D14) -> 5304 | E8: =SUM(E9:E14) -> 6221
A9: 1 | B9: Myo Ma(W) | C9: 1297 | D9: 579 | E9: 718
A10: 2 | B10: Aung Min Ga Lar(W) | C10: 1419 | D10: 645 | E10: 774
A11: 3 | B11: Kyaung Gyi Tan(W) | C11: 1866 | D11: 864 | E11: 1002
A12: 4 | B12: Moe Nyo Tan(W) | C12: 3729 | D12: 1718 | E12: 2011
A13: 5 | B13: Kway Chaung(W) | C13: 1542 | D13: 715 | E13: 827
A14: 6 | B14: Ywar Ma(W) | C14: 1672 | D14: 783 | E14: 889
B15: Village Tract | C15: =SUM(C16:C69) -> 115137 | D15: =SUM(D16:D69) -> 55401 | E15: =SUM(E16:E69) -> 59736
A16: 1 | B16: Na Nwin Kone(VT) | C16: 1946 | D16: 908 | E16: 1038
A17: 2 | B17: Nga Shint Yoe(VT) | C17: 1419 | D17: 654 | E17: 765
A18: 3 | B18: Tha Yet Kone(VT) | C18: 2271 | D18: 1067 | E18: 1204
A19: 4 | B19: Ma Taunt Ta(VT) | C19: 1322 | D19: 608 | E19: 714
A20: 5 | B20: Taung Kone(VT) | C20: 1040 | D20: 469 | E20: 571
A21: 6 | B21: Kyat Chaung(VT) | C21: 2426 | D21: 1156 | E21: 1270
A22: 7 | B22: Htu Kone(VT) | C22: 1323 | D22: 631 | E22: 692
A23: 8 | B23: Ba Lar(VT) | C23: 2425 | D23: 1139 | E23: 1286
A24: 9 | B24: Tet Swea(VT) | C24: 3627 | D24: 1752 | E24: 1875
A25: 10 | B25: Hmet Ka Tan(VT) | C25: 1095 | D25: 541 | E25: 554
A26: 11 | B26: Oke Twin Kone(VT) | C26: 764 | D26: 372 | E26: 392
A27: 12 | B27: Oe Thei Kone(VT) | C27: 4418 | D27: 2098 | E27: 2320
... A69: 54 | B69: Chaung Gwa (G)(VT) | C69: 1941 | D69: 946 | E69: 995

Sheet Zigon
A1: Bago Region , Thayawady District, Zigon Township
E2: 29-3-2014
A4: Sr | B4: Ward/Village Tract | C4: Population
C5: Total | D5: Male | E5: Female
B6: Total | C6: 67523 | D6: 32167 | E6: 35356
B8: Ward | C8: =SUM(C9:C13) -> 15233 | D8: =SUM(D9:D13) -> 7076 | E8: =SUM(E9:E13) -> 8157
A9: 1 | B9: No (1)(W) | C9: 6004 | D9: 2814 | E9: 3190
A10: 2 | B10: No (2)(W) | C10: 1834 | D10: 832 | E10: 1002
A11: 3 | B11: No (3)(W) | C11: 2533 | D11: 1174 | E11: 1359
A12: 4 | B12: No (4)(W) | C12: 2944 | D12: 1347 | E12: 1597
A13: 5 | B13: No (5)(W) | C13: 1918 | D13: 909 | E13: 1009
B14: Village Tract | C14: =SUM(C15:C43) -> 52290 | D14: =SUM(D15:D43) -> 25091 | E14: =SUM(E15:E43) -> 27199
A15: 1 | B15: Tei Pin Kan(VT) | C15: 895 | D15: 422 | E15: 473
A16: 2 | B16: Lay Myet Hnar(VT) | C16: 2194 | D16: 1007 | E16: 1187
A17: 3 | B17: Za Yat Hla(VT) | C17: 1478 | D17: 693 | E17: 785
A18: 4 | B18: Chaung Kan(VT) | C18: 1699 | D18: 815 | E18: 884
A19: 5 | B19: Thit Na Hpar(VT) | C19: 1225 | D19: 603 | E19: 622
A20: 6 | B20: Taung Poet Thar Yar(VT) | C20: 687 | D20: 315 | E20: 372
A21: 7 | B21: Thar Paung(VT) | C21: 1345 | D21: 610 | E21: 735
A22: 8 | B22: Nwar Te Kone(VT) | C22: 2377 | D22: 1108 | E22: 1269
A23: 9 | B23: Wet Sa Poe(VT) | C23: 916 | D23: 439 | E23: 477
A24: 10 | B24: Chaung Zauk(VT) | C24: 1624 | D24: 771 | E24: 853
A25: 11 | B25: Ku Hpyu(VT) | C25: 2050 | D25: 982 | E25: 1068
A26: 12 | B26: Lel Ma(VT) | C26: 1243 | D26: 590 | E26: 653
... A43: 29 | B43: Be Inn(VT) | C43: 1225 | D43: 606 | E43: 619

Sheet Nattalin
A1: Bago Region , Thayawady District, Nattalin Township
E2: 29-3-2014
A4: Sr | B4: Ward/Village Tract | C4: Population
C5: Total | D5: Male | E5: Female
B6: Total | C6: 172141 | D6: 82083 | E6: 90058
B8: Ward | C8: =SUM(C9:C12) -> 18929 | D8: =SUM(D9:D12) -> 8632 | E8: =SUM(E9:E12) -> 10297
A9: 1 | B9: Myo Ma(W) | C9: 2708 | D9: 1252 | E9: 1456
A10: 2 | B10: Thar Zi(W) | C10: 6504 | D10: 3007 | E10: 3497
A11: 3 | B11: Ywar Ma(W) | C11: 6389 | D11: 2823 | E11: 3566
A12: 4 | B12: Zee Kone Ka Lay(W) | C12: 3328 | D12: 1550 | E12: 1778
B13: Village Tract | C13: =SUM(C14:C91) -> 153212 | D13: =SUM(D14:D91) -> 73451 | E13: =SUM(E14:E91) -> 79761
A14: 1 | B14: Hlay Kyat Kone(VT) | C14: 2013 | D14: 849 | E14: 1164
A15: 2 | B15: Pwe Thar(VT) | C15: 1508 | D15: 678 | E15: 830
A16: 3 | B16: Chin Kone Kan(VT) | C16: 1682 | D16: 817 | E16: 865
A17: 4 | B17: Kywe Thay(VT) | C17: 1628 | D17: 793 | E17: 835
A18: 5 | B18: Mon Ywar Gyi(VT) | C18: 2014 | D18: 938 | E18: 1076
A19: 6 | B19: Chin Yoke Kwin(VT) | C19: 1966 | D19: 908 | E19: 1058
A20: 7 | B20: Pauk Kone(VT) | C20: 1328 | D20: 629 | E20: 699
A21: 8 | B21: Chaung Gwa(VT) | C21: 1737 | D21: 795 | E21: 942
A22: 9 | B22: Hteik Peik(VT) | C22: 1760 | D22: 835 | E22: 925
A23: 10 | B23: Thar Yar Kone(VT) | C23: 1572 | D23: 723 | E23: 849
A24: 11 | B24: Ma Gyi Su(VT) | C24: 1082 | D24: 514 | E24: 568
A25: 12 | B25: Chaung Thone Gwa(VT) | C25: 1475 | D25: 701 | E25: 774
... A91: 78 | B91: Aung Myanmar (1)(VT) | C91: 2249 | D91: 1110 | E91: 1139

Sheet Monyo
A1: Bago Region , Thayawady District, Monyo Township
E2: 29-3-2014
A4: Sr | B4: Ward/Village Tract | C4: Population
C5: Total | D5: Male | E5: Female
B6: Total | C6: 127570 | D6: 60664 | E6: 66906
B8: Ward | C8: =SUM(C9:C13) -> 9457 | D8: =SUM(D9:D13) -> 4478 | E8: =SUM(E9:E13) -> 4979
A9: 1 | B9: Shwe U Daung(W) | C9: 2303 | D9: 1115 | E9: 1188
A10: 2 | B10: Zaw Ti Ka(W) | C10: 1867 | D10: 866 | E10: 1001
A11: 3 | B11: Tha Khin Hla Shein(W) | C11: 2290 | D11: 1091 | E11: 1199
A12: 4 | B12: Myo Ma Ward(W) | C12: 1922 | D12: 916 | E12: 1006
A13: 5 | B13: Shwe Pyi Thar(W) | C13: 1075 | D13: 490 | E13: 585
B14: Village Tract | C14: =SUM(C15:C51) -> 118113 | D14: =SUM(D15:D51) -> 56186 | E14: =SUM(E15:E51) -> 61927
A15: 1 | B15: Zee Pin(VT) | C15: 4058 | D15: 1934 | E15: 2124
A16: 2 | B16: Tet Swea(VT) | C16: 2228 | D16: 1087 | E16: 1141
A17: 3 | B17: Htan Pin Kone(VT) | C17: 2255 | D17: 1113 | E17: 1142
A18: 4 | B18: Thar Yar Kone(VT) | C18: 4394 | D18: 2109 | E18: 2285
A19: 5 | B19: Kyun Nyo(VT) | C19: 2171 | D19: 1024 | E19: 1147
A20: 6 | B20: Nyaung Waing(VT) | C20: 5394 | D20: 2572 | E20: 2822
A21: 7 | B21: Nga Kei(VT) | C21: 4001 | D21: 1891 | E21: 2110
A22: 8 | B22: Wea Gyi(VT) | C22: 2956 | D22: 1418 | E22: 1538
A23: 9 | B23: Sa Bai Hmyaung(VT) | C23: 1915 | D23: 931 | E23: 984
A24: 10 | B24: Htein Taw(VT) | C24: 8070 | D24: 3836 | E24: 4234
A25: 11 | B25: Ma Tawt Kone(VT) | C25: 2397 | D25: 1162 | E25: 1235
A26: 12 | B26: Zin Chaung(VT) | C26: 2451 | D26: 1169 | E26: 1282
... A51: 37 | B51: Min Du(VT) | C51: 1677 | D51: 797 | E51: 880

Sheet Gyobingauk
A1: Bago Region , Thayawady District, Gyobingauk Township
E2: 29-3-2014
A4: Sr | B4: Ward/Village Tract | C4: Population
C5: Total | D5: Male | E5: Female
B6: Total | C6: 117433 | D6: 55749 | E6: 61684
B8: Ward | C8: =SUM(C9:C18) -> 22947 | D8: =SUM(D9:D18) -> 10564 | E8: =SUM(E9:E18) -> 12383
A9: 1 | B9: Zay Cho (South)(W) | C9: 2104 | D9: 994 | E9: 1110
A10: 2 | B10: Zay Cho (North) (W) | C10: 778 | D10: 334 | E10: 444
A11: 3 | B11: Ywar Ma (South)(W) | C11: 1697 | D11: 798 | E11: 899
A12: 4 | B12: Ywar Ma (North)(W) | C12: 5808 | D12: 2673 | E12: 3135
A13: 5 | B13: Pan Tin(W) | C13: 2016 | D13: 931 | E13: 1085
A14: 6 | B14: Thea Kone(W) | C14: 2652 | D14: 1234 | E14: 1418
A15: 7 | B15: Ah Nauk (South)(W) | C15: 1374 | D15: 609 | E15: 765
A16: 8 | B16: Ah Nauk (North)(W) | C16: 818 | D16: 368 | E16: 450
A17: 9 | B17: Nwe Khwe(W) | C17: 3104 | D17: 1404 | E17: 1700
A18: 10 | B18: Set Taing Kone(W) | C18: 2596 | D18: 1219 | E18: 1377
B19: Village Tract | C19: =SUM(C20:C68) -> 94486 | D19: =SUM(D20:D68) -> 45185 | E19: =SUM(E20:E68) -> 49301
A20: 1 | B20: Min Oh(VT) | C20: 775 | D20: 380 | E20: 395
A21: 2 | B21: Nyaung Pin Myin See(VT) | C21: 2156 | D21: 1039 | E21: 1117
A22: 3 | B22: Hpa Yar Gyi Kone(VT) | C22: 1371 | D22: 669 | E22: 702
A23: 4 | B23: Zin Pyun Kone(VT) | C23: 1692 | D23: 776 | E23: 916
A24: 5 | B24: Tha Yet Kone(VT) | C24: 937 | D24: 456 | E24: 481
A25: 6 | B25: Zay Di Kone(VT) | C25: 2533 | D25: 1227 | E25: 1306
A26: 7 | B26: Kyauk Wa(VT) | C26: 4164 | D26: 1982 | E26: 2182
A27: 8 | B27: Chaung Nar Su(VT) | C27: 1308 | D27: 636 | E27: 672
A28: 9 | B28: Oe Bo Kone(VT) | C28: 1720 | D28: 812 | E28: 908
A29: 10 | B29: Ohn Hne Kyaw Tan(VT) | C29: 1856 | D29: 891 | E29: 965
A30: 11 | B30: Shar Pin Ta(VT) | C30: 3359 | D30: 1569 | E30: 1790
A31: 12 | B31: Sit Kone (1)(VT) | C31: 1272 | D31: 615 | E31: 657
... A68: 49 | B68: Kone Ywar(VT) | C68: 2774 | D68: 1348 | E68: 1426

Sheet Sheet2

Sheet Sheet3
