Workbook

Sheet Lest of twonship
A1: List of Township
A2: 1 | B2: =' Magway'!A1 -> Magway Region,Magway District,Magway Township
A3: 2 | B3: =Yenangyoung!A1 -> Magway Region, Magway District, Yenangyoung Township
A4: 3 | B4: =Chauk!A1 -> Magway Region, Magway District, Chauk Township
A5: 4 | B5: =' Taungdwingyi'!A1 -> Magway Region, Magway District,Taungwingyi Township
A6: 5 | B6: =' Myothit'!A1 -> Magway Region, Magway District, Myothit Township
A7: 6 | B7: =Natmauk!A1 -> Magway Region, Magway District, Natmauk Township
A8: 7 | B8: =Minbu!A1 -> Magway Region, Minbu District, Minbu Township
A9: 8 | B9: =' Pwint Phyu'!A1 -> Magway Region, Minbu District, Pwint Phyu Township
A10: 9 | B10: =' Ngape'!A1 -> Magway Region, Minbu District, Ngape Township
A11: 10 | B11: =Salin!A1 -> Magway Region, Minbu District, Salin Township
A12: 11 | B12: =Saytottara!A1 -> Magway Region, Minbu District, Saytottara Township
A13: 12 | B13: =Thayet!A1 -> Magway Region,Thayet District, Thayet Township
A14: 13 | B14: =Minhla!A1 -> Magway Region,Thayet District, Minhla Township
A15: 14 | B15: =Mindon!A1 -> Magway Region,Thayet District, Mindon Township
A16: 15 | B16: =Kamma!A1 -> Magway Region,Thayet District, Kamma Township
A17: 16 | B17: =Aunglan!A1 -> Magway Region,Thayet District, Aunglan Township
A18: 17 | B18: ='Sinpaungwe`'!A1 -> Magway Region,Thayet District, Sinpaungwe` Township
A19: 18 | B19: =Pakokku!A1 -> Magway Region, Pakokku District, Pakokku Township
A20: 19 | B20: =Yesagyo!A1 -> Magway Region, Pakokku District, Yesagyo Township
A21: 20 | B21: =Myaing!A1 -> Magway Region, Pakokku District, Myaing Township
A22: 21 | B22: =Pauk!A1 -> Magway Region, Pakokku District, Pauk Township
A23: 22 | B23: =Seikphyu!A1 -> Magway Region, Pakokku District, Seikphyu Township
A24: 23 | B24: =Gangaw!A1 -> Magway Region, Gangaw District, Gangaw Township
A25: 24 | B25: =Htilin!A1 -> Magway Region, Gangaw District, Htilin Township
A26: 25 | B26: =Saw!A1 -> Magway Region, Gangaw District, Saw Township
A27: 26 | B27: ='Kyaukhtu(Sub-Tsp)'!A1 -> Magway Region, Gangaw District, Kyaukhtu(Sub-Township)

Sheet  Magway
A1: Magway Region,Magway District,Magway Township
E2: 29-3-2014
A4: Sr | B4: Ward/Village Tract | C4: Population
C5: Total | D5: Male | E5: Female
B6: Total | C6: =C8+C24 -> 289247 | D6: =D8+D24 -> 135103 | E6: =E8+E24 -> 154144
B8: Ward | C8: =SUM(C9:C23) -> 94038 | D8: =SUM(D9:D23) -> 43890 | E8: =SUM(E9:E23) -> 50148
A9: 1 | B9: Myo Haung(W) | C9: 4688 | D9: 2158 | E9: 2530
A10: 2 | B10: Bon(W) | C10: 1408 | D10: 623 | E10: 785
A11: 3 | B11: Zay Lel Soe(W) | C11: 1643 | D11: 802 | E11: 841
A12: 4 | B12: Oe Bo Myo Ma(W) | C12: 1406 | D12: 644 | E12: 762
A13: 5 | B13: Sar Shwe Kin(W) | C13: 5953 | D13: 2746 | E13: 3207
A14: 6 | B14: Ywar Thit Pwe Kyo(W) | C14: 6219 | D14: 3047 | E14: 3172
A15: 7 | B15: Thein Gar Gi(W) | C15: 9560 | D15: 4501 | E15: 5059
A16: 8 | B16: Pyi Taw Thar(W) | C16: 5602 | D16: 2358 | E16: 3244
A17: 9 | B17: Min Kan Gyi(W) | C17: 10419 | D17: 4743 | E17: 5676
A18: 10 | B18: Kan Thar(W) | C18: 7409 | D18: 3405 | E18: 4004
A19: 11 | B19: Myin Thar(W) | C19: 6332 | D19: 2942 | E19: 3390
A20: 12 | B20: Aung Ya Ta Nar(W) | C20: 8036 | D20: 3949 | E20: 4087
... A23: 15 | B23: Aung Myit Tar(W) | C23: 10793 | D23: 5163 | E23: 5630
B24: Village Tract | C24: =SUM(C25:C85) -> 195209 | D24: =SUM(D25:D85) -> 91213 | E24: =SUM(E25:E85) -> 103996
A25: 1 | B25: Aing Gyi Kone(VT) | C25: 3342 | D25: 1553 | E25: 1789
A26: 2 | B26: Ah Lel Bo(VT) | C26: 5146 | D26: 2504 | E26: 2642
A27: 3 | B27: Thit Yar Kauk(VT) | C27: 4994 | D27: 2339 | E27: 2655
A28: 4 | B28: Da Hat Kan(VT) | C28: 1777 | D28: 811 | E28: 966
A29: 5 | B29: Gyoke Kone(VT) | C29: 3305 | D29: 1483 | E29: 1822
A30: 6 | B30: In Taing Gyi(VT) | C30: 4361 | D30: 1973 | E30: 2388
A31: 7 | B31: Kan Pyar(VT) | C31: 4763 | D31: 2214 | E31: 2549
A32: 8 | B32: Kan Taw(VT) | C32: 2254 | D32: 1010 | E32: 1244
A33: 9 | B33: Kan Thar Gyi(VT) | C33: 2281 | D33: 1087 | E33: 1194
A34: 10 | B34: Kayin(VT) | C34: 2080 | D34: 964 | E34: 1116
A35: 11 | B35: Kun Ohn(VT) | C35: 1518 | D35: 717 | E35: 801
A36: 12 | B36: Kyit Son Pway(VT) | C36: 4279 | D36: 2061 | E36: 2218
... A85: 61 | B85: Gyoe Gyar Kan(VT) | C85: 1989 | D85: 915 | E85: 1074

Sheet Yenangyoung
A1: Magway Region, Magway District, Yenangyoung Township
E2: 29-3-2014
A4: Sr | B4: Ward/Village Tract | C4: Population
C5: Total | D5: Male | E5: Female
B6: Total | C6: =C8+C23 -> 134227 | D6: =D8+D23 -> 60228 | E6: =E8+E23 -> 73999
B8: Ward | C8: =SUM(C9:C22) -> 45120 | D8: =SUM(D9:D22) -> 20271 | E8: =SUM(E9:E22) -> 24849
A9: 1 | B9: Myo Ma (North)(W) | C9: 3913 | D9: 1753 | E9: 2160
A10: 2 | B10: Myo Ma (South)(W) | C10: 2227 | D10: 1048 | E10: 1179
A11: 3 | B11: Oe Bo(W) | C11: 2802 | D11: 1351 | E11: 1451
A12: 4 | B12: Son Taik(W) | C12: 2814 | D12: 1267 | E12: 1547
A13: 5 | B13: Shwe Kyar Ngon(W) | C13: 2039 | D13: 924 | E13: 1115
A14: 6 | B14: Ywar Thit(W) | C14: 6192 | D14: 2728 | E14: 3464
A15: 7 | B15: Twin Kone(W) | C15: 1785 | D15: 777 | E15: 1008
A16: 8 | B16: Thu Htay Kone(W) | C16: 3220 | D16: 1406 | E16: 1814
A17: 9 | B17: Myay Ni Khin (North)(W) | C17: 2446 | D17: 1039 | E17: 1407
A18: 10 | B18: Myay Ni Khin (South)(W) | C18: 2803 | D18: 1199 | E18: 1604
A19: 11 | B19: Bay Mei(W) | C19: 2369 | D19: 1063 | E19: 1306
A20: 12 | B20: Thit Ta Pway(W) | C20: 7047 | D20: 3302 | E20: 3745
... A22: 14 | B22: Bo Kone(W) | C22: 1739 | D22: 772 | E22: 967
B23: Village Tract | C23: =SUM(C24:C52) -> 89107 | D23: =SUM(D24:D52) -> 39957 | E23: =SUM(E24:E52) -> 49150
A24: 1 | B24: Thone Se Chauk(VT) | C24: 6140 | D24: 2668 | E24: 3472
A25: 2 | B25: Hpaung Ka Taw(VT) | C25: 1634 | D25: 726 | E25: 908
A26: 3 | B26: Bu Kyun(VT) | C26: 2271 | D26: 1049 | E26: 1222
A27: 4 | B27: Kyan Kaing Kyun(VT) | C27: 2071 | D27: 913 | E27: 1158
A28: 5 | B28: Man Myay(VT) | C28: 4783 | D28: 2185 | E28: 2598
A29: 6 | B29: Pin Wa(VT) | C29: 7048 | D29: 3124 | E29: 3924
A30: 7 | B30: Ah Shey Kone(VT) | C30: 3268 | D30: 1484 | E30: 1784
A31: 8 | B31: Kamma(VT) | C31: 2687 | D31: 1265 | E31: 1422
A32: 9 | B32: Hpoe Koe(VT) | C32: 2885 | D32: 1272 | E32: 1613
A33: 10 | B33: Sein Pan Pin(VT) | C33: 4123 | D33: 1829 | E33: 2294
A34: 11 | B34: Shwe Toke Kan(VT) | C34: 2206 | D34: 1014 | E34: 1192
A35: 12 | B35: Ma Gyi Kan(VT) | C35: 4148 | D35: 1830 | E35: 2318
... A52: 29 | B52: Sar Taing(VT) | C52: 1081 | D52: 527 | E52: 554

Sheet Chauk
A1: Magway Region, Magway District, Chauk Township
E2: 29-3-2014
A4: Sr | B4: Ward/Village Tract | C4: Population
C5: Total | D5: Male | E5: Female
B6: Total | C6: 185189 | D6: 82385 | E6: 102804
B8: Ward | C8: =SUM(C9:C23) -> 45076 | D8: =SUM(D9:D23) -> 20281 | E8: =SUM(E9:E23) -> 24795
A9: 1 | B9: No (1)(W) | C9: 2990 | D9: 1334 | E9: 1656
A10: 2 | B10: No (2)(W) | C10: 1149 | D10: 467 | E10: 682
A11: 3 | B11: No (3)(W) | C11: 992 | D11: 423 | E11: 569
A12: 4 | B12: No (4)(W) | C12: 3023 | D12: 1376 | E12: 1647
A13: 5 | B13: No (5)(W) | C13: 3555 | D13: 1564 | E13: 1991
A14: 6 | B14: No (6)(W) | C14: 3189 | D14: 1344 | E14: 1845
A15: 7 | B15: No (7)(W) | C15: 3111 | D15: 1395 | E15: 1716
A16: 8 | B16: No (8)(W) | C16: 2665 | D16: 1161 | E16: 1504
A17: 9 | B17: No (9)(W) | C17: 1611 | D17: 720 | E17: 891
A18: 10 | B18: No (10)(W) | C18: 4830 | D18: 2217 | E18: 2613
A19: 11 | B19: No (11)(W) | C19: 1467 | D19: 625 | E19: 842
A20: 12 | B20: No (12)(W) | C20: 2026 | D20: 861 | E20: 1165
... A23: 15 | B23: No (15) (W) | C23: 7035 | D23: 3328 | E23: 3707
B24: Village Tract | C24: =SUM(C25:C75) -> 140113 | D24: =SUM(D25:D75) -> 62104 | E24: =SUM(E25:E75) -> 78009
A25: 1 | B25: Pa Day Thar(VT) | C25: 1733 | D25: 738 | E25: 995
A26: 2 | B26: Dat Myay Aw Zar(VT) | C26: 2642 | D26: 1265 | E26: 1377
A27: 3 | B27: Sa Lay(VT) | C27: 6695 | D27: 2936 | E27: 3759
A28: 4 | B28: Let Pan Kyun(VT) | C28: 2771 | D28: 1180 | E28: 1591
A29: 5 | B29: U Yin(VT) | C29: 2679 | D29: 1195 | E29: 1484
A30: 6 | B30: Nyee Su(VT) | C30: 1671 | D30: 759 | E30: 912
A31: 7 | B31: Ya Thit(VT) | C31: 3159 | D31: 1271 | E31: 1888
A32: 8 | B32: Yae Twin(VT) | C32: 2603 | D32: 1149 | E32: 1454
A33: 9 | B33: Chaung Tet(VT) | C33: 2894 | D33: 1298 | E33: 1596
A34: 10 | B34: Ma Gyi Kone(VT) | C34: 1870 | D34: 802 | E34: 1068
A35: 11 | B35: Taung Thar(VT) | C35: 2213 | D35: 932 | E35: 1281
A36: 12 | B36: Zaung Taw Kan(VT) | C36: 3236 | D36: 1424 | E36: 1812
... A75: 51 | B75: Ma Gyi Kan(VT) | C75: 1876 | D75: 835 | E75: 1041

Sheet  Taungdwingyi
A1: Magway Region, Magway District,Taungwingyi Township
E2: 29-3-2014
A4: Sr | B4: Ward/Village Tract | C4: Population
C5: Total | D5: Male | E5: Female
B6: Total | C6: =SUM(C8+C19) -> 259860 | D6: =SUM(D8+D19) -> 122706 | E6: =SUM(E8+E19) -> 137154
B8: Ward | C8: =SUM(C9:C18) -> 46023 | D8: =SUM(D9:D18) -> 21742 | E8: =SUM(E9:E18) -> 24281
A9: 1 | B9: Taung Pyin (1)(W) | C9: 4649 | D9: 2150 | E9: 2499
A10: 2 | B10: Taung Pyin (2)(W) | C10: 4197 | D10: 1960 | E10: 2237
A11: 3 | B11: Maung Taing(1)(W) | C11: 2617 | D11: 1207 | E11: 1410
A12: 4 | B12: Maung Taing(2)(W) | C12: 7132 | D12: 3687 | E12: 3445
A13: 5 | B13: Shwe Oe(1)/Kyawe Oe(1)(W) | C13: 6432 | D13: 3048 | E13: 3384
A14: 6 | B14: Shwe Oe(2)/Kyawe Oe(1)(W) | C14: 4883 | D14: 2244 | E14: 2639
A15: 7 | B15: Shwe Kyar Inn (1)(W) | C15: 4881 | D15: 2319 | E15: 2562
A16: 8 | B16: Shwe Kyar Inn (2)(W) | C16: 1744 | D16: 804 | E16: 940
A17: 9 | B17: Ohn Taw (1)(W) | C17: 4952 | D17: 2225 | E17: 2727
A18: 10 | B18: Ohn Taw (2)(W) | C18: 4536 | D18: 2098 | E18: 2438
B19: Village Tract | C19: =SUM(C20:C91) -> 213837 | D19: =SUM(D20:D91) -> 100964 | E19: =SUM(E20:E91) -> 112873
A20: 1 | B20: Yae U(VT) | C20: 3389 | D20: 1556 | E20: 1833
A21: 2 | B21: Ta Yoke Kaw(VT) | C21: 3903 | D21: 1836 | E21: 2067
A22: 3 | B22: Hin Ga Yaw(VT) | C22: 3903 | D22: 1861 | E22: 2042
A23: 4 | B23: Wet Chan Kan(VT) | C23: 1285 | D23: 612 | E23: 673
A24: 5 | B24: Koke Ko Gwa(VT) | C24: 2606 | D24: 1202 | E24: 1404
A25: 6 | B25: Pyar Tu(VT) | C25: 1062 | D25: 484 | E25: 578
A26: 7 | B26: Nyaung Kone(VT) | C26: 1365 | D26: 638 | E26: 727
A27: 8 | B27: Inn Ywar Gyi(VT) | C27: 559 | D27: 267 | E27: 292
A28: 9 | B28: Ohn Hne Tan(VT) | C28: 1208 | D28: 566 | E28: 642
A29: 10 | B29: Let Pan Shey(VT) | C29: 2556 | D29: 1194 | E29: 1362
A30: 11 | B30: Shan Kaing(VT) | C30: 2079 | D30: 932 | E30: 1147
A31: 12 | B31: Khin Te(VT) | C31: 4214 | D31: 2015 | E31: 2199
... A91: 72 | B91: Kan Gyi Kone(VT) | C91: 3498 | D91: 1659 | E91: 1839

Sheet  Myothit
A1: Magway Region, Magway District, Myothit Township
E2: 29-3-2014
A4: Sr | B4: Ward/Village Tract | C4: Population
C5: Total | D5: Male | E5: Female
B6: Total | C6: =SUM(C8+C14) -> 159511 | D6: =SUM(D8+D14) -> 74039 | E6: =SUM(E8+E14) -> 85472
B8: Ward | C8: =SUM(C9:C13) -> 8080 | D8: =SUM(D9:D13) -> 3706 | E8: =SUM(E9:E13) -> 4374
A9: 1 | B9: Hpa Yar Gyi(W) | C9: 1785 | D9: 807 | E9: 978
A10: 2 | B10: Lel Pyin(W) | C10: 1486 | D10: 682 | E10: 804
A11: 3 | B11: Kwet Thit(W) | C11: 2794 | D11: 1351 | E11: 1443
A12: 4 | B12: Zay(W) | C12: 870 | D12: 370 | E12: 500
A13: 5 | B13: Min(W) | C13: 1145 | D13: 496 | E13: 649
B14: Village Tract | C14: =SUM(C15:C61) -> 151431 | D14: =SUM(D15:D61) -> 70333 | E14: =SUM(E15:E61) -> 81098
A15: 1 | B15: Kan Swei(VT) | C15: 1499 | D15: 705 | E15: 794
A16: 2 | B16: Gway Kone(VT) | C16: 2128 | D16: 1020 | E16: 1108
A17: 3 | B17: Dant Da Lun Pin(VT) | C17: 6206 | D17: 2713 | E17: 3493
A18: 4 | B18: Shwe Pan(VT) | C18: 5632 | D18: 2721 | E18: 2911
A19: 5 | B19: Bawt(VT) | C19: 1069 | D19: 498 | E19: 571
A20: 6 | B20: Zee Kone(VT) | C20: 1694 | D20: 841 | E20: 853
A21: 7 | B21: Pa Lin Gyi(VT) | C21: 3826 | D21: 1745 | E21: 2081
A22: 8 | B22: Hpa Lan Taing(VT) | C22: 3734 | D22: 1772 | E22: 1962
A23: 9 | B23: Su Tat Gyi(VT) | C23: 5946 | D23: 2831 | E23: 3115
A24: 10 | B24: Myay Pyin Thar(VT) | C24: 6872 | D24: 3325 | E24: 3547
A25: 11 | B25: Aing Ma(VT) | C25: 4297 | D25: 2108 | E25: 2189
A26: 12 | B26: Kwin Gyi(VT) | C26: 1746 | D26: 820 | E26: 926
... A61: 47 | B61: Myat Lay Kone(VT) | C61: 692 | D61: 321 | E61: 371

Sheet Natmauk
A1: Magway Region, Magway District, Natmauk Township
E2: 29-3-2014
A4: Sr | B4: Ward/Village Tract | C4: Population
C5: Total | D5: Male | E5: Female
B6: Total | C6: =SUM(C8+C16) -> 206996 | D6: =SUM(D8+D16) -> 92774 | E6: =SUM(E8+E16) -> 114222
B8: Ward | C8: =SUM(C9:C15) -> 14737 | D8: =SUM(D9:D15) -> 6774 | E8: =SUM(E9:E15) -> 7963
A9: 1 | B9: Myo Ma(W) | C9: 1899 | D9: 879 | E9: 1020
A10: 2 | B10: Myo Ma Kwet Thit(W) | C10: 1704 | D10: 779 | E10: 925
A11: 3 | B11: Zay Kwet Thit(W) | C11: 2814 | D11: 1311 | E11: 1503
A12: 4 | B12: Aung San(W) | C12: 2951 | D12: 1374 | E12: 1577
A13: 5 | B13: Ta Mar Pin(W) | C13: 1960 | D13: 901 | E13: 1059
A14: 6 | B14: Yan Aung Myin(W) | C14: 1836 | D14: 825 | E14: 1011
A15: 7 | B15: Kan Gyi(W) | C15: 1573 | D15: 705 | E15: 868
B16: Village Tract | C16: =SUM(C17:C89) -> 192259 | D16: =SUM(D17:D89) -> 86000 | E16: =SUM(E17:E89) -> 106259
A17: 1 | B17: Inn Kone (North)(VT) | C17: 1845 | D17: 856 | E17: 989
A18: 2 | B18: Ta Khun Taing(VT) | C18: 1995 | D18: 907 | E18: 1088
A19: 3 | B19: Pi Tauk Ngoke(VT) | C19: 1499 | D19: 671 | E19: 828
A20: 4 | B20: Ta Ma Lan Pin(VT) | C20: 3280 | D20: 1567 | E20: 1713
A21: 5 | B21: Tet Wun(VT) | C21: 3446 | D21: 1605 | E21: 1841
A22: 6 | B22: Htone Pauk Chaing(VT) | C22: 3468 | D22: 1547 | E22: 1921
A23: 7 | B23: Wet Choke(VT) | C23: 1925 | D23: 906 | E23: 1019
A24: 8 | B24: Tha Hmone Pin(VT) | C24: 2736 | D24: 1244 | E24: 1492
A25: 9 | B25: Mei Za Li Pin(VT) | C25: 2593 | D25: 1115 | E25: 1478
A26: 10 | B26: Twin Gyi(VT) | C26: 4137 | D26: 1952 | E26: 2185
A27: 11 | B27: Aing Zauk(VT) | C27: 3155 | D27: 1375 | E27: 1780
A28: 12 | B28: Zay Thar(VT) | C28: 1317 | D28: 566 | E28: 751
... A89: 73 | B89: Kyauk Tan(VT) | C89: 5786 | D89: 2644 | E89: 3142

Sheet Minbu
A1: Magway Region, Minbu District, Minbu Township
E2: 29-3-2014
A4: Sr | B4: Ward/Village Tract | C4: Population
C5: Total | D5: Male | E5: Female
B6: Total | C6: =SUM(C8+C16) -> 188182 | D6: =SUM(D8+D16) -> 88262 | E6: =SUM(E8+E16) -> 99920
B8: Ward | C8: =SUM(C9:C15) -> 39559 | D8: =SUM(D9:D15) -> 18140 | E8: =SUM(E9:E15) -> 21419
A9: 1 | B9: Minbu No (1)(W) | C9: 7868 | D9: 3598 | E9: 4270
A10: 2 | B10: Minbu No (2)(W) | C10: 2962 | D10: 1297 | E10: 1665
A11: 3 | B11: Minbu No (3)(W) | C11: 6629 | D11: 3004 | E11: 3625
A12: 4 | B12: Minbu No (4)(W) | C12: 10606 | D12: 4991 | E12: 5615
A13: 5 | B13: Saku No (1)(W) | C13: 4965 | D13: 2337 | E13: 2628
A14: 6 | B14: Saku No (2)(W) | C14: 2939 | D14: 1316 | E14: 1623
A15: 7 | B15: Saku No (3)(W) | C15: 3590 | D15: 1597 | E15: 1993
B16: Village Tract | C16: =SUM(C17:C83) -> 148623 | D16: =SUM(D17:D83) -> 70122 | E16: =SUM(E17:E83) -> 78501
A17: 1 | B17: Let Khoke Pin(VT) | C17: 3114 | D17: 1449 | E17: 1665
A18: 2 | B18: Pin Lel Thet(VT) | C18: 1450 | D18: 676 | E18: 774
A19: 3 | B19: Kan Thar(VT) | C19: 2546 | D19: 1204 | E19: 1342
A20: 4 | B20: U Yin Zin(VT) | C20: 1640 | D20: 791 | E20: 849
A21: 5 | B21: Yae Poke(VT) | C21: 1553 | D21: 735 | E21: 818
A22: 6 | B22: Ku Lar Bar(VT) | C22: 965 | D22: 460 | E22: 505
A23: 7 | B23: Kan Thit(VT) | C23: 1095 | D23: 533 | E23: 562
A24: 8 | B24: Kan Ku Lar(VT) | C24: 1671 | D24: 795 | E24: 876
A25: 9 | B25: Ka Dee(VT) | C25: 1350 | D25: 672 | E25: 678
A26: 10 | B26: Pauk Ngu(VT) | C26: 1186 | D26: 572 | E26: 614
A27: 11 | B27: Tha Nat Pin Su(VT) | C27: 1710 | D27: 800 | E27: 910
A28: 12 | B28: Man Kyoe(VT) | C28: 2934 | D28: 1365 | E28: 1569
... A83: 67 | B83: Thin Baw Kyun(VT) | C83: 480 | D83: 213 | E83: 267

Sheet  Pwint Phyu
A1: Magway Region, Minbu District, Pwint Phyu Township
E2: 29-3-2014
A4: Sr | B4: Ward/Village Tract | C4: Population
C5: Total | D5: Male | E5: Female
B6: Total | C6: =C8+C13 -> 163692 | D6: =D8+D13 -> 76740 | E6: =E8+E13 -> 86952
B8: Ward | C8: =SUM(C9:C12) -> 6350 | D8: =SUM(D9:D12) -> 2910 | E8: =SUM(E9:E12) -> 3440
A9: 1 | B9: Ah Shey Paing(W) | C9: 1795 | D9: 838 | E9: 957
A10: 2 | B10: Ah Lel Paing(W) | C10: 1043 | D10: 451 | E10: 592
A11: 3 | B11: Ah Nauk Paing(W) | C11: 1119 | D11: 505 | E11: 614
A12: 4 | B12: Thet Taw Shey(W) | C12: 2393 | D12: 1116 | E12: 1277
B13: Village Tract | C13: =SUM(C14:C65) -> 157342 | D13: =SUM(D14:D65) -> 73830 | E13: =SUM(E14:E65) -> 83512
A14: 1 | B14: Tha Yet Oke(VT) | C14: 7182 | D14: 3298 | E14: 3884
A15: 2 | B15: Me Za Li(VT) | C15: 8016 | D15: 3853 | E15: 4163
A16: 3 | B16: Sin Lu (North)(VT) | C16: 2654 | D16: 1322 | E16: 1332
A17: 4 | B17: Ma De(VT) | C17: 4882 | D17: 2345 | E17: 2537
A18: 5 | B18: Ka Ni(VT) | C18: 2476 | D18: 1117 | E18: 1359
A19: 6 | B19: Kyaung Kone(VT) | C19: 4380 | D19: 2084 | E19: 2296
A20: 7 | B20: Chaung Son(VT) | C20: 949 | D20: 454 | E20: 495
A21: 8 | B21: Yae Poke Gyi(VT) | C21: 2990 | D21: 1495 | E21: 1495
A22: 9 | B22: Yae Poke Ka Lay(VT) | C22: 1259 | D22: 630 | E22: 629
A23: 10 | B23: U Yin Kyit(VT) | C23: 8272 | D23: 3849 | E23: 4423
A24: 11 | B24: Tha Man Yin(VT) | C24: 2128 | D24: 987 | E24: 1141
A25: 12 | B25: Taung Inn Ywar Thit(VT) | C25: 774 | D25: 381 | E25: 393
... A65: 52 | B65: Zee Kaing(VT) | C65: 3255 | D65: 1478 | E65: 1777

Sheet  Ngape
A1: Magway Region, Minbu District, Ngape Township
E2: 29-3-2014
A4: Sr | B4: Ward/Village Tract | C4: Population
C5: Total | D5: Male | E5: Female
B6: Total | C6: =SUM(C8+C11) -> 52142 | D6: =SUM(D8+D11) -> 25075 | E6: =SUM(E8+E11) -> 27067
B8: Ward | C8: =SUM(C9:C10) -> 4065 | D8: =SUM(D9:D10) -> 1884 | E8: =SUM(E9:E10) -> 2181
A9: 1 | B9: Myo Ma(W) | C9: 1644 | D9: 729 | E9: 915
A10: 2 | B10: Kyaung Twin(W) | C10: 2421 | D10: 1155 | E10: 1266
B11: Village Tract | C11: =SUM(C12:C42) -> 48077 | D11: =SUM(D12:D42) -> 23191 | E11: =SUM(E12:E42) -> 24886
A12: 1 | B12: Nei Zaw(VT) | C12: 517 | D12: 250 | E12: 267
A13: 2 | B13: Pin U(VT) | C13: 4082 | D13: 2008 | E13: 2074
A14: 3 | B14: Oe Myay Htwin(VT) | C14: 454 | D14: 199 | E14: 255
A15: 4 | B15: Si Thar(VT) | C15: 785 | D15: 370 | E15: 415
A16: 5 | B16: Thar Yar Kone(VT) | C16: 4997 | D16: 2453 | E16: 2544
A17: 6 | B17: Chaung Hpyu(VT) | C17: 1698 | D17: 787 | E17: 911
A18: 7 | B18: Min Lwin(VT) | C18: 1693 | D18: 817 | E18: 876
A19: 8 | B19: Kyaung Kone(VT) | C19: 1188 | D19: 568 | E19: 620
A20: 9 | B20: Shauk Taung(VT) | C20: 2808 | D20: 1416 | E20: 1392
A21: 10 | B21: Pay Kone(VT) | C21: 931 | D21: 445 | E21: 486
A22: 11 | B22: Paung Ka Lay(VT) | C22: 1203 | D22: 590 | E22: 613
A23: 12 | B23: Pan Tein(VT) | C23: 2457 | D23: 1213 | E23: 1244
... A42: 31 | B42: Pa Be(VT) | C42: 830 | D42: 411 | E42: 419

Sheet Salin
A1: Magway Region, Minbu District, Salin Township
E2: 29-3-2014
A4: Sr | B4: Ward/Village Tract | C4: Population
C5: Total | D5: Male | E5: Female
B6: Total | C6: =C8+C15 -> 236033 | D6: =D8+D15 -> 108725 | E6: =E8+E15 -> 127308
B8: Ward | C8: =SUM(C9:C14) -> 12158 | D8: =SUM(D9:D14) -> 5571 | E8: =SUM(E9:E14) -> 6587
A9: 1 | B9: Paung Pin Zin(W) | C9: 1722 | D9: 776 | E9: 946
A10: 2 | B10: Zay Ma(W) | C10: 1685 | D10: 771 | E10: 914
A11: 3 | B11: Paung Nar(W) | C11: 2987 | D11: 1424 | E11: 1563
A12: 4 | B12: Kyaung Kyar(W) | C12: 1237 | D12: 558 | E12: 679
A13: 5 | B13: Pu Htoe Hpyu(W) | C13: 1295 | D13: 571 | E13: 724
A14: 6 | B14: Myin Tin(W) | C14: 3232 | D14: 1471 | E14: 1761
B15: Village Tract | C15: =SUM(C16:C117) -> 223875 | D15: =SUM(D16:D117) -> 103154 | E15: =SUM(E16:E117) -> 120721
A16: 1 | B16: Nga Than Khaung(VT) | C16: 2609 | D16: 1217 | E16: 1392
A17: 2 | B17: Auk Hlaing(VT) | C17: 3168 | D17: 1500 | E17: 1668
A18: 3 | B18: Gway Pin Zin(VT) | C18: 1583 | D18: 752 | E18: 831
A19: 4 | B19: Ku Hpyu(VT) | C19: 1248 | D19: 597 | E19: 651
A20: 5 | B20: Ah Nauk Kan Baung(VT) | C20: 1624 | D20: 770 | E20: 854
A21: 6 | B21: Kyo Wun(VT) | C21: 4881 | D21: 2306 | E21: 2575
A22: 7 | B22: Let Me(VT) | C22: 1804 | D22: 839 | E22: 965
A23: 8 | B23: Sin Kyone(VT) | C23: 2582 | D23: 1182 | E23: 1400
A24: 9 | B24: Za Yat Hla(VT) | C24: 983 | D24: 466 | E24: 517
A25: 10 | B25: Shan Su(VT) | C25: 2851 | D25: 1284 | E25: 1567
A26: 11 | B26: Ta Mar Chaung(VT) | C26: 1226 | D26: 554 | E26: 672
A27: 12 | B27: Taw Seint(VT) | C27: 4685 | D27: 2208 | E27: 2477
... A117: 102 | B117: Sin Hpyu Kyun (2)(VT) | C117: 2817 | D117: 1200 | E117: 1617

Sheet Saytottara
A1: Magway Region, Minbu District, Saytottara Township
E2: 29-3-2014
A4: Sr | B4: Ward/Village Tract | C4: Population
C5: Total | D5: Male | E5: Female
B6: Total | C6: 47526 | D6: 23338 | E6: 24188
B8: Ward | C8: =SUM(C9:C10) -> 6514 | D8: =SUM(D9:D10) -> 3222 | E8: =SUM(E9:E10) -> 3292
A9: 1 | B9: No (1)(W) | C9: 1965 | D9: 874 | E9: 1091
A10: 2 | B10: No (2)(W) | C10: 4549 | D10: 2348 | E10: 2201
B11: Village Tract | C11: =SUM(C12:C57) -> 41012 | D11: =SUM(D12:D57) -> 20116 | E11: =SUM(E12:E57) -> 20896
A12: 1 | B12: Hpyin Gyi(VT) | C12: 390 | D12: 186 | E12: 204
A13: 2 | B13: Sin Chaung(VT) | C13: 488 | D13: 248 | E13: 240
A14: 3 | B14: Ah Paw(VT) | C14: 519 | D14: 259 | E14: 260
A15: 4 | B15: Lone Gyi(VT) | C15: 603 | D15: 286 | E15: 317
A16: 5 | B16: Let Pan Kyin(VT) | C16: 872 | D16: 397 | E16: 475
A17: 6 | B17: Ah Kyi(VT) | C17: 554 | D17: 249 | E17: 305
A18: 7 | B18: Ta Pwin(VT) | C18: 765 | D18: 345 | E18: 420
A19: 8 | B19: Dway Kyin(VT) | C19: 878 | D19: 415 | E19: 463
A20: 9 | B20: Nat Gyi(VT) | C20: 1726 | D20: 853 | E20: 873
A21: 10 | B21: Pan Ei Hnyar(VT) | C21: 320 | D21: 152 | E21: 168
A22: 11 | B22: Pan Ei(VT) | C22: 1238 | D22: 603 | E22: 635
A23: 12 | B23: Bu(VT) | C23: 1515 | D23: 708 | E23: 807
... A57: 46 | B57: Don Chaung(VT) | C57: 1673 | D57: 852 | E57: 821

Sheet Thayet
A1: Magway Region,Thayet District, Thayet Township
E2: 29-3-2014
A4: Sr | B4: Ward/Village Tract | C4: Population
C5: Total | D5: Male | E5: Female
B6: Total | C6: =SUM(C8+C17) -> 104347 | D6: =SUM(D8+D17) -> 49385 | E6: =SUM(E8+E17) -> 54962
B8: Ward | C8: =SUM(C9:C16) -> 20251 | D8: =SUM(D9:D16) -> 9403 | E8: =SUM(E9:E16) -> 10848
A9: 1 | B9: Yone/No(1)(W) | C9: 1344 | D9: 654 | E9: 690
A10: 2 | B10: Shwe Bon Thar/No(2)(W) | C10: 879 | D10: 356 | E10: 523
A11: 3 | B11: Zay/No(3)(W) | C11: 949 | D11: 412 | E11: 537
A12: 4 | B12: South Min Tee/No(4)(W) | C12: 3645 | D12: 1672 | E12: 1973
A13: 5 | B13: North Min Tee/No(5)(W) | C13: 814 | D13: 350 | E13: 464
A14: 6 | B14: Pyi Taw Aye/No(6)(W) | C14: 4860 | D14: 2177 | E14: 2683
A15: 7 | B15: Anouth Yat Taung Pine/No(7)(W) | C15: 4066 | D15: 1755 | E15: 2311
A16: 8 | B16: Anouth Yat Myaut Pine/No(8)(W) | C16: 3694 | D16: 2027 | E16: 1667
B17: Village Tract | C17: =SUM(C18:C70) -> 84096 | D17: =SUM(D18:D70) -> 39982 | E17: =SUM(E18:E70) -> 44114
A18: 1 | B18: Yae Myet(VT) | C18: 1401 | D18: 674 | E18: 727
A19: 2 | B19: Shwe Pan Kaing(VT) | C19: 2711 | D19: 1219 | E19: 1492
A20: 3 | B20: Ah Lat Lel(VT) | C20: 2157 | D20: 987 | E20: 1170
A21: 4 | B21: Gon Ma Ni(VT) | C21: 1346 | D21: 638 | E21: 708
A22: 5 | B22: Tat(VT) | C22: 948 | D22: 435 | E22: 513
A23: 6 | B23: Nyaung Ywar Nge(VT) | C23: 2354 | D23: 1081 | E23: 1273
A24: 7 | B24: Ohn Mun Taw(VT) | C24: 1240 | D24: 602 | E24: 638
A25: 8 | B25: Pun Gyi(VT) | C25: 1559 | D25: 715 | E25: 844
A26: 9 | B26: Htee Yoe(VT) | C26: 1203 | D26: 534 | E26: 669
A27: 10 | B27: Moe Nat Kone(VT) | C27: 1172 | D27: 551 | E27: 621
A28: 11 | B28: Baw(VT) | C28: 840 | D28: 406 | E28: 434
A29: 12 | B29: San Lel(VT) | C29: 1435 | D29: 658 | E29: 777
... A70: 53 | B70: Taw Myin Thar(VT) | C70: 258 | D70: 120 | E70: 138

Sheet Minhla
A1: Magway Region,Thayet District, Minhla Township
E2: 29-3-2014
A4: Sr | B4: Ward/Village Tract | C4: Population
C5: Total | D5: Male | E5: Female
B6: Total | C6: 146082 | D6: 73133 | E6: 72949
B8: Ward | C8: =SUM(C9:C14) -> 12510 | D8: =SUM(D9:D14) -> 5892 | E8: =SUM(E9:E14) -> 6618
A9: 1 | B9: NO1.Myauk(W) | C9: 1860 | D9: 907 | E9: 953
A10: 2 | B10: No2.Myo Ma(W) | C10: 794 | D10: 348 | E10: 446
A11: 3 | B11: No3.Taung(W) | C11: 1276 | D11: 598 | E11: 678
A12: 4 | B12: No4.Kwet Thit(W) | C12: 896 | D12: 395 | E12: 501
A13: 5 | B13: No5.Yone(North)(W) | C13: 4070 | D13: 1961 | E13: 2109
A14: 6 | B14: No6.Yone(South)(W) | C14: 3614 | D14: 1683 | E14: 1931
B15: Village Tract | C15: =SUM(C16:C78) -> 133572 | D15: =SUM(D16:D78) -> 67241 | E15: =SUM(E16:E78) -> 66331
A16: 1 | B16: Ywar Taw(VT) | C16: 5148 | D16: 2467 | E16: 2681
A17: 2 | B17: Nyaung Pin Thar(VT) | C17: 1073 | D17: 506 | E17: 567
A18: 3 | B18: Kone Gyi(VT) | C18: 4193 | D18: 2117 | E18: 2076
A19: 4 | B19: Ma Lun(VT) | C19: 7319 | D19: 3488 | E19: 3831
A20: 5 | B20: Le Pin Kyin(VT) | C20: 619 | D20: 284 | E20: 335
A21: 6 | B21: Tha Pyay Taw(VT) | C21: 1881 | D21: 902 | E21: 979
A22: 7 | B22: Pay Taw (Kan Nar)(VT) | C22: 2507 | D22: 1168 | E22: 1339
A23: 8 | B23: Yae Khar(VT) | C23: 845 | D23: 383 | E23: 462
A24: 9 | B24: Htan Kaing(VT) | C24: 8055 | D24: 4836 | E24: 3219
A25: 10 | B25: Taung U(VT) | C25: 2818 | D25: 1374 | E25: 1444
A26: 11 | B26: Pan Taw Pyin(VT) | C26: 3958 | D26: 1869 | E26: 2089
A27: 12 | B27: Sit Sa Noet(VT) | C27: 930 | D27: 500 | E27: 430
... A78: 63 | B78: Ka Daung Kyin(VT) | C78: 326 | D78: 161 | E78: 165

Sheet Mindon
A1: Magway Region,Thayet District, Mindon Township
E2: 29-3-2014
A4: Sr | B4: Ward/Village Tract | C4: Population
C5: Total | D5: Male | E5: Female
B6: Total | C6: 59357 | D6: 27961 | E6: 31396
B8: Ward | C8: =SUM(C9:C12) -> 4594 | D8: =SUM(D9:D12) -> 2112 | E8: =SUM(E9:E12) -> 2482
A9: 1 | B9: No (1)(W) | C9: 531 | D9: 228 | E9: 303
A10: 2 | B10: No (2)(W) | C10: 1030 | D10: 471 | E10: 559
A11: 3 | B11: No (3)(W) | C11: 1173 | D11: 536 | E11: 637
A12: 4 | B12: No (4)(W) | C12: 1860 | D12: 877 | E12: 983
B13: Village Tract | C13: =SUM(C14:C85) -> 54763 | D13: =SUM(D14:D85) -> 25849 | E13: =SUM(E14:E85) -> 28914
A14: 1 | B14: Min Ga Lar U(VT) | C14: 212 | D14: 90 | E14: 122
A15: 2 | B15: Ta Dar(VT) | C15: 1750 | D15: 770 | E15: 980
A16: 3 | B16: Min Ywar Kaing(VT) | C16: 353 | D16: 164 | E16: 189
A17: 4 | B17: Bu Taung(VT) | C17: 918 | D17: 429 | E17: 489
A18: 5 | B18: Kaing Nge(VT) | C18: 414 | D18: 169 | E18: 245
A19: 6 | B19: Tha Nyan(VT) | C19: 202 | D19: 99 | E19: 103
A20: 7 | B20: Pan Tone(VT) | C20: 513 | D20: 223 | E20: 290
A21: 8 | B21: Htauk Yit(VT) | C21: 561 | D21: 268 | E21: 293
A22: 9 | B22: Pauk Kaing(VT) | C22: 1346 | D22: 610 | E22: 736
A23: 10 | B23: Ku Hpyu(VT) | C23: 1050 | D23: 495 | E23: 555
A24: 11 | B24: Pyaung Pyar(VT) | C24: 1043 | D24: 465 | E24: 578
A25: 12 | B25: Pay Taw(VT) | C25: 239 | D25: 112 | E25: 127
... A85: 72 | B85: Tan (Tha Yet Chin)(VT) | C85: 1165 | D85: 583 | E85: 582

Sheet Kamma
A1: Magway Region,Thayet District, Kamma Township
E2: 29-3-2014
A4: Sr | B4: Ward/Village Tract | C4: Population
C5: Total | D5: Male | E5: Female
B6: Total | C6: 75195 | D6: 35854 | E6: 39341
B8: Ward | C8: =SUM(C9:C12) -> 5202 | D8: =SUM(D9:D12) -> 2417 | E8: =SUM(E9:E12) -> 2785
A9: 1 | B9: No (1)(W) | C9: 1571 | D9: 762 | E9: 809
A10: 2 | B10: No (2)(W) | C10: 1438 | D10: 663 | E10: 775
A11: 3 | B11: No (3)(W) | C11: 794 | D11: 366 | E11: 428
A12: 4 | B12: No (4)(W) | C12: 1399 | D12: 626 | E12: 773
B13: Village Tract | C13: =SUM(C14:C65) -> 69993 | D13: =SUM(D14:D65) -> 33437 | E13: =SUM(E14:E65) -> 36556
A14: 1 | B14: Zee Taw(VT) | C14: 483 | D14: 205 | E14: 278
A15: 2 | B15: Sa Bai Chon(VT) | C15: 1125 | D15: 527 | E15: 598
A16: 3 | B16: Ka Du Pyin(VT) | C16: 949 | D16: 452 | E16: 497
A17: 4 | B17: Ah Lel(VT) | C17: 1293 | D17: 631 | E17: 662
A18: 5 | B18: Pya Aung(VT) | C18: 990 | D18: 458 | E18: 532
A19: 6 | B19: Pyin Htaung(VT) | C19: 1325 | D19: 649 | E19: 676
A20: 7 | B20: Kyoet Pin(VT) | C20: 3051 | D20: 1526 | E20: 1525
A21: 8 | B21: Mone Dar(VT) | C21: 981 | D21: 491 | E21: 490
A22: 9 | B22: Thar Zi(VT) | C22: 1751 | D22: 872 | E22: 879
A23: 10 | B23: Tha Yet Chaung(VT) | C23: 853 | D23: 450 | E23: 403
A24: 11 | B24: Si(VT) | C24: 1486 | D24: 691 | E24: 795
A25: 12 | B25: Hpa Yon Hla(VT) | C25: 688 | D25: 350 | E25: 338
... A65: 52 | B65: Kyun Ka Lay(VT) | C65: 1687 | D65: 803 | E65: 884

Sheet Aunglan
A1: Magway Region,Thayet District, Aunglan Township
E2: 29-3-2014
A4: Sr | B4: Ward/Village Tract | C4: Population
C5: Total | D5: Male | E5: Female
B6: Total | C6: 235222 | D6: 111765 | E6: 123457
B8: Ward | C8: =SUM(C9:C17) -> 52487 | D8: =SUM(D9:D17) -> 24632 | E8: =SUM(E9:E17) -> 27855
A9: 1 | B9: Ma Gyi Kone(W) | C9: 4766 | D9: 2269 | E9: 2497
A10: 2 | B10: Zay Kone(W) | C10: 3266 | D10: 1570 | E10: 1696
A11: 3 | B11: Tha Yet Taw(W) | C11: 2844 | D11: 1294 | E11: 1550
A12: 4 | B12: Kan Gyi(W) | C12: 1761 | D12: 785 | E12: 976
A13: 5 | B13: Zay Ya Wa Di(W) | C13: 5793 | D13: 2717 | E13: 3076
A14: 6 | B14: Ta Yaw Kone(W) | C14: 5299 | D14: 2413 | E14: 2886
A15: 7 | B15: San Chaung(W) | C15: 7728 | D15: 3752 | E15: 3976
A16: 8 | B16: Set Yon(W) | C16: 10963 | D16: 5121 | E16: 5842
A17: 9 | B17: Ywa htaung(W) | C17: 10067 | D17: 4711 | E17: 5356
B18: Village Tract | C18: =SUM(C19:C109) -> 182735 | D18: =SUM(D19:D109) -> 87133 | E18: =SUM(E19:E109) -> 95602
A19: 1 | B19: Inn Kone(VT) | C19: 2922 | D19: 1365 | E19: 1557
A20: 2 | B20: Than(VT) | C20: 2616 | D20: 1206 | E20: 1410
A21: 3 | B21: Pi Tauk Kone(VT) | C21: 1716 | D21: 821 | E21: 895
A22: 4 | B22: Moe Hpone(VT) | C22: 2440 | D22: 1147 | E22: 1293
A23: 5 | B23: Ywar Pyin(VT) | C23: 1827 | D23: 848 | E23: 979
A24: 6 | B24: Shwe Nyaung Pin(VT) | C24: 3265 | D24: 1582 | E24: 1683
A25: 7 | B25: Moe Kaung(VT) | C25: 2379 | D25: 1105 | E25: 1274
A26: 8 | B26: Sit Aung(VT) | C26: 2764 | D26: 1285 | E26: 1479
A27: 9 | B27: Yae Nan Gyi(VT) | C27: 1658 | D27: 780 | E27: 878
A28: 10 | B28: Mauk Tin(VT) | C28: 2763 | D28: 1306 | E28: 1457
A29: 11 | B29: Ta Loke Chaung(VT) | C29: 1259 | D29: 609 | E29: 650
A30: 12 | B30: Myo Thit(VT) | C30: 2083 | D30: 1025 | E30: 1058
... A109: 91 | B109: Khoke Chaung(VT) | C109: 1726 | D109: 873 | E109: 853

Sheet Sinpaungwe`
A1: Magway Region,Thayet District, Sinpaungwe` Township
E2: 29-3-2014
A4: Sr | B4: Ward/Village Tract | C4: Population
C5: Total | D5: Male | E5: Female
B6: Total | C6: 117844 | D6: 55789 | E6: 62055
B8: Ward | C8: =SUM(C9:C11) -> 5089 | D8: =SUM(D9:D11) -> 2354 | E8: =SUM(E9:E11) -> 2735
A9: 1 | B9: No (1)(W) | C9: 1323 | D9: 603 | E9: 720
A10: 2 | B10: No (2)(W) | C10: 1367 | D10: 624 | E10: 743
A11: 3 | B11: No (3)(W) | C11: 2399 | D11: 1127 | E11: 1272
B12: Village Tract | C12: =SUM(C13:C58) -> 112755 | D12: =SUM(D13:D58) -> 53435 | E12: =SUM(E13:E58) -> 59320
A13: 1 | B13: Kyun(VT) | C13: 1838 | D13: 877 | E13: 961
A14: 2 | B14: Lel Kyoe(VT) | C14: 1435 | D14: 645 | E14: 790
A15: 3 | B15: Nyan Taw Inn(VT) | C15: 1123 | D15: 539 | E15: 584
A16: 4 | B16: Ma Gyi Kone(VT) | C16: 2318 | D16: 1083 | E16: 1235
A17: 5 | B17: War Ri(VT) | C17: 2146 | D17: 1014 | E17: 1132
A18: 6 | B18: Sar Ra Pay(VT) | C18: 1243 | D18: 597 | E18: 646
A19: 7 | B19: Baw Myint(VT) | C19: 3890 | D19: 1887 | E19: 2003
A20: 8 | B20: Kyauk Saung San(VT) | C20: 4227 | D20: 1962 | E20: 2265
A21: 9 | B21: Htauk Ma(VT) | C21: 1890 | D21: 909 | E21: 981
A22: 10 | B22: Kyar Inn(VT) | C22: 1955 | D22: 886 | E22: 1069
A23: 11 | B23: Kyauk Chet(VT) | C23: 1305 | D23: 573 | E23: 732
A24: 12 | B24: Hmun Nyaung Pin Thar(VT) | C24: 1545 | D24: 732 | E24: 813
... A58: 46 | B58: Let Pan Ngu(VT) | C58: 1661 | D58: 722 | E58: 939

Sheet Pakokku
A1: Magway Region, Pakokku District, Pakokku Township
E2: 29-3-2014
A4: Sr | B4: Ward/Village Tract | C4: Population
C5: Total | D5: Male | E5: Female
B6: Total | C6: 290139 | D6: 130741 | E6: 159398
B8: Ward | C8: =SUM(C9:C23) -> 90842 | D8: =SUM(D9:D23) -> 41225 | E8: =SUM(E9:E23) -> 49617
A9: 1 | B9: No (1)(W) | C9: 6758 | D9: 3377 | E9: 3381
A10: 2 | B10: No (2)(W) | C10: 3372 | D10: 1407 | E10: 1965
A11: 3 | B11: No (3)(W) | C11: 12515 | D11: 5367 | E11: 7148
A12: 4 | B12: No (4)(W) | C12: 3354 | D12: 1382 | E12: 1972
A13: 5 | B13: No (5)(W) | C13: 6241 | D13: 2761 | E13: 3480
A14: 6 | B14: No (6)(W) | C14: 6064 | D14: 2718 | E14: 3346
A15: 7 | B15: No (7)(W) | C15: 2855 | D15: 1240 | E15: 1615
A16: 8 | B16: No (8)(W) | C16: 2794 | D16: 1273 | E16: 1521
A17: 9 | B17: No (9)(W) | C17: 3053 | D17: 1305 | E17: 1748
A18: 10 | B18: No (10)(W) | C18: 2903 | D18: 1470 | E18: 1433
A19: 11 | B19: No (11)(W) | C19: 10240 | D19: 4616 | E19: 5624
A20: 12 | B20: No (12)(W) | C20: 3587 | D20: 1667 | E20: 1920
... A23: 15 | B23: No (15)(W) | C23: 14549 | D23: 6660 | E23: 7889
B24: Village Tract | C24: =SUM(C25:C79) -> 199297 | D24: =SUM(D25:D79) -> 89516 | E24: =SUM(E25:E79) -> 109781
A25: 1 | B25: Kan Taw(VT) | C25: 3211 | D25: 1456 | E25: 1755
A26: 2 | B26: Kan Hla(VT) | C26: 1754 | D26: 803 | E26: 951
A27: 3 | B27: Kamma(VT) | C27: 10617 | D27: 4788 | E27: 5829
A28: 4 | B28: Ma Gyi Thone Pin(VT) | C28: 2115 | D28: 970 | E28: 1145
A29: 5 | B29: Kaing(VT) | C29: 3036 | D29: 1285 | E29: 1751
A30: 6 | B30: Kan Yat Gyi(VT) | C30: 2349 | D30: 1017 | E30: 1332
A31: 7 | B31: Koke Ko Hla(VT) | C31: 6274 | D31: 3036 | E31: 3238
A32: 8 | B32: Ku(VT) | C32: 1974 | D32: 846 | E32: 1128
A33: 9 | B33: Kun(VT) | C33: 6575 | D33: 3000 | E33: 3575
A34: 10 | B34: Kyee(VT) | C34: 2518 | D34: 1099 | E34: 1419
A35: 11 | B35: Kyar Kyun (Kyun Ka Lay)(VT) | C35: 296 | D35: 148 | E35: 148
A36: 12 | B36: Kyun Nyo Gyi(VT) | C36: 2988 | D36: 1287 | E36: 1701
... A79: 55 | B79: Tha Yet Taw(VT) | C79: 6922 | D79: 3010 | E79: 3912

Sheet Yesagyo
A1: Magway Region, Pakokku District, Yesagyo Township
E2: 29-3-2014
A4: Sr | B4: Ward/Village Tract | C4: Population
C5: Total | D5: Male | E5: Female
B6: Total | C6: 215352 | D6: 94353 | E6: 120999
B8: Ward | C8: =SUM(C9:C16) -> 23329 | D8: =SUM(D9:D16) -> 10471 | E8: =SUM(E9:E16) -> 12858
A9: 1 | B9: No (1)(W) | C9: 4379 | D9: 1981 | E9: 2398
A10: 2 | B10: No (2)(W) | C10: 3142 | D10: 1426 | E10: 1716
A11: 3 | B11: No (3)(W) | C11: 1073 | D11: 513 | E11: 560
A12: 4 | B12: No (4)(W) | C12: 1064 | D12: 450 | E12: 614
A13: 5 | B13: No (5)(W) | C13: 1335 | D13: 586 | E13: 749
A14: 6 | B14: No (6)(W) | C14: 2698 | D14: 1228 | E14: 1470
A15: 7 | B15: No (7)(W) | C15: 4602 | D15: 2049 | E15: 2553
A16: 8 | B16: No (8)(W) | C16: 5036 | D16: 2238 | E16: 2798
B17: Village Tract | C17: =SUM(C18:C98) -> 192023 | D17: =SUM(D18:D98) -> 83882 | E17: =SUM(E18:E98) -> 108141
A18: 1 | B18: Kaing(VT) | C18: 861 | D18: 378 | E18: 483
A19: 2 | B19: Kan Hpyu(VT) | C19: 3322 | D19: 1440 | E19: 1882
A20: 3 | B20: Kan Beit(VT) | C20: 432 | D20: 200 | E20: 232
A21: 4 | B21: Kan Thit(VT) | C21: 2085 | D21: 943 | E21: 1142
A22: 5 | B22: Koke Ko Su(VT) | C22: 909 | D22: 406 | E22: 503
A23: 6 | B23: Kyet Su Kyin(VT) | C23: 885 | D23: 355 | E23: 530
A24: 7 | B24: Kan U(VT) | C24: 1357 | D24: 622 | E24: 735
A25: 8 | B25: Khway Hmyoke(VT) | C25: 1241 | D25: 514 | E25: 727
A26: 9 | B26: Gway Gon(VT) | C26: 3226 | D26: 1414 | E26: 1812
A27: 10 | B27: Nga Ta Yaw(VT) | C27: 2093 | D27: 968 | E27: 1125
A28: 11 | B28: Sint Kaing(VT) | C28: 1626 | D28: 766 | E28: 860
A29: 12 | B29: Sin Chay Yar(VT) | C29: 2890 | D29: 1269 | E29: 1621
... A98: 81 | B98: Kyee Kan(VT) | C98: 2313 | D98: 1062 | E98: 1251

Sheet Myaing
A1: Magway Region, Pakokku District, Myaing Township
E2: 29-3-2014
A4: Sr | B4: Ward/Village Tract | C4: Population
C5: Total | D5: Male | E5: Female
B6: Total | C6: 225771 | D6: 100854 | E6: 124917
B8: Ward | C8: =SUM(C9:C11) -> 7706 | D8: =SUM(D9:D11) -> 3486 | E8: =SUM(E9:E11) -> 4220
A9: 1 | B9: No (1)(W) | C9: 2846 | D9: 1268 | E9: 1578
A10: 2 | B10: No (2)(W) | C10: 1770 | D10: 812 | E10: 958
A11: 3 | B11: No (3)(W) | C11: 3090 | D11: 1406 | E11: 1684
B12: Village Tract | C12: =SUM(C13:C93) -> 218065 | D12: =SUM(D13:D93) -> 97368 | E12: =SUM(E13:E93) -> 120697
A13: 1 | B13: Thet Kei Kan(VT) | C13: 2221 | D13: 996 | E13: 1225
A14: 2 | B14: Inn Yaung(VT) | C14: 1000 | D14: 459 | E14: 541
A15: 3 | B15: Htan Bu Taw(VT) | C15: 791 | D15: 355 | E15: 436
A16: 4 | B16: Kan Tein(VT) | C16: 2034 | D16: 899 | E16: 1135
A17: 5 | B17: Kyan Seint(VT) | C17: 1001 | D17: 447 | E17: 554
A18: 6 | B18: Kyauk Sauk(VT) | C18: 2445 | D18: 1072 | E18: 1373
A19: 7 | B19: Myo Thar(VT) | C19: 1242 | D19: 534 | E19: 708
A20: 8 | B20: Sa Bay(VT) | C20: 941 | D20: 349 | E20: 592
A21: 9 | B21: Seik Sin(VT) | C21: 3670 | D21: 1549 | E21: 2121
A22: 10 | B22: Da Hat Chauk(VT) | C22: 2296 | D22: 1061 | E22: 1235
A23: 11 | B23: Hnaw Pin(VT) | C23: 2425 | D23: 1082 | E23: 1343
A24: 12 | B24: Mon Hnyin(VT) | C24: 2624 | D24: 1156 | E24: 1468
... A93: 81 | B93: Thin Paung Kan(VT) | C93: 700 | D93: 316 | E93: 384

Sheet Pauk
A1: Magway Region, Pakokku District, Pauk Township
E2: 29-3-2014
A4: Sr | B4: Ward/Village Tract | C4: Population
C5: Total | D5: Male | E5: Female
B6: Total | C6: 171514 | D6: 79030 | E6: 92484
B8: Ward | C8: =SUM(C9:C12) -> 7286 | D8: =SUM(D9:D12) -> 3255 | E8: =SUM(E9:E12) -> 4031
A9: 1 | B9: Aung Ta Khon(W) | C9: 3102 | D9: 1441 | E9: 1661
A10: 2 | B10: Aung Taw Mu(W) | C10: 1406 | D10: 598 | E10: 808
A11: 3 | B11: Aung Chan Thar(W) | C11: 1436 | D11: 610 | E11: 826
A12: 4 | B12: Shwe Pauk Pin(W) | C12: 1342 | D12: 606 | E12: 736
B13: Village Tract | C13: =SUM(C14:C81) -> 164228 | D13: =SUM(D14:D81) -> 75775 | E13: =SUM(E14:E81) -> 88453
A14: 1 | B14: Htan Ta Pin(VT) | C14: 2212 | D14: 1018 | E14: 1194
A15: 2 | B15: Aingt Kaing(VT) | C15: 2598 | D15: 1217 | E15: 1381
A16: 3 | B16: Than Pu Yar Aint(VT) | C16: 2888 | D16: 1306 | E16: 1582
A17: 4 | B17: Hpa Yar Taung(VT) | C17: 1772 | D17: 875 | E17: 897
A18: 5 | B18: Dee Doke Kwin(VT) | C18: 2380 | D18: 1093 | E18: 1287
A19: 6 | B19: Boe Hpyu Lone Kan(VT) | C19: 2672 | D19: 1246 | E19: 1426
A20: 7 | B20: Khin Shey(VT) | C20: 2436 | D20: 1076 | E20: 1360
A21: 8 | B21: Tei Pin Kan(VT) | C21: 501 | D21: 236 | E21: 265
A22: 9 | B22: Taung Myint(VT) | C22: 4805 | D22: 2155 | E22: 2650
A23: 10 | B23: Zee Hpyu Kone(VT) | C23: 429 | D23: 195 | E23: 234
A24: 11 | B24: Te Taw Yar(VT) | C24: 2602 | D24: 1192 | E24: 1410
A25: 12 | B25: Chaung Nar(VT) | C25: 1103 | D25: 458 | E25: 645
... A81: 68 | B81: Forest EA | C81: 4092 | D81: 2100 | E81: 1992

Sheet Seikphyu
A1: Magway Region, Pakokku District, Seikphyu Township
E2: 29-3-2014
A4: Sr | B4: Ward/Village Tract | C4: Population
C5: Total | D5: Male | E5: Female
B6: Total | C6: 102769 | D6: 46909 | E6: 55860
B8: Ward | C8: =SUM(C9:C12) -> 9081 | D8: =SUM(D9:D12) -> 4063 | E8: =SUM(E9:E12) -> 5018
A9: 1 | B9: Ah Nauk Paing(W) | C9: 3750 | D9: 1702 | E9: 2048
A10: 2 | B10: Ah Lel Paing(W) | C10: 1814 | D10: 825 | E10: 989
A11: 3 | B11: Yaw Wa(W) | C11: 1811 | D11: 803 | E11: 1008
A12: 4 | B12: Ywar Thit(W) | C12: 1706 | D12: 733 | E12: 973
B13: Village Tract | C13: =SUM(C14:C55) -> 93688 | D13: =SUM(D14:D55) -> 42846 | E13: =SUM(E14:E55) -> 50842
A14: 1 | B14: Koe Taunt(VT) | C14: 3261 | D14: 1449 | E14: 1812
A15: 2 | B15: Kan Bar Gyi(VT) | C15: 1177 | D15: 539 | E15: 638
A16: 3 | B16: Chin Taung(VT) | C16: 2926 | D16: 1284 | E16: 1642
A17: 4 | B17: Myin Ka Wa(VT) | C17: 2905 | D17: 1267 | E17: 1638
A18: 5 | B18: Te Gyi(VT) | C18: 1573 | D18: 699 | E18: 874
A19: 6 | B19: Htein Kan(VT) | C19: 2497 | D19: 1095 | E19: 1402
A20: 7 | B20: Myay Kyan Taw(VT) | C20: 1326 | D20: 619 | E20: 707
A21: 8 | B21: Chaung Ma Gyi(VT) | C21: 3680 | D21: 1637 | E21: 2043
A22: 9 | B22: Gway Pin(VT) | C22: 2834 | D22: 1300 | E22: 1534
A23: 10 | B23: Pin Ta Le(VT) | C23: 1445 | D23: 660 | E23: 785
A24: 11 | B24: Daw Thar(VT) | C24: 1644 | D24: 779 | E24: 865
A25: 12 | B25: Pay Taw(VT) | C25: 1803 | D25: 849 | E25: 954
... A55: 42 | B55: Nyaung Ni Chaung(VT) | C55: 942 | D55: 404 | E55: 538

Sheet Gangaw
A1: Magway Region, Gangaw District, Gangaw Township
E2: 29-3-2014
A4: Sr | B4: Ward/Village Tract | C4: Population
C5: Total | D5: Male | E5: Female
B6: Total | C6: 133295 | D6: 63420 | E6: 69875
B8: Ward | C8: =SUM(C9:C12) -> 13939 | D8: =SUM(D9:D12) -> 6449 | E8: =SUM(E9:E12) -> 7490
A9: 1 | B9: Myauk Kone(W) | C9: 4848 | D9: 2326 | E9: 2522
A10: 2 | B10: Si Pin Thar Yar(W) | C10: 2263 | D10: 1051 | E10: 1212
A11: 3 | B11: Myo Ma(W) | C11: 3004 | D11: 1317 | E11: 1687
A12: 4 | B12: Kyaw Taik(W) | C12: 3824 | D12: 1755 | E12: 2069
B13: Village Tract | C13: =SUM(C14:C84) -> 119356 | D13: =SUM(D14:D84) -> 56971 | E13: =SUM(E14:E84) -> 62385
A14: 1 | B14: Ma Kyi Khin(VT) | C14: 314 | D14: 128 | E14: 186
A15: 2 | B15: Taung Pyin(VT) | C15: 448 | D15: 203 | E15: 245
A16: 3 | B16: Zee Pyar(VT) | C16: 1243 | D16: 573 | E16: 670
A17: 4 | B17: Za Haw(VT) | C17: 2671 | D17: 1191 | E17: 1480
A18: 5 | B18: Lon Haw(VT) | C18: 848 | D18: 392 | E18: 456
A19: 6 | B19: Pyit Ma(VT) | C19: 1149 | D19: 600 | E19: 549
A20: 7 | B20: Lel Ma(VT) | C20: 2319 | D20: 1162 | E20: 1157
A21: 8 | B21: Aung Myin(VT) | C21: 552 | D21: 247 | E21: 305
A22: 9 | B22: Kyaw(VT) | C22: 1294 | D22: 616 | E22: 678
A23: 10 | B23: Myin Zar(VT) | C23: 1312 | D23: 611 | E23: 701
A24: 11 | B24: Kyun Dat(VT) | C24: 782 | D24: 372 | E24: 410
A25: 12 | B25: Pyar(VT) | C25: 1397 | D25: 649 | E25: 748
... A84: 71 | B84: Kyet Yoe(VT) | C84: 1778 | D84: 858 | E84: 920

Sheet Htilin
A1: Magway Region, Gangaw District, Htilin Township
E2: 29-3-2014
A4: Sr | B4: Ward/Village Tract | C4: Population
C5: Total | D5: Male | E5: Female
B6: Total | C6: 48866 | D6: 22859 | E6: 26007
B8: Ward | C8: =SUM(C9:C10) -> 4522 | D8: =SUM(D9:D10) -> 2084 | E8: =SUM(E9:E10) -> 2438
A9: 1 | B9: No (1)(W) | C9: 1808 | D9: 837 | E9: 971
A10: 2 | B10: No (2)(W) | C10: 2714 | D10: 1247 | E10: 1467
B11: Village Tract | C11: =SUM(C12:C82) -> 44344 | D11: =SUM(D12:D82) -> 20775 | E11: =SUM(E12:E82) -> 23569
A12: 1 | B12: Ah Nyar Ban(VT) | C12: 536 | D12: 239 | E12: 297
A13: 2 | B13: Kyar Khe(VT) | C13: 526 | D13: 248 | E13: 278
A14: 3 | B14: Hta Lin(VT) | C14: 965 | D14: 443 | E14: 522
A15: 4 | B15: Lone Paung(VT) | C15: 182 | D15: 74 | E15: 108
A16: 5 | B16: Soet Pyar(VT) | C16: 1157 | D16: 538 | E16: 619
A17: 6 | B17: Ah Lel Ban(VT) | C17: 476 | D17: 217 | E17: 259
A18: 7 | B18: Pyin Pa(VT) | C18: 865 | D18: 381 | E18: 484
A19: 8 | B19: Ah Kyi War Bin(VT) | C19: 1205 | D19: 581 | E19: 624
A20: 9 | B20: Kyauk Oke(VT) | C20: 367 | D20: 172 | E20: 195
A21: 10 | B21: Kun Ze(VT) | C21: 212 | D21: 110 | E21: 102
A22: 11 | B22: Ngar Sin(VT) | C22: 230 | D22: 113 | E22: 117
A23: 12 | B23: Tin Chaung(VT) | C23: 457 | D23: 208 | E23: 249
... A82: 71 | B82: Ti(VT) | C82: 177 | D82: 80 | E82: 97

Sheet Saw
A1: Magway Region, Gangaw District, Saw Township
E2: 29-3-2014
A4: Sr | B4: Ward/Village Tract | C4: Population
C5: Total | D5: Male | E5: Female
B6: Total | C6: 35832 | D6: 17209 | E6: 18623
B8: Ward | C8: =SUM(C9:C10) -> 4862 | D8: =SUM(D9:D10) -> 2226 | E8: =SUM(E9:E10) -> 2636
A9: 1 | B9: Thi Ri(W) | C9: 2734 | D9: 1256 | E9: 1478
A10: 2 | B10: Zay Yar(W) | C10: 2128 | D10: 970 | E10: 1158
B11: Village Tract | C11: =SUM(C12:C45) -> 30970 | D11: =SUM(D12:D45) -> 14983 | E11: =SUM(E12:E45) -> 15987
A12: 1 | B12: Khwin Chaung(VT) | C12: 956 | D12: 466 | E12: 490
A13: 2 | B13: Thee Kone(VT) | C13: 1905 | D13: 906 | E13: 999
A14: 3 | B14: Lel Yin(VT) | C14: 377 | D14: 183 | E14: 194
A15: 4 | B15: Ah Nyar Ka Tin(VT) | C15: 1540 | D15: 727 | E15: 813
A16: 5 | B16: Kan Chaung(VT) | C16: 1270 | D16: 591 | E16: 679
A17: 6 | B17: Let Mun(VT) | C17: 731 | D17: 337 | E17: 394
A18: 7 | B18: Hnget Chaung(VT) | C18: 1554 | D18: 723 | E18: 831
A19: 8 | B19: Nyaung Gan(VT) | C19: 804 | D19: 399 | E19: 405
A20: 9 | B20: Tha Lel(VT) | C20: 1225 | D20: 626 | E20: 599
A21: 10 | B21: Kyin Lein(VT) | C21: 1800 | D21: 864 | E21: 936
A22: 11 | B22: Yaw Let Pan(VT) | C22: 855 | D22: 426 | E22: 429
A23: 12 | B23: Kya Khat(VT) | C23: 1418 | D23: 657 | E23: 761
... A45: 34 | B45: Kyun Taw(VT) | C45: 721 | D45: 365 | E45: 356

Sheet Kyaukhtu(Sub-Tsp)
A1: Magway Region, Gangaw District, Kyaukhtu(Sub-Township)
E2: 29-3-2014
A4: Sr | B4: Ward/Village Tract | C4: Population
C5: Total | D5: Male | E5: Female
B6: Total | C6: 32865 | D6: 15337 | E6: 17528
B8: Ward | C8: =SUM(C9:C11) -> 4611 | D8: =SUM(D9:D11) -> 2164 | E8: =SUM(E9:E11) -> 2447
A9: 1 | B9: Myo Ma(W) | C9: 2381 | D9: 1090 | E9: 1291
A10: 2 | B10: Gon Bo(W) | C10: 1216 | D10: 592 | E10: 624
A11: 3 | B11: Lay Yin Kwin(W) | C11: 1014 | D11: 482 | E11: 532
B12: Village Tract | C12: =SUM(C13:C41) -> 28254 | D12: =SUM(D13:D41) -> 13173 | E12: =SUM(E13:E41) -> 15081
A13: 1 | B13: San(VT) | C13: 918 | D13: 428 | E13: 490
A14: 2 | B14: Tay(VT) | C14: 1102 | D14: 477 | E14: 625
A15: 3 | B15: Pan San(VT) | C15: 1004 | D15: 479 | E15: 525
A16: 4 | B16: Nwar Thoe(VT) | C16: 930 | D16: 421 | E16: 509
A17: 5 | B17: Ywar Thar(VT) | C17: 1106 | D17: 502 | E17: 604
A18: 6 | B18: Mi Ae(VT) | C18: 809 | D18: 394 | E18: 415
A19: 7 | B19: Hnaw(VT) | C19: 1002 | D19: 479 | E19: 523
A20: 8 | B20: Kyee(VT) | C20: 1975 | D20: 903 | E20: 1072
A21: 9 | B21: Pein Hne(VT) | C21: 1636 | D21: 809 | E21: 827
A22: 10 | B22: Ah Nyar Pan Pa Lun(VT) | C22: 551 | D22: 260 | E22: 291
A23: 11 | B23: Ta Pyin(VT) | C23: 1246 | D23: 595 | E23: 651
A24: 12 | B24: Pin Taung(VT) | C24: 1008 | D24: 484 | E24: 524
... A41: 29 | B41: Yae Shin(VT) | C41: 503 | D41: 234 | E41: 269

Sheet Sheet2
