Workbook

Sheet list of township
A1: List of Township
A2: 1 | B2: =Sittway!A1 -> Rakhine State,Sittway District,Sittway Township
A3: 2 | B3: =Ponnagyun!A1 -> Rakhine State,Sittway District,Ponnagyun Township
A4: 3 | B4: =Pauktaw!A1 -> Rakhine State,Sittway District,Pauktaw Township
A5: 4 | B5: =Yathedaung!A1 -> Rakhine State,Sittway District,Yathedaung Township
A6: 5 | B6: ='Mauk U'!A1 -> Rakhine State, Mauk U District, Mauk U Township
A7: 6 | B7: =Kyauktaw!A1 -> Rakhine State, Mauk U District, Kyauktaw Township
A8: 7 | B8: =Minbya!A1 -> Rakhine State, Mauk U District, Minbya Township
A9: 8 | B9: =Myebon!A1 -> Rakhine State, Mauk U District, Myebon Township
A10: 9 | B10: =Maungtaw!A1 -> Rakhine State, Maungtaw District, Maungtaw Township
A11: 10 | B11: =Buthidaung!A1 -> Rakhine State, Maungtaw District, Buthidaung Township
A12: 11 | B12: ='Taungpyolatwe(Sub-Tsp)'!A1 -> Rakhine State, Maungtaw District, Taungpyolatwe (Sub-Township)
A13: 12 | B13: =Kyaukpyu!A1 -> Rakhine State, Kyaukpyu District, Kyaukpyu Township
A14: 13 | B14: =Mannaung!A1 -> Rakhine State, Kyaukpyu District, Mannaung Township
A15: 14 | B15: =Yanbye!A1 -> Rakhine State, Kyaukpyu District, Yanbye Township
A16: 15 | B16: =An!A1 -> Rakhine State, Kyaukpyu District, An Township
A17: 16 | B17: =Thandwe!A1 -> Rakhine State, Thandwe District, Thandwe Township
A18: 17 | B18: =Taungup!A2 -> Rakhine State, Thandwe District, Taungup Township
A19: 18 | B19: =Gwa!A1 -> Rakhine State, Thandwe District, GwaTownship
A20: 19 | B20: ='Maei(Sub-Tsp)'!A1 -> Rakhine State, Thandwe District, Maei (Sub- Township)
A21: 20 | B21: ='Kyeintali(Sub-Tsp)'!A1 -> Rakhine State, Thandwe District, Kyeintali (Sub- Township)

Sheet Sittway
A1: Rakhine State,Sittway District,Sittway Township
E2: 29-3-2014
A4: Sr | B4: Ward/Village Tract | C4: Population
C5: Total | D5: Male | E5: Female
B6: Total | C6: 147899 | D6: 70470 | E6: 77429
B8: Ward | C8: =SUM(C9:C40) -> 100748 | D8: =SUM(D9:D40) -> 47880 | E8: =SUM(E9:E40) -> 52868
A9: 1 | B9: Kyay Pin Gyi(W) | C9: 2672 | D9: 1166 | E9: 1506
A10: 2 | B10: Maw Leik(W) | C10: 2305 | D10: 987 | E10: 1318
A11: 3 | B11: Oe Dan(W) | C11: 914 | D11: 391 | E11: 523
A12: 4 | B12: Mi Zan(W) | C12: 1421 | D12: 626 | E12: 795
A13: 5 | B13: Ru Pa (South)(W) | C13: 1042 | D13: 484 | E13: 558
A14: 6 | B14: Ru Pa(North)(W) | C14: 1566 | D14: 676 | E14: 890
A15: 7 | B15: Myo Thu Gyi(W) | C15: 1857 | D15: 820 | E15: 1037
A16: 8 | B16: Ta Yar Thee Su(W) | C16: 1171 | D16: 542 | E16: 629
A17: 9 | B17: Lan Ma Taw(South)(W) | C17: 3346 | D17: 1540 | E17: 1806
A18: 10 | B18: Lan Ma Taw(North)(W) | C18: 2371 | D18: 1082 | E18: 1289
A19: 11 | B19: Shwe Pyar(W) | C19: 1422 | D19: 633 | E19: 789
A20: 12 | B20: Sin Ku Lan(W) | C20: 4990 | D20: 2270 | E20: 2720
... A40: 32 | B40: Min Gan(W) | C40: 12054 | D40: 5714 | E40: 6340
B42: Village Tract | C42: =SUM(C43:C69) -> 47151 | D42: =SUM(D43:D69) -> 22590 | E42: =SUM(E43:E69) -> 24561
A43: 1 | B43: Maung Ni Pyin(VT) | C43: 3068 | D43: 1560 | E43: 1508
A44: 2 | B44: Thin Pone Tan(VT) | C44: 1910 | D44: 893 | E44: 1017
A45: 3 | B45: Chaung Nwe(VT) | C45: 2323 | D45: 1109 | E45: 1214
A46: 4 | B46: Kyet Taw Pyin(VT) | C46: 909 | D46: 404 | E46: 505
A47: 5 | B47: Aung Daing(VT) | C47: 2327 | D47: 1067 | E47: 1260
A48: 6 | B48: Gant Gaw Kyun(VT) | C48: 2096 | D48: 977 | E48: 1119
A49: 7 | B49: Kyay Taw(VT) | C49: 4124 | D49: 1925 | E49: 2199
A50: 8 | B50: Ywar Thit Kay(VT) | C50: 1358 | D50: 598 | E50: 760
A51: 9 | B51: Nar Yi Kan(VT) | C51: 3416 | D51: 1738 | E51: 1678
A52: 10 | B52: Say Tha Mar(VT) | C52: 227 | D52: 113 | E52: 114
A53: 11 | B53: Zaw Pu Gyar(VT) | C53: 319 | D53: 151 | E53: 168
A54: 12 | B54: Kha Tin Paik(VT) | C54: 1240 | D54: 583 | E54: 657
... A69: 27 | B69: Bu May(VT) | C69: 1153 | D69: 530 | E69: 623

Sheet Ponnagyun
A1: Rakhine State,Sittway District,Ponnagyun Township
E2: 29-3-2014
A4: Sr | B4: Ward/Village Tract | C4: Population
C5: Total | D5: Male | E5: Female
B6: Total | C6: =C8+C14 -> 129753 | D6: =D8+D14 -> 59979 | E6: =E8+E14 -> 69774
B8: Ward | C8: =SUM(C9:C12) -> 12691 | D8: =SUM(D9:D12) -> 5912 | E8: =SUM(E9:E12) -> 6779
A9: 1 | B9: San Pya(W) | C9: 7106 | D9: 3291 | E9: 3815
A10: 2 | B10: Myo Thit(W) | C10: 1414 | D10: 600 | E10: 814
A11: 3 | B11: Ah Lel Su(W) | C11: 666 | D11: 359 | E11: 307
A12: 4 | B12: Ywar Haung(W) | C12: 3505 | D12: 1662 | E12: 1843
B14: Village Tract | C14: =SUM(C15:C106) -> 117062 | D14: =SUM(D15:D106) -> 54067 | E14: =SUM(E15:E106) -> 62995
A15: 1 | B15: Ah Htet Thin Pone Tan(VT) | C15: 1651 | D15: 857 | E15: 794
A16: 2 | B16: Hpar Pway(VT) | C16: 1547 | D16: 755 | E16: 792
A17: 3 | B17: Aw Ra Ma(VT) | C17: 998 | D17: 483 | E17: 515
A18: 4 | B18: Sin Thi Pein Hne Taw(VT) | C18: 2501 | D18: 1208 | E18: 1293
A19: 5 | B19: Thet Kyaing Taung(VT) | C19: 1556 | D19: 739 | E19: 817
A20: 6 | B20: U Yin Thar(VT) | C20: 747 | D20: 382 | E20: 365
A21: 7 | B21: Dat Pa(VT) | C21: 1112 | D21: 526 | E21: 586
A22: 8 | B22: Pyaing Taung(VT) | C22: 1082 | D22: 494 | E22: 588
A23: 9 | B23: Poe Shi Pyin(VT) | C23: 4931 | D23: 2404 | E23: 2527
A24: 10 | B24: Ya Hat Taung(VT) | C24: 746 | D24: 350 | E24: 396
A25: 11 | B25: Gant Gar (Rakhine)(VT) | C25: 1086 | D25: 525 | E25: 561
A26: 12 | B26: Kyet Sin Ta Lin(VT) | C26: 460 | D26: 208 | E26: 252
... A106: 92 | B106: Kha Maung Taw(VT) | C106: 1279 | D106: 571 | E106: 708

Sheet Pauktaw
A1: Rakhine State,Sittway District,Pauktaw Township
E2: 29-3-2014
A4: Sr | B4: Ward/Village Tract | C4: Population
C5: Total | D5: Male | E5: Female
B6: Total | C6: 145957 | D6: 68195 | E6: 77762
B8: Ward | C8: =SUM(C9:C13) -> 12714 | D8: =SUM(D9:D13) -> 5946 | E8: =SUM(E9:E13) -> 6768
A9: 1 | B9: Ah Nauk Paing(W) | C9: 3444 | D9: 1674 | E9: 1770
A10: 2 | B10: Ah Le Paing(W) | C10: 1219 | D10: 484 | E10: 735
A11: 3 | B11: Ah Shey Paing(W) | C11: 3235 | D11: 1547 | E11: 1688
A12: 4 | B12: Ba Wan Chaung Wa Su(W) | C12: 2939 | D12: 1395 | E12: 1544
A13: 5 | B13: Ba Wan Chaung Hpyar Su(W) | C13: 1877 | D13: 846 | E13: 1031
B15: Village Tract | C15: =SUM(C16:C68) -> 133243 | D15: =SUM(D16:D68) -> 62249 | E15: =SUM(E16:E68) -> 70994
A16: 1 | B16: Nat Taung Pyin(VT) | C16: 1919 | D16: 869 | E16: 1050
A17: 2 | B17: Ywar Chaung Gyi(VT) | C17: 1483 | D17: 689 | E17: 794
A18: 3 | B18: Nga Khu Yae(VT) | C18: 3341 | D18: 1550 | E18: 1791
A19: 4 | B19: Tha Yet Cho(VT) | C19: 1299 | D19: 578 | E19: 721
A20: 5 | B20: Nga Khu Chaung(VT) | C20: 2378 | D20: 1097 | E20: 1281
A21: 6 | B21: Saing Toke(VT) | C21: 1034 | D21: 495 | E21: 539
A22: 7 | B22: Thar Zay(VT) | C22: 2918 | D22: 1382 | E22: 1536
A23: 8 | B23: Gyin Dway(VT) | C23: 786 | D23: 368 | E23: 418
A24: 9 | B24: Pyun Khaung(VT) | C24: 1302 | D24: 618 | E24: 684
A25: 10 | B25: Chaung Zauk(Chaung Zauk Chaung)(VT) | C25: 1244 | D25: 570 | E25: 674
A26: 11 | B26: Thit Poke(VT) | C26: 2030 | D26: 961 | E26: 1069
A27: 12 | B27: Pon Nar Gyi(VT) | C27: 2275 | D27: 1067 | E27: 1208
... A68: 53 | B68: Chaung Wa(VT) | C68: 2675 | D68: 1251 | E68: 1424

Sheet Yathedaung
A1: Rakhine State,Sittway District,Yathedaung Township
E2: 29-3-2014
A4: Sr | B4: Ward/Village Tract | C4: Population
C5: Total | D5: Male | E5: Female
B6: Total | C6: =C8+C14 -> 111974 | D6: =D8+D14 -> 50026 | E6: =E8+E14 -> 61948
B8: Ward | C8: =SUM(C9:C12) -> 7511 | D8: =SUM(D9:D12) -> 3409 | E8: =SUM(E9:E12) -> 4102
A9: 1 | B9: Taung Yin(W) | C9: 1753 | D9: 827 | E9: 926
A10: 2 | B10: Chaung Wa(W) | C10: 760 | D10: 333 | E10: 427
A11: 3 | B11: Ah Shey (North)(W) | C11: 2324 | D11: 1057 | E11: 1267
A12: 4 | B12: Ah Shey Taung(W) | C12: 2674 | D12: 1192 | E12: 1482
B14: Village Tract | C14: =SUM(C15:C100) -> 104463 | D14: =SUM(D15:D100) -> 46617 | E14: =SUM(E15:E100) -> 57846
A15: 1 | B15: Thein Taung(VT) | C15: 1546 | D15: 718 | E15: 828
A16: 2 | B16: Hpet Leik(VT) | C16: 361 | D16: 187 | E16: 174
A17: 3 | B17: Kyein Tan(VT) | C17: 1032 | D17: 450 | E17: 582
A18: 4 | B18: Pyin Shey (Sa Hpo Kyun)(VT) | C18: 1728 | D18: 765 | E18: 963
A19: 5 | B19: Zay Di Pyin(VT) | C19: 2969 | D19: 1343 | E19: 1626
A20: 6 | B20: Chut Pyin(VT) | C20: 417 | D20: 179 | E20: 238
A21: 7 | B21: Ah Htet Nan Yar(VT) | C21: 836 | D21: 379 | E21: 457
A22: 8 | B22: Pauk Pin Yin(VT) | C22: 137 | D22: 66 | E22: 71
A23: 9 | B23: Kyaung Taung(VT) | C23: 1128 | D23: 510 | E23: 618
A24: 10 | B24: Gwa Son(VT) | C24: 649 | D24: 297 | E24: 352
A25: 11 | B25: Ka Nyin Chaung(VT) | C25: 557 | D25: 224 | E25: 333
A26: 12 | B26: Kyun Paw(VT) | C26: 548 | D26: 236 | E26: 312
... A100: 86 | B100: Zee Kaing(VT) | C100: 1365 | D100: 548 | E100: 817

Sheet Mauk U
A1: Rakhine State, Mauk U District, Mauk U Township
E2: 29-3-2014
A4: Sr | B4: Ward/Village Tract | C4: Population
C5: Total | D5: Male | E5: Female
B6: Total | C6: =C8+C17 -> 189630 | D6: =D8+D17 -> 87674 | E6: =E8+E17 -> 101956
B8: Ward | C8: =SUM(C9:C15) -> 36139 | D8: =SUM(D9:D15) -> 16836 | E8: =SUM(E9:E15) -> 19303
A9: 1 | B9: Nyaung Pin Zay(W) | C9: 3208 | D9: 1517 | E9: 1691
A10: 2 | B10: Let Kauk Zay(W) | C10: 5027 | D10: 2335 | E10: 2692
A11: 3 | B11: Ah Lel Zay(W) | C11: 5951 | D11: 2807 | E11: 3144
A12: 4 | B12: Taung Yat(W) | C12: 2548 | D12: 1106 | E12: 1442
A13: 5 | B13: Aung Tat(W) | C13: 12001 | D13: 5605 | E13: 6396
A14: 6 | B14: Law Ka Mu(W) | C14: 4660 | D14: 2127 | E14: 2533
A15: 7 | B15: Htan Ma Rit(W) | C15: 2744 | D15: 1339 | E15: 1405
B17: Village Tract | C17: =SUM(C18:C110) -> 153491 | D17: =SUM(D18:D110) -> 70838 | E17: =SUM(E18:E110) -> 82653
A18: 1 | B18: Ywar Haung Taw(VT) | C18: 3240 | D18: 1636 | E18: 1604
A19: 2 | B19: Ku Lar Ka(VT) | C19: 1832 | D19: 817 | E19: 1015
A20: 3 | B20: Pu Zun Hpe(VT) | C20: 823 | D20: 360 | E20: 463
A21: 4 | B21: Pu Rein(VT) | C21: 779 | D21: 373 | E21: 406
A22: 5 | B22: Myet Yaik Kyun(VT) | C22: 2417 | D22: 1123 | E22: 1294
A23: 6 | B23: Sin Oe(VT) | C23: 4538 | D23: 2155 | E23: 2383
A24: 7 | B24: Gone Kyun(VT) | C24: 6702 | D24: 3116 | E24: 3586
A25: 8 | B25: Byoke Chaung(VT) | C25: 2420 | D25: 1103 | E25: 1317
A26: 9 | B26: Maw(VT) | C26: 2802 | D26: 1288 | E26: 1514
A27: 10 | B27: Lay Hnyin Taung(VT) | C27: 1644 | D27: 722 | E27: 922
A28: 11 | B28: Cheik Chaung(VT) | C28: 2083 | D28: 1008 | E28: 1075
A29: 12 | B29: Sin Ke(VT) | C29: 2046 | D29: 1008 | E29: 1038
... A110: 93 | B110: Shwe Kyin Pyin(VT) | C110: 1444 | D110: 603 | E110: 841

Sheet Kyauktaw
A1: Rakhine State, Mauk U District, Kyauktaw Township
E2: 29-3-2014
A4: Sr | B4: Ward/Village Tract | C4: Population
C5: Total | D5: Male | E5: Female
B6: Total | C6: =C8+C15 -> 173100 | D6: =D8+D15 -> 78041 | E6: =E8+E15 -> 95059
B8: Ward | C8: =SUM(C9:C13) -> 19492 | D8: =SUM(D9:D13) -> 8745 | E8: =SUM(E9:E13) -> 10747
A9: 1 | B9: Shan Ywar(W) | C9: 4010 | D9: 1849 | E9: 2161
A10: 2 | B10: Myo Thit(W) | C10: 6518 | D10: 2918 | E10: 3600
A11: 3 | B11: Kyauk Taw(W) | C11: 1709 | D11: 727 | E11: 982
A12: 4 | B12: Pyi Taw Thar(W) | C12: 5104 | D12: 2280 | E12: 2824
A13: 5 | B13: Paik Thei(W) | C13: 2151 | D13: 971 | E13: 1180
B15: Village Tract | C15: =SUM(C16:C93) -> 153608 | D15: =SUM(D16:D93) -> 69296 | E15: =SUM(E16:E93) -> 84312
A16: 1 | B16: Tha Lu Chaung(VT) | C16: 4499 | D16: 2219 | E16: 2280
A17: 2 | B17: Sa Par Seik(VT) | C17: 1650 | D17: 834 | E17: 816
A18: 3 | B18: Than Hmyar(VT) | C18: 1961 | D18: 948 | E18: 1013
A19: 4 | B19: Mee Wa(VT) | C19: 1740 | D19: 803 | E19: 937
A20: 5 | B20: Mun Htaunt(VT) | C20: 897 | D20: 402 | E20: 495
A21: 6 | B21: Laung Shey(VT) | C21: 2465 | D21: 1144 | E21: 1321
A22: 7 | B22: Kyin Gyi(VT) | C22: 2261 | D22: 1042 | E22: 1219
A23: 8 | B23: Taung Mu Zi(VT) | C23: 3246 | D23: 1491 | E23: 1755
A24: 9 | B24: Tha Pauk Kan(VT) | C24: 602 | D24: 288 | E24: 314
A25: 10 | B25: Wea Gyi Daunt(VT) | C25: 1860 | D25: 841 | E25: 1019
A26: 11 | B26: Aung Ya(VT) | C26: 1293 | D26: 608 | E26: 685
A27: 12 | B27: Ma Tin Hmaing Chaung(VT) | C27: 1235 | D27: 602 | E27: 633
... A93: 78 | B93: Gaw Yaw Ma Ni(VT) | C93: 628 | D93: 278 | E93: 350

Sheet Minbya
A1: Rakhine State, Mauk U District, Minbya Township
E2: 29-3-2014
A4: Sr | B4: Ward/Village Tract | C4: Population
C5: Total | D5: Male | E5: Female
B6: Total | C6: =C8+C13 -> 169208 | D6: =D8+D13 -> 78875 | E6: =E8+E13 -> 90333
B8: Ward | C8: =SUM(C9:C11) -> 22944 | D8: =SUM(D9:D11) -> 10656 | E8: =SUM(E9:E11) -> 12288
A9: 1 | B9: Zay Haung Paing(W) | C9: 9356 | D9: 4363 | E9: 4993
A10: 2 | B10: Ah Lel Paing(W) | C10: 5000 | D10: 2291 | E10: 2709
A11: 3 | B11: Auk Ywar Paing(W) | C11: 8588 | D11: 4002 | E11: 4586
B13: Village Tract | C13: =SUM(C14:C75) -> 146264 | D13: =SUM(D14:D75) -> 68219 | E13: =SUM(E14:E75) -> 78045
A14: 1 | B14: Kin Seik(VT) | C14: 3837 | D14: 1760 | E14: 2077
A15: 2 | B15: Ywar Pyin(VT) | C15: 1003 | D15: 463 | E15: 540
A16: 3 | B16: Chaik Taung(VT) | C16: 748 | D16: 349 | E16: 399
A17: 4 | B17: Taung Poet Gyi(VT) | C17: 2684 | D17: 1243 | E17: 1441
A18: 5 | B18: Pan Zin Maw(VT) | C18: 1065 | D18: 492 | E18: 573
A19: 6 | B19: Thein Taung(VT) | C19: 772 | D19: 362 | E19: 410
A20: 7 | B20: Nga/Wai(VT) | C20: 2103 | D20: 966 | E20: 1137
A21: 8 | B21: Bar Bu Taung(VT) | C21: 3137 | D21: 1422 | E21: 1715
A22: 9 | B22: San Bar Lay(VT) | C22: 3557 | D22: 1664 | E22: 1893
A23: 10 | B23: Na Yan(VT) | C23: 2141 | D23: 982 | E23: 1159
A24: 11 | B24: Pwint Htee(VT) | C24: 1069 | D24: 473 | E24: 596
A25: 12 | B25: Than Shin(VT) | C25: 2221 | D25: 997 | E25: 1224
... A75: 62 | B75: Pale Pauk(VT) | C75: 1217 | D75: 529 | E75: 688

Sheet Myebon
A1: Rakhine State, Mauk U District, Myebon Township
E2: 29-3-2014
A4: Sr | B4: Ward/Village Tract | C4: Population
C5: Total | D5: Male | E5: Female
B6: Total | C6: 137193 | D6: 65359 | E6: 71834
B8: Ward | C8: =SUM(C9:C17) -> 11566 | D8: =SUM(D9:D17) -> 5387 | E8: =SUM(E9:E17) -> 6179
A9: 1 | B9: Ku Lar Taung(W) | C9: 3161 | D9: 1535 | E9: 1626
A10: 2 | B10: Kan Thar Htwet Wa(W) | C10: 1353 | D10: 640 | E10: 713
A11: 3 | B11: Myay Pon Myauk Paing(W) | C11: 1286 | D11: 638 | E11: 648
A12: 4 | B12: Myay Pon Taung Paing(W) | C12: 839 | D12: 368 | E12: 471
A13: 5 | B13: Myay Pon Ah Lel Paing(W) | C13: 624 | D13: 255 | E13: 369
A14: 6 | B14: Zay Paing(W) | C14: 316 | D14: 131 | E14: 185
A15: 7 | B15: Ta Yoke Tan(W) | C15: 630 | D15: 273 | E15: 357
A16: 8 | B16: Thea Tan(W) | C16: 2124 | D16: 972 | E16: 1152
A17: 9 | B17: Ywar Thit Kay(W) | C17: 1233 | D17: 575 | E17: 658
B19: Village Tract | C19: =SUM(C20:C70) -> 125627 | D19: =SUM(D20:D70) -> 59972 | E19: =SUM(E20:E70) -> 65655
A20: 1 | B20: Ah Ngu(VT) | C20: 3181 | D20: 1466 | E20: 1715
A21: 2 | B21: Ah Lel Kyun(VT) | C21: 987 | D21: 467 | E21: 520
A22: 3 | B22: Ah Twin Nga Khu Chaung(VT) | C22: 1423 | D22: 670 | E22: 753
A23: 4 | B23: Pyayt Chaung(VT) | C23: 4671 | D23: 2208 | E23: 2463
A24: 5 | B24: Chaung Kya(VT) | C24: 984 | D24: 437 | E24: 547
A25: 6 | B25: Chon Chaung(VT) | C25: 1329 | D25: 683 | E25: 646
A26: 7 | B26: Daing Bon(VT) | C26: 3491 | D26: 1642 | E26: 1849
A27: 8 | B27: Gaung Hpyu(VT) | C27: 5733 | D27: 2625 | E27: 3108
A28: 9 | B28: Kyet Yae Gyi(VT) | C28: 2747 | D28: 1234 | E28: 1513
A29: 10 | B29: Kyauk pya Lar(VT) | C29: 1211 | D29: 564 | E29: 647
A30: 11 | B30: Kha Yan Pyin(VT) | C30: 636 | D30: 286 | E30: 350
A31: 12 | B31: Kyauk Nga Nwar(VT) | C31: 561 | D31: 255 | E31: 306
... A70: 51 | B70: Yae Gaung Chein(VT) | C70: 4262 | D70: 2037 | E70: 2225

Sheet Maungtaw
A1: Rakhine State, Maungtaw District, Maungtaw Township
E2: 29-3-2014
A4: Sr | B4: Ward/Village Tract | C4: Population
C5: Total | D5: Male | E5: Female
B6: Total | C6: 38199 | D6: 19778 | E6: 18421
B8: Ward | C8: =SUM(C9:C14) -> 11742 | D8: =SUM(D9:D14) -> 5847 | E8: =SUM(E9:E14) -> 5895
A9: 1 | B9: Myo Ma(West)(W) | C9: 1542 | D9: 753 | E9: 789
A10: 2 | B10: Myo Ma(South)(W) | C10: 798 | D10: 435 | E10: 363
A11: 3 | B11: Myo Ma(North)(W) | C11: 1905 | D11: 859 | E11: 1046
A12: 4 | B12: Myo Ma(East)(W) | C12: 3872 | D12: 1814 | E12: 2058
A13: 5 | B13: Ywar Thit Kay(W) | C13: 16 | D13: 9 | E13: 7
A14: 6 | B14: Lay Maing(W) | C14: 3609 | D14: 1977 | E14: 1632
B16: Village Tract | C16: =SUM(C17:C72) -> 26457 | D16: =SUM(D17:D72) -> 13931 | E16: =SUM(E17:E72) -> 12526
A17: 1 | B17: In Tu Lar(VT) | C17: 453 | D17: 243 | E17: 210
A18: 2 | B18: Tat Chaung(VT) | C18: 1500 | D18: 723 | E18: 777
A19: 3 | B19: Kar Lar Day Hpet(VT) | C19: 674 | D19: 337 | E19: 337
A20: 4 | B20: Ye Aung San Ya Bway(VT) | C20: 325 | D20: 147 | E20: 178
A21: 5 | B21: Kyaung Na Hpay(VT) | C21: 70 | D21: 36 | E21: 34
A22: 6 | B22: Aung zan(VT) | C22: 335 | D22: 178 | E22: 157
A23: 7 | B23: Kha Maung Seik(VT) | C23: 608 | D23: 312 | E23: 296
A24: 8 | B24: Nga Yant Chaung(VT) | C24: 312 | D24: 189 | E24: 123
A25: 9 | B25: ThitToneNar GwaSon(VT) | C25: 1989 | D25: 1024 | E25: 965
A26: 10 | B26: Nan Yar Kaing(VT) | C26: 506 | D26: 253 | E26: 253
A27: 11 | B27: Ta Man Thar(VT) | C27: 926 | D27: 469 | E27: 457
A28: 12 | B28: Thet Kaing Nyar(VT) | C28: 119 | D28: 59 | E28: 60
... A72: 56 | B72: AungZayYa(NyeinChanYay)(VT) | C72: 130 | D72: 61 | E72: 69

Sheet Buthidaung
A1: Rakhine State, Maungtaw District, Buthidaung Township
E2: 29-3-2014
A4: Sr | B4: Ward/Village Tract | C4: Population
C5: Total | D5: Male | E5: Female
B6: Total | C6: 55545 | D6: 27718 | E6: 27827
B8: Ward | C8: =SUM(C9:C15) -> 9712 | D8: =SUM(D9:D15) -> 4345 | E8: =SUM(E9:E15) -> 5367
A9: 1 | B9: Ah Nauk(W) | C9: 56 | D9: 41 | E9: 15
A10: 2 | B10: Myo Ma(W) | C10: 1356 | D10: 604 | E10: 752
A11: 3 | B11: Myo Thit(W) | C11: 1130 | D11: 492 | E11: 638
A12: 4 | B12: Tha Pyay Kone(W) | C12: 2415 | D12: 1105 | E12: 1310
A13: 5 | B13: Taung(W) | C13: 3037 | D13: 1337 | E13: 1700
A14: 6 | B14: Myo Thit (South)(W) | C14: 631 | D14: 290 | E14: 341
A15: 7 | B15: Mee Ya Htar Seik(W) | C15: 1087 | D15: 476 | E15: 611
B17: Village Tract | C17: =SUM(C18:C83) -> 45833 | D17: =SUM(D18:D83) -> 23373 | E17: =SUM(E18:E83) -> 22460
A18: 1 | B18: Ba Da Kar(VT) | C18: 1478 | D18: 754 | E18: 724
A19: 2 | B19: Kyaung Taung(VT) | C19: 530 | D19: 286 | E19: 244
A20: 3 | B20: Tin May(VT) | C20: 531 | D20: 277 | E20: 254
A21: 4 | B21: Goke Pi(VT) | C21: 953 | D21: 454 | E21: 499
A22: 5 | B22: Kyun Pauk(VT) | C22: 590 | D22: 301 | E22: 289
A23: 6 | B23: MyaukYe(a)PanBe Chaung(VT) | C23: 1179 | D23: 579 | E23: 600
A24: 7 | B24: Zee Hton(VT) | C24: 597 | D24: 280 | E24: 317
A25: 8 | B25: Ba Da Nar(VT) | C25: 983 | D25: 465 | E25: 518
A26: 9 | B26: Laung Chaung(VT) | C26: 1719 | D26: 811 | E26: 908
A27: 10 | B27: Tat Min Chaung(VT) | C27: 1269 | D27: 720 | E27: 549
A28: 11 | B28: Nga Kyin Tauk(VT) | C28: 1182 | D28: 648 | E28: 534
A29: 12 | B29: MeeChaung Khaung Swea(VT) | C29: 718 | D29: 360 | E29: 358
... A83: 66 | B83: Nga Hlan Pyin(VT) | C83: 413 | D83: 197 | E83: 216

Sheet Taungpyolatwe(Sub-Tsp)
A1: Rakhine State, Maungtaw District, Taungpyolatwe (Sub-Township)
E2: 29-3-2014
A4: Sr | B4: Ward/Village Tract | C4: Population
C5: Total | D5: Male | E5: Female
B6: Total | C6: 2586 | D6: 1320 | E6: 1266
B8: Ward | C8: =SUM(C9:C12) -> 727 | D8: =SUM(D9:D12) -> 387 | E8: =SUM(E9:E12) -> 340
A9: 1 | B9: No(1)(W) | C9: 176 | D9: 91 | E9: 85
A10: 2 | B10: No(2)(W) | C10: 209 | D10: 104 | E10: 105
A11: 3 | B11: No(3)(W) | C11: 90 | D11: 58 | E11: 32
A12: 4 | B12: No(4)(W) | C12: 252 | D12: 134 | E12: 118
B14: Village Tract | C14: =SUM(C15:C20) -> 1859 | D14: =SUM(D15:D20) -> 933 | E14: =SUM(E15:E20) -> 926
A15: 1 | B15: Mee Taik(VT) | C15: 745 | D15: 384 | E15: 361
A16: 2 | B16: Kun Thee Pin(VT) | C16: 212 | D16: 100 | E16: 112
A17: 3 | B17: Thea Chaung(VT) | C17: 800 | D17: 395 | E17: 405
A18: 4 | B18: Leik Ya(VT) | C18: 67 | D18: 38 | E18: 29
A19: 5 | B19: Zee Pin Chaung(VT) | C19: 20 | D19: 12 | E19: 8
A20: 6 | B20: Kyun Pauk Pyu Su(VT) | C20: 15 | D20: 4 | E20: 11

Sheet Kyaukpyu
A1: Rakhine State, Kyaukpyu District, Kyaukpyu Township
E2: 29-3-2014
A4: Sr | B4: Ward/Village Tract | C4: Population
C5: Total | D5: Male | E5: Female
B6: Total | C6: 165352 | D6: 78762 | E6: 86590
B8: Ward | C8: =SUM(C9:C18) -> 20866 | D8: =SUM(D9:D18) -> 10145 | E8: =SUM(E9:E18) -> 10721
A9: 1 | B9: Ah Yar Shi(W) | C9: 4665 | D9: 2132 | E9: 2533
A10: 2 | B10: Ah Soe Ya(W) | C10: 3703 | D10: 2189 | E10: 1514
A11: 3 | B11: Than Pan Chaung(W) | C11: 1333 | D11: 589 | E11: 744
A12: 4 | B12: Ah Nauk Paing(W) | C12: 840 | D12: 376 | E12: 464
A13: 5 | B13: Ah Lel Paing(W) | C13: 851 | D13: 386 | E13: 465
A14: 6 | B14: Ah Shey Paing(W) | C14: 1262 | D14: 598 | E14: 664
A15: 7 | B15: Myit Nar Tan(W) | C15: 1267 | D15: 608 | E15: 659
A16: 8 | B16: Rakhine Paik Seik(W) | C16: 3052 | D16: 1456 | E16: 1596
A17: 9 | B17: Ku Lar Paik Seik(W) | C17: 141 | D17: 63 | E17: 78
A18: 10 | B18: Zay Di (South)(W) | C18: 3752 | D18: 1748 | E18: 2004
B20: Village Tract | C20: =SUM(C21:C74) -> 144486 | D20: =SUM(D21:D74) -> 68617 | E20: =SUM(E21:E74) -> 75869
A21: 1 | B21: Pyin Hpyu Maw(VT) | C21: 1080 | D21: 524 | E21: 556
A22: 2 | B22: Taung Yin(VT) | C22: 13203 | D22: 6238 | E22: 6965
A23: 3 | B23: Thea Tan(VT) | C23: 976 | D23: 509 | E23: 467
A24: 4 | B24: Thea Chaung(VT) | C24: 2868 | D24: 1321 | E24: 1547
A25: 5 | B25: Ma Day Kyun(VT) | C25: 4518 | D25: 2546 | E25: 1972
A26: 6 | B26: Gone Chein(VT) | C26: 6318 | D26: 3387 | E26: 2931
A27: 7 | B27: Ohn Taw(VT) | C27: 2657 | D27: 1224 | E27: 1433
A28: 8 | B28: Kan Dee(VT) | C28: 1081 | D28: 481 | E28: 600
A29: 9 | B29: Chaung Wa(VT) | C29: 2755 | D29: 1272 | E29: 1483
A30: 10 | B30: Min Pyin(VT) | C30: 3331 | D30: 1630 | E30: 1701
A31: 11 | B31: Leik Kha Maw(VT) | C31: 2840 | D31: 1357 | E31: 1483
A32: 12 | B32: Kyauk Pyauk(VT) | C32: 3314 | D32: 1481 | E32: 1833
... A74: 54 | B74: Zin Kyun(VT) | C74: 1638 | D74: 753 | E74: 885

Sheet Mannaung
A1: Rakhine State, Kyaukpyu District, Mannaung Township
E2: 29-3-2014
A4: Sr | B4: Ward/Village Tract | C4: Population
C5: Total | D5: Male | E5: Female
B6: Total | C6: 56966 | D6: 24957 | E6: 32009
B8: Ward | C8: =SUM(C9:C13) -> 5246 | D8: =SUM(D9:D13) -> 2310 | E8: =SUM(E9:E13) -> 2936
A9: 1 | B9: Ah Nauk Su(W) | C9: 1659 | D9: 718 | E9: 941
A10: 2 | B10: Myo Ma(W) | C10: 670 | D10: 269 | E10: 401
A11: 3 | B11: Yan Aung Myin(W) | C11: 969 | D11: 469 | E11: 500
A12: 4 | B12: Myo Thit(W) | C12: 1181 | D12: 510 | E12: 671
A13: 5 | B13: Kan Nar Tan(W) | C13: 767 | D13: 344 | E13: 423
B15: Village Tract | C15: =SUM(C16:C51) -> 51720 | D15: =SUM(D16:D51) -> 22647 | E15: =SUM(E16:E51) -> 29073
A16: 1 | B16: Zee Taw(VT) | C16: 715 | D16: 333 | E16: 382
A17: 2 | B17: Nga Yone Taung(VT) | C17: 1100 | D17: 478 | E17: 622
A18: 3 | B18: Oe Wa(VT) | C18: 1025 | D18: 453 | E18: 572
A19: 4 | B19: Sun Pan Chaung(VT) | C19: 619 | D19: 275 | E19: 344
A20: 5 | B20: Thit Pon(VT) | C20: 3656 | D20: 1556 | E20: 2100
A21: 6 | B21: Hmyaw Taw U(VT) | C21: 2284 | D21: 1020 | E21: 1264
A22: 7 | B22: Thit Wa(VT) | C22: 2204 | D22: 951 | E22: 1253
A23: 8 | B23: Bu Yae Myet(VT) | C23: 1748 | D23: 740 | E23: 1008
A24: 9 | B24: Be Inn(VT) | C24: 1421 | D24: 625 | E24: 796
A25: 10 | B25: Nga/Inn(VT) | C25: 908 | D25: 369 | E25: 539
A26: 11 | B26: Kone Khin(VT) | C26: 1225 | D26: 522 | E26: 703
A27: 12 | B27: Kha Ohn Maw Ywar Ma(VT) | C27: 2248 | D27: 976 | E27: 1272
... A51: 36 | B51: Ye Kyun(VT) | C51: 1870 | D51: 841 | E51: 1029

Sheet Yanbye
A1: Rakhine State, Kyaukpyu District, Yanbye Township
E2: 29-3-2014
A4: Sr | B4: Ward/Village Tract | C4: Population
C5: Total | D5: Male | E5: Female
B6: Total | C6: 97891 | D6: 44766 | E6: 53125
B8: Ward | C8: =SUM(C9:C14) -> 9874 | D8: =SUM(D9:D14) -> 4493 | E8: =SUM(E9:E14) -> 5381
A9: 1 | B9: No(1)(W) | C9: 1620 | D9: 733 | E9: 887
A10: 2 | B10: No(2)(W) | C10: 1357 | D10: 616 | E10: 741
A11: 3 | B11: No(3)(W) | C11: 2195 | D11: 1004 | E11: 1191
A12: 4 | B12: No(4)(W) | C12: 2160 | D12: 958 | E12: 1202
A13: 5 | B13: No(5)(W) | C13: 1609 | D13: 752 | E13: 857
A14: 6 | B14: No(6)(W) | C14: 933 | D14: 430 | E14: 503
B16: Village Tract | C16: =SUM(C17:C67) -> 88017 | D16: =SUM(D17:D67) -> 40273 | E16: =SUM(E17:E67) -> 47744
A17: 1 | B17: Pone Soe Pyin(VT) | C17: 1341 | D17: 549 | E17: 792
A18: 2 | B18: Se Khon(VT) | C18: 1208 | D18: 483 | E18: 725
A19: 3 | B19: Kant Kaw(VT) | C19: 1160 | D19: 479 | E19: 681
A20: 4 | B20: Ah Chwein Pyin(VT) | C20: 1338 | D20: 549 | E20: 789
A21: 5 | B21: Say Yin(VT) | C21: 868 | D21: 431 | E21: 437
A22: 6 | B22: Ywar Pale(VT) | C22: 706 | D22: 275 | E22: 431
A23: 7 | B23: Ah Twin Pyin(VT) | C23: 926 | D23: 426 | E23: 500
A24: 8 | B24: Mi Chaung Tet(VT) | C24: 720 | D24: 283 | E24: 437
A25: 9 | B25: Chaung Hpyar(VT) | C25: 2572 | D25: 1150 | E25: 1422
A26: 10 | B26: Gwa Son(VT) | C26: 1093 | D26: 458 | E26: 635
A27: 11 | B27: Nga/Sa Mi(VT) | C27: 1080 | D27: 437 | E27: 643
A28: 12 | B28: Ywar Gyi(VT) | C28: 1662 | D28: 738 | E28: 924
... A67: 51 | B67: Ma Kyay(VT) | C67: 1379 | D67: 678 | E67: 701

Sheet An
A1: Rakhine State, Kyaukpyu District, An Township
E2: 29-3-2014
A4: Sr | B4: Ward/Village Tract | C4: Population
C5: Total | D5: Male | E5: Female
B6: Total | C6: 119714 | D6: 58823 | E6: 60891
B8: Ward | C8: =SUM(C9:C12) -> 8514 | D8: =SUM(D9:D12) -> 4110 | E8: =SUM(E9:E12) -> 4404
A9: 1 | B9: Myauk Paing(W) | C9: 641 | D9: 284 | E9: 357
A10: 2 | B10: Lay Yin Kwin(Ah Nauk Paing)(W) | C10: 2826 | D10: 1300 | E10: 1526
A11: 3 | B11: Zay(Ah Shey Paing)(W) | C11: 2352 | D11: 1218 | E11: 1134
A12: 4 | B12: Zay Taung(Ah Soe Ya Ah Hmu Htan)(W) | C12: 2695 | D12: 1308 | E12: 1387
B14: Village Tract | C14: =SUM(C15:C43) -> 111200 | D14: =SUM(D15:D43) -> 54713 | E14: =SUM(E15:E43) -> 56487
A15: 1 | B15: Ann Myauk(VT) | C15: 8438 | D15: 4454 | E15: 3984
A16: 2 | B16: Auk(VT) | C16: 2044 | D16: 1029 | E16: 1015
A17: 3 | B17: Ann Taung(VT) | C17: 3774 | D17: 2148 | E17: 1626
A18: 4 | B18: Ge Laung(VT) | C18: 1689 | D18: 825 | E18: 864
A19: 5 | B19: Zu Kaing(VT) | C19: 3758 | D19: 1913 | E19: 1845
A20: 6 | B20: Kin Chay Ywar Gyi(VT) | C20: 1903 | D20: 909 | E20: 994
A21: 7 | B21: Ga Nan Pyin(VT) | C21: 5567 | D21: 2622 | E21: 2945
A22: 8 | B22: Lone Kauk Gyi(VT) | C22: 4817 | D22: 2486 | E22: 2331
A23: 9 | B23: Laung Done Kwin(VT) | C23: 10224 | D23: 4764 | E23: 5460
A24: 10 | B24: Let Khwar Tway(VT) | C24: 1056 | D24: 519 | E24: 537
A25: 11 | B25: Myanmar Boke Chaung(VT) | C25: 1848 | D25: 918 | E25: 930
A26: 12 | B26: Me Let Maung(VT) | C26: 3777 | D26: 1863 | E26: 1914
... A43: 29 | B43: Zin Taw(VT) | C43: 1687 | D43: 785 | E43: 902

Sheet Thandwe
A1: Rakhine State, Thandwe District, Thandwe Township
E2: 29-3-2014
A4: Sr | B4: Ward/Village Tract | C4: Population
C5: Total | D5: Male | E5: Female
B6: Total | C6: 133484 | D6: 65122 | E6: 68362
B8: Ward | C8: =SUM(C9:C15) -> 14327 | D8: =SUM(D9:D15) -> 6731 | E8: =SUM(E9:E15) -> 7596
A9: 1 | B9: No(1)(W) | C9: 2004 | D9: 917 | E9: 1087
A10: 2 | B10: No(2)(W) | C10: 2519 | D10: 1167 | E10: 1352
A11: 3 | B11: No(3)(W) | C11: 1168 | D11: 508 | E11: 660
A12: 4 | B12: No(4)(W) | C12: 3109 | D12: 1644 | E12: 1465
A13: 5 | B13: No(5)(W) | C13: 1918 | D13: 861 | E13: 1057
A14: 6 | B14: No(6)(W) | C14: 2278 | D14: 1045 | E14: 1233
A15: 7 | B15: No(7)(W) | C15: 1331 | D15: 589 | E15: 742
B17: Village Tract | C17: =SUM(C18:C80) -> 119157 | D17: =SUM(D18:D80) -> 58391 | E17: =SUM(E18:E80) -> 60766
A18: 1 | B18: Auk Net Maw(VT) | C18: 1894 | D18: 914 | E18: 980
A19: 2 | B19: Kha Maung Tone(VT) | C19: 1898 | D19: 873 | E19: 1025
A20: 3 | B20: Nat Maw(VT) | C20: 1783 | D20: 858 | E20: 925
A21: 4 | B21: Shwe Hlay(VT) | C21: 2592 | D21: 1213 | E21: 1379
A22: 5 | B22: Hpa Yar Maw(VT) | C22: 1338 | D22: 660 | E22: 678
A23: 6 | B23: Yae Kauk(VT) | C23: 3221 | D23: 1792 | E23: 1429
A24: 7 | B24: Gwayt Chaung(VT) | C24: 2311 | D24: 1115 | E24: 1196
A25: 8 | B25: Pwint Hpyay(VT) | C25: 970 | D25: 494 | E25: 476
A26: 9 | B26: Hmyawt Wan(VT) | C26: 542 | D26: 267 | E26: 275
A27: 10 | B27: Kyet Sar Chaung(VT) | C27: 274 | D27: 126 | E27: 148
A28: 11 | B28: Ah Lel(VT) | C28: 473 | D28: 233 | E28: 240
A29: 12 | B29: Pauk Taung(Kyun Pauk)(VT) | C29: 524 | D29: 253 | E29: 271
... A80: 63 | B80: Let Pan Su(VT) | C80: 235 | D80: 111 | E80: 124

Sheet Taungup
A2: Rakhine State, Thandwe District, Taungup Township
E3: 29-3-2014
A5: Sr | B5: Ward/Village Tract | C5: Population
C6: Total | D6: Male | E6: Female
B7: Total | C7: 114437 | D7: 55673 | E7: 58764
B9: Ward | C9: =SUM(C10:C13) -> 28652 | D9: =SUM(D10:D13) -> 13562 | E9: =SUM(E10:E13) -> 15090
A10: 1 | B10: Thein Taung(W) | C10: 5447 | D10: 2593 | E10: 2854
A11: 2 | B11: Kan Paing(W) | C11: 9758 | D11: 4778 | E11: 4980
A12: 3 | B12: Gu Tar(W) | C12: 8385 | D12: 3856 | E12: 4529
A13: 4 | B13: Chaung Kauk(W) | C13: 5062 | D13: 2335 | E13: 2727
B15: Village Tract | C15: =SUM(C16:C57) -> 85785 | D15: =SUM(D16:D57) -> 42111 | E15: =SUM(E16:E57) -> 43674
A16: 1 | B16: Pauk Pyin(VT) | C16: 944 | D16: 458 | E16: 486
A17: 2 | B17: Ta Ya Ba(VT) | C17: 1390 | D17: 705 | E17: 685
A18: 3 | B18: Kin Taung(VT) | C18: 3195 | D18: 1503 | E18: 1692
A19: 4 | B19: Pa La War(VT) | C19: 985 | D19: 518 | E19: 467
A20: 5 | B20: Ya Hpa Lay(VT) | C20: 425 | D20: 221 | E20: 204
A21: 6 | B21: Tha Hpan Cho(VT) | C21: 615 | D21: 313 | E21: 302
A22: 7 | B22: Pyin Chaung(VT) | C22: 457 | D22: 235 | E22: 222
A23: 8 | B23: Kyet Kaing(VT) | C23: 2248 | D23: 1101 | E23: 1147
A24: 9 | B24: Kyauk Maung Hna Ma(VT) | C24: 742 | D24: 363 | E24: 379
A25: 10 | B25: Nga Lone Maw(VT) | C25: 818 | D25: 404 | E25: 414
A26: 11 | B26: Mee Chaung Lu(VT) | C26: 1159 | D26: 563 | E26: 596
A27: 12 | B27: Ywar Ma(VT) | C27: 7643 | D27: 3565 | E27: 4078
... A57: 42 | B57: Nat Maw(VT) | C57: 2260 | D57: 1046 | E57: 1214

Sheet Gwa
A1: Rakhine State, Thandwe District, GwaTownship
E2: 29-3-2014
A4: Sr | B4: Ward/Village Tract | C4: Population
C5: Total | D5: Male | E5: Female
B6: Total | C6: 42434 | D6: 21158 | E6: 21276
B8: Ward | C8: =SUM(C9:C11) -> 9510 | D8: =SUM(D9:D11) -> 4680 | E8: =SUM(E9:E11) -> 4830
A9: 1 | B9: Kin Yone(W) | C9: 1839 | D9: 938 | E9: 901
A10: 2 | B10: Ywar Ma(W) | C10: 1543 | D10: 723 | E10: 820
A11: 3 | B11: Myo Ma(W) | C11: 6128 | D11: 3019 | E11: 3109
B13: Village Tract | C13: =SUM(C14:C34) -> 32924 | D13: =SUM(D14:D34) -> 16478 | E13: =SUM(E14:E34) -> 16446
A14: 1 | B14: Taing Kyoe(VT) | C14: 2576 | D14: 1244 | E14: 1332
A15: 2 | B15: Sat Thwar(VT) | C15: 3564 | D15: 1739 | E15: 1825
A16: 3 | B16: Sar Chet(VT) | C16: 224 | D16: 106 | E16: 118
A17: 4 | B17: Sin Ku(VT) | C17: 680 | D17: 345 | E17: 335
A18: 5 | B18: Shwe U Kwin(VT) | C18: 1186 | D18: 585 | E18: 601
A19: 6 | B19: Ma Dawt Kyaw(VT) | C19: 588 | D19: 302 | E19: 286
A20: 7 | B20: Zee Kone(VT) | C20: 890 | D20: 424 | E20: 466
A21: 8 | B21: Kin Pon(VT) | C21: 1857 | D21: 918 | E21: 939
A22: 9 | B22: Laung Kyoe(VT) | C22: 1078 | D22: 503 | E22: 575
A23: 10 | B23: Nyaung Chaung(VT) | C23: 987 | D23: 485 | E23: 502
A24: 11 | B24: Shwe Twin Tu(VT) | C24: 693 | D24: 333 | E24: 360
A25: 12 | B25: Tin Taw(VT) | C25: 606 | D25: 315 | E25: 291
... A34: 21 | B34: Da Ni(VT) | C34: 1710 | D34: 903 | E34: 807

Sheet Maei(Sub-Tsp)
A1: Rakhine State, Thandwe District, Maei (Sub- Township)
E2: 29-3-2014
A4: Sr | B4: Ward/Village Tract | C4: Population
C5: Total | D5: Male | E5: Female
B6: Total | C6: 43904 | D6: 21584 | E6: 22320
B8: Ward | C8: =SUM(C9:C12) -> 5435 | D8: =SUM(D9:D12) -> 2655 | E8: =SUM(E9:E12) -> 2780
A9: 1 | B9: No(1)(W) | C9: 1389 | D9: 681 | E9: 708
A10: 2 | B10: No(2)(W) | C10: 1418 | D10: 697 | E10: 721
A11: 3 | B11: No(3)(W) | C11: 562 | D11: 302 | E11: 260
A12: 4 | B12: No(4)(W) | C12: 2066 | D12: 975 | E12: 1091
B14: Village Tract | C14: =SUM(C15:C24) -> 38469 | D14: =SUM(D15:D24) -> 18929 | E14: =SUM(E15:E24) -> 19540
A15: 1 | B15: Tha Dun(VT) | C15: 1474 | D15: 727 | E15: 747
A16: 2 | B16: Chet Hpauk(VT) | C16: 1787 | D16: 883 | E16: 904
A17: 3 | B17: Kyauk Wai(VT) | C17: 2346 | D17: 1169 | E17: 1177
A18: 4 | B18: Kyaw Kaing(VT) | C18: 2724 | D18: 1297 | E18: 1427
A19: 5 | B19: La Mu Maw(VT) | C19: 9128 | D19: 4424 | E19: 4704
A20: 6 | B20: Pa Dar(VT) | C20: 4406 | D20: 2181 | E20: 2225
A21: 7 | B21: Sar Pyin(VT) | C21: 7435 | D21: 3663 | E21: 3772
A22: 8 | B22: Za Ni(VT) | C22: 2177 | D22: 1082 | E22: 1095
A23: 9 | B23: Let Pan(VT) | C23: 1888 | D23: 933 | E23: 955
A24: 10 | B24: Sin Tin Gyi Hpyu(VT) | C24: 5104 | D24: 2570 | E24: 2534

Sheet Kyeintali(Sub-Tsp)
A1: Rakhine State, Thandwe District, Kyeintali (Sub- Township)
E2: 29-3-2014
A4: Sr | B4: Ward/Village Tract | C4: Population
C5: Total | D5: Male | E5: Female
B6: Total | C6: 23581 | D6: 11422 | E6: 12159
B8: Ward | C8: =SUM(C9:C11) -> 5878 | D8: =SUM(D9:D11) -> 2821 | E8: =SUM(E9:E11) -> 3057
A9: 1 | B9: No(1)(W) | C9: 1781 | D9: 844 | E9: 937
A10: 2 | B10: No(2)(W) | C10: 3117 | D10: 1523 | E10: 1594
A11: 3 | B11: No(3)(W) | C11: 980 | D11: 454 | E11: 526
B13: Village Tract | C13: =SUM(C14:C25) -> 17703 | D13: =SUM(D14:D25) -> 8601 | E13: =SUM(E14:E25) -> 9102
A14: 1 | B14: Shauk Kone(VT) | C14: 2026 | D14: 983 | E14: 1043
A15: 2 | B15: Zay Di Kwin(VT) | C15: 987 | D15: 491 | E15: 496
A16: 3 | B16: Thea Kone(VT) | C16: 785 | D16: 392 | E16: 393
A17: 4 | B17: Taung Pat Lel(VT) | C17: 1611 | D17: 795 | E17: 816
A18: 5 | B18: Pone Hnyet(VT) | C18: 1320 | D18: 664 | E18: 656
A19: 6 | B19: Kyin Gyi(VT) | C19: 1539 | D19: 751 | E19: 788
A20: 7 | B20: Yae Kyaw(VT) | C20: 1379 | D20: 638 | E20: 741
A21: 8 | B21: Gant Gaw Taung(VT) | C21: 1260 | D21: 609 | E21: 651
A22: 9 | B22: Kaing Khon(Ta Khun Taing)(VT) | C22: 781 | D22: 361 | E22: 420
A23: 10 | B23: Ba Win(Let Pan Khon)(VT) | C23: 1436 | D23: 725 | E23: 711
A24: 11 | B24: Kyway Chaing(VT) | C24: 2743 | D24: 1343 | E24: 1400
A25: 12 | B25: Ka Lar Pyin/Ya Da Nar Myaing(VT) | C25: 1836 | D25: 849 | E25: 987

Sheet Sheet2
