Workbook

Sheet List of Township
A1: List of Township
A2: 1 | B2: =Tatkon!A1 -> Nay Pyi Taw (Council),Ottara District, Tatkon Township
A3: 2 | B3: =Zeyarthiri!A1 -> Nay Pyi Taw (Council),Ottara District, Zeyarthiri Township
A4: 3 | B4: =Ottarathiri!A1 -> Nay Pyi Taw (Council),Ottara District, Ottarathiri Township
A5: 4 | B5: =Pobbathiri!A1 -> Nay Pyi Taw (Council),Ottara District, Pobbathiri Township
A6: 5 | B6: =Pyinmana!A1 -> Nay Pyi Taw (Council), Dekkhina District, Pyinmana Township
A7: 6 | B7: =Lewe!A1 -> Nay Pyi Taw (Council), Dekkhina District, Lewe Township
A8: 7 | B8: =Zebuthiri!A1 -> Nay Pyi Taw (Council), Dekkhina District, Zabuthiri Township
A9: 8 | B9: =Dekkhinathiri!A1 -> Nay Pyi Taw (Council), Dekkhina District, Dekkhinathiri Township

Sheet Tatkon
A1: Nay Pyi Taw (Council),Ottara District, Tatkon Township
E2: 29-3-2014
A4: Sr | B4: Ward/Village Tract | C4: Population
C5: Total | D5: Male | E5: Female
B6: Total | C6: 217093 | D6: 103715 | E6: 113378
B8: Ward | C8: =SUM(C9:C14) -> 41683 | D8: =SUM(D9:D14) -> 19609 | E8: =SUM(E9:E14) -> 22074
A9: 1 | B9: Ba Yint Naung(W) | C9: 7613 | D9: 3543 | E9: 4070
A10: 2 | B10: Aung Zay Ya(W) | C10: 3697 | D10: 1717 | E10: 1980
A11: 3 | B11: Mya Wa Di(W) | C11: 7984 | D11: 3613 | E11: 4371
A12: 4 | B12: Bo Min Yaung(W) | C12: 5909 | D12: 2820 | E12: 3089
A13: 5 | B13: Sa Yar San(W) | C13: 8145 | D13: 3868 | E13: 4277
A14: 6 | B14: Ah Naw Ra Htar(W) | C14: 8335 | D14: 4048 | E14: 4287
B15: Village Tract | C15: =SUM(C16:C65) -> 175410 | D15: =SUM(D16:D65) -> 84106 | E15: =SUM(E16:E65) -> 91304
A16: 1 | B16: Kin Thar(VT) | C16: 5245 | D16: 3168 | E16: 2077
A17: 2 | B17: Kha Yan Sat Kone(VT) | C17: 6310 | D17: 2991 | E17: 3319
A18: 3 | B18: Htone Bo(VT) | C18: 3149 | D18: 1485 | E18: 1664
A19: 4 | B19: Byaing Inn(VT) | C19: 3307 | D19: 1644 | E19: 1663
A20: 5 | B20: Shauk Kone(VT) | C20: 4564 | D20: 2151 | E20: 2413
A21: 6 | B21: Kyar Thay Aing(VT) | C21: 3805 | D21: 1768 | E21: 2037
A22: 7 | B22: Kan Gyi(VT) | C22: 5641 | D22: 2953 | E22: 2688
A23: 8 | B23: Kyauk Sa Yit Kone(VT) | C23: 1815 | D23: 864 | E23: 951
A24: 9 | B24: Te Myint(VT) | C24: 4391 | D24: 2043 | E24: 2348
A25: 10 | B25: Nyaung Kaing(VT) | C25: 3662 | D25: 1694 | E25: 1968
A26: 11 | B26: Ma Gyi Kone(VT) | C26: 1475 | D26: 692 | E26: 783
A27: 12 | B27: Aung Myay Yeik Thar(VT) | C27: 3626 | D27: 1771 | E27: 1855
... A65: 50 | B65: Forest EA | C65: 2740 | D65: 1353 | E65: 1387

Sheet Zeyarthiri
A1: Nay Pyi Taw (Council),Ottara District, Zeyarthiri Township
E2: 29-3-2014
A4: Sr | B4: Ward/Village Tract | C4: Population
C5: Total | D5: Male | E5: Female
B6: Total | C6: 111293 | D6: 55642 | E6: 55651
B8: Ward | C8: =SUM(C9:C12) -> 35106 | D8: =SUM(D9:D12) -> 18864 | E8: =SUM(E9:E12) -> 16242
A9: 1 | B9: Kyan Sit Thar(W) | C9: 9145 | D9: 5143 | E9: 4002
A10: 2 | B10: Ah Naw Ra Htar(W) | C10: 17998 | D10: 9730 | E10: 8268
A11: 3 | B11: Pyi San Aung(W) | C11: 5440 | D11: 2791 | E11: 2649
A12: 4 | B12: Aung Zay Ya(W) | C12: 2523 | D12: 1200 | E12: 1323
B13: Village Tract | C13: =SUM(C14:C26) -> 76187 | D13: =SUM(D14:D26) -> 36778 | E13: =SUM(E14:E26) -> 39409
A14: 1 | B14: Kyauk Chet East(VT) | C14: 6027 | D14: 2871 | E14: 3156
A15: 2 | B15: Kyun Yaung(VT) | C15: 7077 | D15: 3392 | E15: 3685
A16: 3 | B16: Thar Si(VT) | C16: 2032 | D16: 979 | E16: 1053
A17: 4 | B17: Ma Au Taw(VT) | C17: 4818 | D17: 2331 | E17: 2487
A18: 5 | B18: Yae Sin(VT) | C18: 14038 | D18: 6380 | E18: 7658
A19: 6 | B19: Thit Tat(VT) | C19: 3792 | D19: 1876 | E19: 1916
A20: 7 | B20: Thet Hnin Inn(VT) | C20: 1081 | D20: 538 | E20: 543
A21: 8 | B21: Kyi Taung(VT) | C21: 12804 | D21: 6268 | E21: 6536
A22: 9 | B22: Khit Aye(VT) | C22: 7857 | D22: 3911 | E22: 3946
A23: 10 | B23: Nan Aw(VT) | C23: 6645 | D23: 3356 | E23: 3289
A24: 11 | B24: Kyauk Hpyar(VT) | C24: 926 | D24: 461 | E24: 465
A25: 12 | B25: Si Pin Gyi(VT) | C25: 5537 | D25: 2693 | E25: 2844
A26: 13 | B26: Thar Yar Kone(VT) | C26: 3553 | D26: 1722 | E26: 1831

Sheet Ottarathiri
A1: Nay Pyi Taw (Council),Ottara District, Ottarathiri Township
E2: 29-3-2014
A4: Sr | B4: Ward/Village Tract | C4: Population
C5: Total | D5: Male | E5: Female
B6: Total | C6: 81620 | D6: 41309 | E6: 40311
B8: Ward | C8: =SUM(C9:C10) -> 23955 | D8: =SUM(D9:D10) -> 12459 | E8: =SUM(E9:E10) -> 11496
A9: 1 | B9: Oke Ta Ra Thi Ri(W) | C9: 16154 | D9: 8567 | E9: 7587
A10: 2 | B10: Shwe Nant Thar(W) | C10: 7801 | D10: 3892 | E10: 3909
B11: Village Tract | C11: =SUM(C12:C19) -> 57665 | D11: =SUM(D12:D19) -> 28850 | E11: =SUM(E12:E19) -> 28815
A12: 1 | B12: Za Laung(VT) | C12: 6572 | D12: 3320 | E12: 3252
A13: 2 | B13: Taung Nyo(VT) | C13: 11794 | D13: 5959 | E13: 5835
A14: 3 | B14: Moe Swe(VT) | C14: 8123 | D14: 4244 | E14: 3879
A15: 4 | B15: Maung Yan(VT) | C15: 5830 | D15: 2868 | E15: 2962
A16: 5 | B16: Min Kone(VT) | C16: 12551 | D16: 6244 | E16: 6307
A17: 6 | B17: Tat Shaine(VT) | C17: 3023 | D17: 1433 | E17: 1590
A18: 7 | B18: Tha Yet Taw(VT) | C18: 7522 | D18: 3661 | E18: 3861
A19: 8 | B19: Hpa Yar Taung(VT) | C19: 2250 | D19: 1121 | E19: 1129

Sheet Pobbathiri
A1: Nay Pyi Taw (Council),Ottara District, Pobbathiri Township
E2: 29-3-2014
A4: Sr | B4: Ward/Village Tract | C4: Population
C5: Total | D5: Male | E5: Female
B6: Total | C6: 116491 | D6: 57326 | E6: 59165
B8: Ward | C8: =SUM(C9:C27) -> 44437 | D8: =SUM(D9:D27) -> 22018 | E8: =SUM(E9:E27) -> 22419
A9: 1 | B9: Ba Yint Naung(W) | C9: 11120 | D9: 6002 | E9: 5118
A10: 2 | B10: Aung Thar Yar(W) | C10: 4755 | D10: 2255 | E10: 2500
A11: 3 | B11: Min Ga Lar Di Pa(W) | C11: 5420 | D11: 2696 | E11: 2724
A12: 4 | B12: Wunna Di Pa (W) | C12: 1710 | D12: 842 | E12: 868
A13: 5 | B13: Thu Kha Di Pa (W) | C13: 885 | D13: 435 | E13: 450
A14: 6 | B14: Za Wa Na Di Pa(W) | C14: 3001 | D14: 1445 | E14: 1556
A15: 7 | B15: Ya Da Nar Di Pa(W) | C15: 686 | D15: 314 | E15: 372
A16: 8 | B16: Zay Yar Di Pa(W) | C16: 223 | D16: 119 | E16: 104
A17: 9 | B17: Shin Phyu Shin(W) | C17: 1977 | D17: 961 | E17: 1016
A18: 10 | B18: Na Wa Day(W) | C18: 1935 | D18: 913 | E18: 1022
A19: 11 | B19: Ta Pin Shwe Htee(W) | C19: 3546 | D19: 1726 | E19: 1820
A20: 12 | B20: Kyi Taung Kan/No.(1)(Myo Thit)(W) | C20: 2865 | D20: 1329 | E20: 1536
... A27: 19 | B27: Hotel Zone | C27: 254 | D27: 150 | E27: 104
B28: Village Tract | C28: =SUM(C29:C46) -> 72054 | D28: =SUM(D29:D46) -> 35308 | E28: =SUM(E29:E46) -> 36746
A29: 1 | B29: Aye Myint Thar Yar(VT) | C29: 6342 | D29: 3171 | E29: 3171
A30: 2 | B30: Kyi Taung Kan(VT) | C30: 5269 | D30: 2570 | E30: 2699
A31: 3 | B31: Ywar Taw(VT) | C31: 7326 | D31: 3455 | E31: 3871
A32: 4 | B32: Thit Yar Kone(VT) | C32: 3257 | D32: 1581 | E32: 1676
A33: 5 | B33: Tha Pay Kone(VT) | C33: 7826 | D33: 3864 | E33: 3962
A34: 6 | B34: Tha Pyay Tan(VT) | C34: 2660 | D34: 1278 | E34: 1382
A35: 7 | B35: Nyaung Pin Gyi Su(VT) | C35: 4377 | D35: 2087 | E35: 2290
A36: 8 | B36: Pu Zun Seik(VT) | C36: 4308 | D36: 2022 | E36: 2286
A37: 9 | B37: Hpyoke Khwe(VT) | C37: 5724 | D37: 2887 | E37: 2837
A38: 10 | B38: Wea Gyi(VT) | C38: 2959 | D38: 1430 | E38: 1529
A39: 11 | B39: Nyaung Lu(VT) | C39: 5039 | D39: 2616 | E39: 2423
A40: 12 | B40: Lel Yar(VT) | C40: 2482 | D40: 1224 | E40: 1258
... A46: 18 | B46: Tha Pyay San(VT) | C46: 1643 | D46: 822 | E46: 821

Sheet Pyinmana
A1: Nay Pyi Taw (Council), Dekkhina District, Pyinmana Township
E2: 29-3-2014
A4: Sr | B4: Ward/Village Tract | C4: Population
C5: Total | D5: Male | E5: Female
B6: Total | C6: 187565 | D6: 90731 | E6: 96834
B8: Ward | C8: =SUM(C9:C14) -> 72010 | D8: =SUM(D9:D14) -> 34214 | E8: =SUM(E9:E14) -> 37796
A9: 1 | B9: Ywar Kauk(W) | C9: 30293 | D9: 14489 | E9: 15804
A10: 2 | B10: Yan Aung(1)(W) | C10: 8000 | D10: 3630 | E10: 4370
A11: 3 | B11: Yan Aung(2)(W) | C11: 13943 | D11: 6694 | E11: 7249
A12: 4 | B12: Shwe Chi(W) | C12: 10081 | D12: 4604 | E12: 5477
A13: 5 | B13: Min Ga Lar(W) | C13: 6324 | D13: 2939 | E13: 3385
A14: 6 | B14: Baw Ga Wa Ti(W) | C14: 3369 | D14: 1858 | E14: 1511
B15: Village Tract | C15: =SUM(C16:C45) -> 115555 | D15: =SUM(D16:D45) -> 56517 | E15: =SUM(E16:E45) -> 59038
A16: 1 | B16: Kin Pun Tan(VT) | C16: 10620 | D16: 5111 | E16: 5509
A17: 2 | B17: Kan U(VT) | C17: 5651 | D17: 2676 | E17: 2975
A18: 3 | B18: Ku Toet Seik(VT) | C18: 7048 | D18: 3474 | E18: 3574
A19: 4 | B19: Kyee Inn(VT) | C19: 1995 | D19: 988 | E19: 1007
A20: 5 | B20: Nga Kaung Kan(VT) | C20: 2348 | D20: 1113 | E20: 1235
A21: 6 | B21: Kyun Oo(VT) | C21: 1701 | D21: 816 | E21: 885
A22: 7 | B22: Sin Thay(VT) | C22: 4657 | D22: 2191 | E22: 2466
A23: 8 | B23: Zee Hpyu Pin(VT) | C23: 4532 | D23: 2232 | E23: 2300
A24: 9 | B24: Nyaung Pin Thar(VT) | C24: 3026 | D24: 1476 | E24: 1550
A25: 10 | B25: Taung Thar(VT) | C25: 13570 | D25: 6386 | E25: 7184
A26: 11 | B26: Hnan Taw(VT) | C26: 861 | D26: 392 | E26: 469
A27: 12 | B27: Nat Thu Ye(VT) | C27: 5549 | D27: 2602 | E27: 2947
... A45: 30 | B45: Tha Kyar Set(VT) | C45: 1838 | D45: 854 | E45: 984

Sheet Lewe
A1: Nay Pyi Taw (Council), Dekkhina District, Lewe Township
E2: 29-3-2014
A4: Sr | B4: Ward/Village Tract | C4: Population
C5: Total | D5: Male | E5: Female
B6: Total | C6: =C8+C15 -> 284393 | D6: =D8+D15 -> 138135 | E6: =E8+E15 -> 146258
B8: Ward | C8: =SUM(C9:C14) -> 30208 | D8: =SUM(D9:D14) -> 14498 | E8: =SUM(E9:E14) -> 15710
A9: 1 | B9: No(1)(W) | C9: 5259 | D9: 2481 | E9: 2778
A10: 2 | B10: No(2)(W) | C10: 4357 | D10: 2146 | E10: 2211
A11: 3 | B11: No(3)(W) | C11: 4913 | D11: 2278 | E11: 2635
A12: 4 | B12: No(4)(W) | C12: 2903 | D12: 1340 | E12: 1563
A13: 5 | B13: No(5)(W) | C13: 3292 | D13: 1543 | E13: 1749
A14: 6 | B14: No(6)(W) | C14: 9484 | D14: 4710 | E14: 4774
B15: Village Tract | C15: =SUM(C16:C74) -> 254185 | D15: =SUM(D16:D74) -> 123637 | E15: =SUM(E16:E74) -> 130548
A16: 1 | B16: Kyoet Pin(VT) | C16: 878 | D16: 409 | E16: 469
A17: 2 | B17: Ku Tha Peik(VT) | C17: 3942 | D17: 1883 | E17: 2059
A18: 3 | B18: Kan Thar(VT) | C18: 6607 | D18: 3165 | E18: 3442
A19: 4 | B19: Kya Thaung Taung(VT) | C19: 4611 | D19: 2259 | E19: 2352
A20: 5 | B20: Kyaung Yae(VT) | C20: 3069 | D20: 1447 | E20: 1622
A21: 6 | B21: Kyoet Kone(VT) | C21: 3803 | D21: 1900 | E21: 1903
A22: 7 | B22: Kyauk Ta Lone Kyaung Su(VT) | C22: 2410 | D22: 1204 | E22: 1206
A23: 8 | B23: Kone Thar(VT) | C23: 5393 | D23: 2742 | E23: 2651
A24: 9 | B24: Pyan Chi(VT) | C24: 3243 | D24: 1554 | E24: 1689
A25: 10 | B25: Yae Kar(VT) | C25: 4511 | D25: 2144 | E25: 2367
A26: 11 | B26: Chaung Kyoe(VT) | C26: 1507 | D26: 719 | E26: 788
A27: 12 | B27: Chaung Gwa(VT) | C27: 4544 | D27: 2272 | E27: 2272
... A74: 59 | B74: Oke Shit Hlaing(VT) | C74: 6595 | D74: 3258 | E74: 3337

Sheet Zebuthiri
A1: Nay Pyi Taw (Council), Dekkhina District, Zabuthiri Township
E2: 29-3-2014
A4: Sr | B4: Ward/Village Tract | C4: Population
C5: Total | D5: Male | E5: Female
B6: Total | C6: 110459 | D6: 51247 | E6: 59212
B8: Ward | C8: =SUM(C9:C21) -> 104596 | D8: =SUM(D9:D21) -> 48415 | E8: =SUM(E9:E21) -> 56181
A9: 1 | B9: Zay Ya Theik Di(W) | C9: 4973 | D9: 2966 | E9: 2007
A10: 2 | B10: Pyin Nyar Theik Di(W) | C10: 6872 | D10: 3180 | E10: 3692
A11: 3 | B11: Min Ga Lar Theik Di(W) | C11: 7409 | D11: 3320 | E11: 4089
A12: 4 | B12: Baw Ga Theik Di(W) | C12: 14125 | D12: 4311 | E12: 9814
A13: 5 | B13: Tha Pyay Kone(W) | C13: 9154 | D13: 4742 | E13: 4412
A14: 6 | B14: Wun Na Theik Di(W) | C14: 7421 | D14: 3918 | E14: 3503
A15: 7 | B15: Thu Kha Theik Di(W) | C15: 6803 | D15: 3222 | E15: 3581
A16: 8 | B16: Nyar Na Theik Di(W) | C16: 7136 | D16: 3140 | E16: 3996
A17: 9 | B17: Ba La Theik Di(W) | C17: 6913 | D17: 3099 | E17: 3814
A18: 10 | B18: Dha Na Theik Di(W) | C18: 6415 | D18: 2878 | E18: 3537
A19: 11 | B19: Shwe Kyar Pin(W) | C19: 13140 | D19: 6553 | E19: 6587
A20: 12 | B20: Aung Zabu(W) | C20: 13263 | D20: 6635 | E20: 6628
A21: 13 | B21: MYANMAR DIPLOMATIC MISSIONS | C21: 972 | D21: 451 | E21: 521
B22: Village Tract | C22: =SUM(C23:C24) -> 5863 | D22: =SUM(D23:D24) -> 2832 | E22: =SUM(E23:E24) -> 3031
A23: 1 | B23: Te Gyi Kone(VT) | C23: 3476 | D23: 1721 | E23: 1755
A24: 2 | B24: Ah Lyin Lo(VT) | C24: 2387 | D24: 1111 | E24: 1276

Sheet Dekkhinathiri
A1: Nay Pyi Taw (Council), Dekkhina District, Dekkhinathiri Township
E2: 29-3-2014
A4: Sr | B4: Ward/Village Tract | C4: Population
C5: Total | D5: Male | E5: Female
B6: Total | C6: 51328 | D6: 27050 | E6: 24278
B8: Ward | C8: =SUM(C9:C10) -> 23194 | D8: =SUM(D9:D10) -> 12950 | E8: =SUM(E9:E10) -> 10244
A9: 1 | B9: Det Khi Na Thi Ri(W) | C9: 20528 | D9: 11622 | E9: 8906
A10: 2 | B10: Shwe In Kyinn(W) | C10: 2666 | D10: 1328 | E10: 1338
B11: Village Tract | C11: =SUM(C12:C19) -> 28134 | D11: =SUM(D12:D19) -> 14100 | E11: =SUM(E12:E19) -> 14034
A12: 1 | B12: Kyar Pin(VT) | C12: 3144 | D12: 1729 | E12: 1415
A13: 2 | B13: Kyun Ta Peit(VT) | C13: 1524 | D13: 782 | E13: 742
A14: 3 | B14: Yan Aung Myin(VT) | C14: 3819 | D14: 1840 | E14: 1979
A15: 4 | B15: Doe Nwe(VT) | C15: 5600 | D15: 2819 | E15: 2781
A16: 5 | B16: Ku Hnit Lone Se Su(VT) | C16: 4143 | D16: 2071 | E16: 2072
A17: 6 | B17: Shwe Khe Inn(VT) | C17: 4217 | D17: 2143 | E17: 2074
A18: 7 | B18: Chine(VT) | C18: 2796 | D18: 1356 | E18: 1440
A19: 8 | B19: Ywar Ma(VT) | C19: 2891 | D19: 1360 | E19: 1531

Sheet Sheet2

Sheet Sheet3
